question,answer
How can I reset my student portal password?,"Use the official IUB student portal's password recovery option. Follow the verification instructions. If the problem continues, contact the IUB IT Help Desk."
I forgot my IUB portal password. How can I recover it?,"Visit the student portal login page and click on the 'Forgot Password' link. Follow the instructions to verify your identity. If you face any issues, please contact the IUB IT Help Desk."
I can't remember my student portal password.,"You can reset your password by using the 'Forgot Password' feature on the IUB student portal login page. After verification, you can set a new password. For further assistance, reach out to the IUB IT Help Desk."
My IUB portal password isn't working. What should I do?,"First, ensure you are entering the correct username and password. If you still cannot log in, use the 'Forgot Password' option to reset it. If the problem persists, contact the IUB IT Help Desk."
How can I change my university portal password?,"Log in to your IUB student portal, go to the account settings or profile section, and look for the option to change your password. Follow the on-screen instructions to update it."
I am locked out of my student account. How can I regain access?,"Your account may be locked after multiple failed login attempts. Please wait for a few minutes or use the 'Forgot Password' option. For immediate help, please contact the IUB IT Help Desk."
Where can I find the IUB student portal login page?,"The IUB student portal can be accessed through the official university website, usually under a 'Student Portal' or 'Online Services' link. Always ensure you are on the official IUB website."
How do I log in to the IUB-LMS?,"Go to the official IUB-LMS website. Enter your student ID and the password you use for the student portal. If you have login issues, check the IUB-LMS support page or contact the IT Help Desk."
I can't log in to my IUB-LMS account. What should I do?,"First, verify your student ID and password. If you have forgotten your password, reset it via the student portal, as the LMS uses the same credentials. For further technical support, contact the IUB IT Help Desk."
My IUB-LMS is not showing my registered courses.,"New course registrations may take some time to appear in the IUB-LMS. Check your registration status in the student portal. If the courses are missing for more than 24 hours, contact your academic department or the IUB IT Help Desk."
How do I access my university email account?,You can access your official IUB email account through the university's student portal or by visiting the dedicated email portal. Your login credentials are typically provided upon admission. Check the IUB website for the exact URL.
I forgot my university email password.,"Use the password recovery option on the university email login page. If you are unable to recover it, contact the IUB IT Help Desk to have your email password reset."
How can I apply for undergraduate admission at IUB?,Visit the official IUB website and navigate to the admissions section. You will find the online application portal and details about the application procedure for undergraduate programs. Read all instructions carefully before applying.
What are the requirements for BA admission?,The requirements for BA admission vary by program and are subject to change each year. Please visit the official IUB admissions portal or the relevant department's webpage for the most current and accurate requirements.
When do admissions open for the next session?,The opening of admissions for the next session is announced on the official IUB website and in newspapers. Check the 'Admissions' section of the university website regularly for the latest updates and announcements.
What is the last date to apply for admission?,Application deadlines are different for each program and are announced with the admission advertisement. Please check the official IUB admissions portal or the latest admission notice for the exact deadline.
How do I check my admission merit list?,Merit lists are uploaded on the official IUB website under the admissions section. You will need your application number or CNIC to view your result. Check the specific portal for your program.
Where can I view the entry test schedule?,The schedule for entry tests is announced on the IUB website and through the official admission office. Please keep checking the admissions page or your student portal for the test schedule and updates.
Is there an entry test for the English department?,Whether a department requires an entry test is decided by the university and the department. Please check the specific admission criteria for the English department on the IUB website or contact the department directly.
How do I apply for a PhD program at IUB?,"Visit the IUB website and go to the admissions section for graduate and PhD programs. The online application will require you to upload your research proposal, academic documents, and other necessary information."
What documents are required for the admission form?,"The specific documents required depend on the program. Generally, you will need your educational certificates, CNIC/B-Form, passport-sized photographs, and a character certificate. Always check the official admission checklist for your specific program."
Can I submit my admission form after the deadline?,The university strictly follows deadlines for admission forms. Late applications are generally not accepted. Check the official admission policy on the IUB website for any possible exceptions or guidance.
How can I check my admission status?,"You can check your admission status by logging into the online admissions portal on the IUB website. The status may show as 'Submitted', 'In Process', 'Selected', or 'Rejected'. Official results will also be published on the website."
I am confused about the application procedure.,"The application procedure is clearly outlined in the 'How to Apply' section on the official IUB admissions portal. Please read the instructions there carefully. For further clarification, you can contact the Directorate of Admissions."
What are the eligibility criteria for a Master's program?,Eligibility criteria for Master's programs are specific to each department and are published in the university prospectus or on the IUB website. The criteria usually require a relevant Bachelor's degree with a minimum CGPA.
How many programs does IUB offer?,"The Islamia University of Bahawalpur offers a wide range of undergraduate, graduate, and postgraduate programs across various faculties. For a complete and up-to-date list of all degree programs, please refer to the official IUB website."
How can I see the list of courses for my program?,You can find the list of courses for your program in your department's website or the official university prospectus. The course outline is also usually available on your IUB-LMS account.
What is the procedure for course registration?,Course registration is typically done online via the student portal during the specified registration period. You will select your courses for the semester and submit the form. Check your student portal for the exact dates and guidelines.
Can I add or drop a course after registration?,"There is a specific 'Add/Drop' period announced on the academic calendar. During this time, you can add or drop courses through your student portal without a penalty. After this period, changes may not be permitted."
How do I withdraw from a course?,"To withdraw from a course, you must submit a 'Course Withdrawal' form to the registrar's office within the specified deadline. A 'W' grade will appear on your transcript. Late withdrawals are generally not accepted."
What does a 'W' grade on my transcript mean?,A 'W' grade stands for 'Withdrawal'. It indicates that you officially dropped a course after the add/drop period but before the withdrawal deadline. It does not affect your GPA but may have financial implications.
Who is my academic advisor?,"Your academic advisor is usually a faculty member from your department. You can find your advisor's name in your student portal, on your department's website, or by asking at the department office."
How can I contact my academic advisor?,You can contact your academic advisor via their university email address or by visiting them during their office hours. The office hours are typically listed on the department website or notice board.
What is the academic calendar for this semester?,"The official academic calendar is available on the IUB website. It contains important dates including the start of classes, exam schedules, holidays, and registration deadlines. Always refer to this calendar for the most accurate information."
Where can I find my exam schedule?,"Your exam schedule is announced and published on the official IUB website and your student portal. You can also check the notice board of your department. The schedule includes the date, time, and venue for each exam."
What happens if I miss a paper?,"If you miss an exam due to an unforeseen emergency, you must immediately inform your department and the controller of examinations office. A make-up exam may be allowed at the discretion of the university if a valid reason is provided."
How do I get my exam rechecked or re-evaluated?,"To request a recheck or re-evaluation of your exam paper, submit a formal application to the Controller of Examinations office within the prescribed time frame after the results are announced. A fee may be required."
Can I appeal my exam grade?,"Yes, you have the right to appeal your exam grade. The procedure typically involves submitting a written appeal to your department and the Controller of Examinations. Check the university policy for the specific grade appeal process."
When will the exam results be announced?,The dates for exam result announcements vary by faculty and semester. The university announces results on its official website and student portal. Keep checking the exam section on the IUB website for the latest updates.
Where can I see my semester result?,You can view your semester result by logging into your student portal. The official result is also published on the IUB website and the departmental notice boards. Your transcript will be available for download after official announcement.
What is the passing percentage for a course?,The passing percentage or grade for a course is determined by the university and is mentioned in the course outline or syllabus. The minimum grade required to pass a course is typically a 'C' or equivalent.
What happens if I fail a course?,"If you fail a course, you will need to repeat it the next time it is offered. The failed grade will be included in your CGPA calculation, but your transcript will show both the failed grade and the repeat grade."
How is my CGPA calculated?,Your CGPA is the cumulative grade point average of all your courses. It is calculated by dividing the total credit hours by the total grade points earned. The exact formula is explained in the university academic regulations.
What is academic probation?,"Academic probation is a warning given to a student whose CGPA falls below the minimum required standard, typically 2.0. You will be on probation for a semester. If you fail to improve your CGPA, further action may be taken."
How can I get a scholarship?,"Scholarships at IUB are awarded based on merit and financial need. Check the official IUB website or the Financial Aid Office for information on available scholarships, their criteria, and the application process."
When is the fee submission deadline?,Fee submission deadlines vary by semester and are announced on the student portal and the university website. You will receive a notice on your student portal as well. Always pay by the deadline to avoid a late fee or financial hold.
How do I pay my semester fee?,You can pay your semester fee by generating a challan from your student portal. The challan can be paid at designated bank branches. Online payment methods may also be available. Check the portal for the latest instructions.
I paid my fee but my account still shows a financial hold. What should I do?,"Financial holds can take a few days to clear after payment. Please keep your challan receipt as proof. If the hold is not lifted within a week, contact the Treasurer's office with your payment receipt for assistance."
What is a fee challan and how do I get it?,A fee challan is a bank payment form. You can download and print it from your student portal under the fee section. You must take this challan to a designated bank to submit your fee.
How can I request a fee refund?,"If you are eligible for a fee refund, you must submit a formal application to the Treasurer's office. The refund policy is detailed in the university rules. Contact the accounts office for the specific procedure."
Does IUB have fee installments?,Information about fee installments is not always available. Please check the official IUB website or contact the treasurer's office for the current policy on installments or payment plans for tuition fees.
I want to apply for a hostel. What is the procedure?,Hostel admissions are announced and processed online through the student portal. You must fill out an application during the specified hostel admission period. The allocation is usually based on merit and availability.
How are hostel rooms allocated?,Hostel room allocation is typically done by the Directorate of Students Affairs. It is often based on the student's academic merit and distance from their home. The allocation list is displayed on the hostel notice boards and website.
What are the hostel rules and regulations?,"Hostel rules are designed to ensure the safety and discipline of all residents. These rules cover timings, guest policy, room usage, and conduct. You can read the complete set of rules in the hostel handbook provided upon admission."
How do I report a hostel maintenance issue?,"You can report a maintenance issue (e.g., broken fan, plumbing) to the hostel warden or the maintenance office in your hostel. Some hostels may also have an online complaint system. Fill out the complaint form with the details."
Where do I file a hostel complaint?,"You can file a complaint with the hostel warden or the Directorate of Students Affairs. Provide a clear written description of your complaint. If it is about facilities, contact the hostel maintenance office directly."
I want to change my hostel room. How can I do that?,"Room changes are generally not allowed without a valid reason. To request a room change, submit a written application to the hostel warden explaining your reason. It is usually permitted only in special circumstances."
When is the last date for hostel admission?,Hostel admission deadlines are announced on the IUB website and the student portal. The dates differ for each semester. Make sure to check the official announcement for the exact deadline.
Do hostels provide Wi-Fi?,"Most IUB hostels are equipped with Wi-Fi facilities. For any connectivity issues, you should contact the hostel IT support or the warden's office. The exact quality of service may vary."
What are the hostel fee charges?,Hostel fees vary depending on the type of room and hostel. The exact fee structure is announced during the hostel admission process. Check your student portal or the hostel admission notice for the current rates.
I have a complaint about hostel security.,"Your safety is a priority. If you have a security concern, report it immediately to the hostel warden or the university security office. You can also register a formal complaint with the Directorate of Students Affairs."
How can I get a library membership?,"All registered students are automatically members of the university library. You can use your student ID card to borrow books. If you need to renew your membership, contact the library helpdesk."
Where is the main library located?,The central library of The Islamia University of Bahawalpur is located on the main campus. You can find its exact location on the campus map on the IUB website.
How many books can I borrow from the library?,"The number of books you can borrow depends on your student status and the library's borrowing policy. Usually, you can borrow a certain number of books for a specific time period. Check the library rules for exact limits."
Is there a digital library?,"Yes, IUB has a digital library that provides access to online journals, e-books, and databases. You can access it from the university website using your student ID and password."
How do I access the digital library?,Log in to the IUB website and navigate to the digital library section. You may need to use your student portal credentials to get access to all the online resources and databases.
I lost my student ID card. What should I do?,Immediately report a lost ID card to the relevant office (usually the Directorate of Students Affairs or the Registrar's office). You will need to fill out an application and pay a fee for a replacement card.
How can I get a replacement ID card?,"To get a replacement ID card, submit a written application to the Registrar's office or the office responsible for issuing ID cards. You will also need to pay the prescribed fee and provide a recent photograph."
I have been harassed by someone on campus. What do I do?,IUB has a strict anti-harassment policy. You should immediately report the incident to the Anti-Harassment Committee or the Directorate of Students Affairs. Your complaint will be handled confidentially.
Where can I file a discrimination complaint?,You can file a discrimination complaint with the Anti-Harassment Committee or the relevant administrative authority. The process is confidential. Visit the official IUB website for the grievance procedure.
How do I register a student complaint?,You can register a complaint by filling out a form at the Directorate of Students Affairs or by sending a formal email to the designated office. Some complaints can also be filed through the student portal.
What are the rules about plagiarism?,"Plagiarism is a serious academic offense at IUB. It can lead to severe penalties including a zero grade, suspension, or even expulsion. All students are required to submit original work and cite sources properly."
How can I avoid plagiarism in my assignments?,"To avoid plagiarism, always cite your sources and use quotation marks for direct quotes. You can also use a plagiarism checker to review your work before submission. Consult the university's academic integrity policy for detailed guidelines."
Where can I find my course's syllabus?,"The syllabus for each course is usually available on IUB-LMS or can be requested from the course instructor. It provides information about the course outline, learning objectives, and grading policy."
What is the attendance policy at IUB?,The university requires a minimum attendance percentage (usually 80%) for students to be eligible for the final exam. This policy is strictly enforced by the faculty. Check your course syllabus for the specific requirements.
I am going to miss a class due to an emergency. What should I do?,"Inform your respective course instructor in advance if possible. The final decision on accepting your absence rests with the instructor. For absences beyond a limit, a medical certificate or other valid documents may be required."
How can I check my attendance?,You can check your attendance record on your IUB-LMS account or on the departmental notice board. Many instructors also provide this information directly to students.
What should I do if my professor doesn't respond to my emails?,"If your professor hasn't responded, first wait for a reasonable time (e.g., 2-3 working days). If they still don't respond, you can contact the department head or the office of the chairperson for assistance."
How do I contact my department office?,You can find the contact information for your department office on the IUB website. They are typically open during regular university working hours. You can also visit the department building on campus.
How can I get my transcript?,You can apply for your transcript through the Registrar's office. The procedure and fee schedule are available on the IUB website. Fill out the transcript request form and submit it along with the required fee.
What is the procedure to get an enrollment certificate?,"To obtain an enrollment certificate, submit a request to the Registrar's office. This certificate is required for scholarships, visas, or other official purposes. Check the university's website for the specific form and fee."
I have completed my degree. How do I get my degree certificate?,Degree certificates are issued by the Registrar's office after the final results are announced and after you have cleared all your dues. You will need to apply for it and pay the applicable fee.
How long does it take to get a degree certificate?,"The processing time for degree certificates varies. The university will announce when certificates are ready for collection. For a specific time frame, it is best to check with the Registrar's office directly."
Where can I get a character certificate?,"Character certificates are issued by the Directorate of Students Affairs. You need to submit a formal application, and the certificate is usually issued within a few working days."
How do I obtain a No Dues certificate?,"A No Dues certificate is issued after you clear all your financial and other obligations with the university. You must visit various offices (e.g., library, hostel, finance) to get signatures and then submit the form to the Registrar."
I am an international student. What special documents do I need?,"International students require a valid student visa, passport, and NOC from their home country. You should contact the International Students Office at IUB for a complete list of required documents and guidance."
How do I apply for a leave of absence?,"To apply for a leave of absence, you must submit a formal written request to the Chairperson of your department and the Registrar's office. Your application will be reviewed and approved based on your academic standing."
What is the refund policy for tuition fees?,The tuition fee refund policy is governed by university rules. The amount and conditions of a refund vary depending on the date of withdrawal. You must check the official IUB policy or contact the Treasurer's office for details.
I need an NOC from the university. What is the process?,A No Objection Certificate (NOC) can be obtained from the Registrar's office. You will need to submit a written application stating the purpose of the NOC. The office will process it after verifying your record.
How do I verify my documents at IUB?,Document verification is handled by the Registrar's office or the admission department. You need to submit your original documents along with photocopies. They will verify and attest them if they are found authentic.
What are my rights as an IUB student?,"Students have the right to a fair learning environment, access to academic resources, and freedom from harassment. The student handbook, available on the IUB website, outlines all student rights and responsibilities in detail."
What are the responsibilities of a student?,"Student responsibilities include following university rules, maintaining academic integrity, respecting others, and regularly paying tuition fees. Details are available in the university's code of conduct."
Where can I get counselling or student support?,"The university offers student support services, including academic and psychological counselling. You can contact the Department of Psychology or the Directorate of Students Affairs to book an appointment."
Is there support for students with disabilities?,"Yes, IUB is committed to providing accessibility. Contact the Directorate of Students Affairs or the department head to request specific accommodations. They will guide you through the process for disability support."
How can I join a student society?,A list of student societies is often available on the IUB website or through the Directorate of Students Affairs. You can contact the society's president or coordinator to inquire about membership.
Does IUB have a sports department?,"Yes, IUB has a dedicated sports department that manages facilities and organizes inter-university and intra-university events. You can find more information on the IUB website or by visiting the sports office."
How can I participate in sports?,"To participate, approach the sports department or the relevant sports club at IUB. There are try-outs for university teams, and students can participate in various events throughout the year."
Are there research opportunities for students?,"Yes, many departments offer research opportunities. Contact your department head or a faculty member whose research interests you to inquire about available positions and projects."
How do I find a research supervisor?,"To find a research supervisor, identify faculty members working in your area of interest. You can approach them via email or during their office hours. It is advisable to share your CV and research proposal with them."
How can I get an internship?,The Career Counselling Center or your department may announce internship opportunities. You should also search online and use professional networks. Some degree programs also include mandatory internships.
What career guidance does IUB offer?,"IUB offers career guidance through seminars, workshops, and the Career Counselling Center. You can get help with resume writing, interview preparation, and job placement. Check the website for upcoming events."
Can I get a job on campus?,On-campus jobs are limited and are usually announced by the relevant department or the Placement Office. You can check with your department or the human resources office for available opportunities.
How do I get to the Baghdadul Jadeed Campus?,The Baghdadul Jadeed Campus is a major campus of IUB. You can find the exact address and directions on the IUB website's campus map. There are public transport options available to reach there.
Where are the administrative offices located?,"The main administrative offices, including the Registrar and Treasurer, are usually located in the main administrative block on the main campus. Consult the campus map on the IUB website for specific locations."
I need to use the university's Wi-Fi. How do I connect?,IUB provides Wi-Fi for students across the campus. You need to register your device and use your student portal credentials to log in. IT support can help you with connection issues.
I can't connect to the IUB Wi-Fi.,"First, ensure you are within the Wi-Fi coverage area and that you are entering your correct student ID and password. If you still cannot connect, restart your device. For persistent issues, contact the IT Help Desk."
How do I get an official IUB email address?,Your official IUB email address is automatically created upon admission. Your login credentials are provided to you. You can access it via the university's webmail portal.
Where can I find the university's contact number?,"The general contact numbers for IUB are listed on the official website's 'Contact Us' page. Please use these official channels for any inquiries, and do not rely on third-party sources."
I have a query about fee challans.,"Fee challans are generated and downloaded from your student portal. Ensure you are using the latest challan form. If you face any technical issues, contact the Treasurer's office or the IT Help Desk."
Where can I pay my fee?,You can pay your semester fee at designated bank branches using the challan form from your portal. Some online payment options might also be available. Please check the official fee notice for the current process.
I missed the fee deadline. What will happen?,"Missing the fee deadline will result in a late fee being charged. It may also put a financial hold on your account, preventing you from accessing your results or registering for the next semester. Contact the Treasurer's office immediately."
Can I get a fee discount?,"Fee discounts are not widely available. Certain scholarships or financial assistance programs may provide support. For any fee concessions, you must contact the Financial Aid Office or Treasurer's Office directly."
What is a financial hold?,"A financial hold is placed on your student account if you have unpaid fees. It prevents you from registering for courses, accessing your transcript, and viewing your results. You must clear all outstanding dues to have the hold removed."
How can I check the campus events schedule?,The schedule for events and activities is often posted on the IUB website and on departmental notice boards. The Directorate of Students Affairs also coordinates many student events.
How do I apply for a No Dues certificate after graduation?,"Submit a No Dues application form, which is available at the Registrar's office or on the IUB website. You must get it signed from all relevant departments (Library, Hostel, Finance, etc.) before the certificate is issued."
I am having trouble logging into the student portal.,"Please ensure you are using the correct username and password. Try clearing your browser's cache. If the issue persists, use the 'Forgot Password' feature. If you are still locked out, contact the IUB IT Help Desk."
My IUB student account is locked.,"Your account may lock after several failed login attempts. It will usually auto-unlock after a period of time. For an immediate solution, please contact the IUB IT Help Desk to reset your credentials."
How do I change my department?,Changing your department or program is a significant change. You need to submit a formal application and meet the eligibility criteria for the new program. Check the academic regulations on the IUB website or consult the Registrar's office.
What is the procedure for an internship in my program?,Many degree programs include an internship component. Your department will guide you on the prerequisites and the process for securing an internship. You can also seek guidance from the Career Counselling Center.
Is it mandatory to get an internship for graduation?,Some professional degree programs require an internship for completion. This is a degree requirement as specified in your program's curriculum. Check your course outline or consult your advisor for details.
How do I get a study leave?,Study leave is usually granted to students who need time off for their own academic or personal reasons. You must apply to your department head with a valid reason and a study plan.
My grade is lower than expected. What should I do?,"First, review your exam paper and discuss it with your course instructor. If you believe there has been a grading error, you can follow the official grade appeal process outlined by the university."
How do I apply for a scholarship?,"Scholarships are announced via the IUB website. The application process involves filling out an online form and submitting relevant documents, such as your academic record and financial status. Check the financial aid office for details."
Are there any scholarships for postgraduate students?,"Yes, IUB offers a number of scholarships and financial aid programs for postgraduate students. Visit the IUB website or contact the financial aid office for a detailed list and eligibility criteria."
I have a financial emergency and can't pay my fees on time.,You should immediately contact the financial aid office or the Treasurer's office to discuss your situation. They can provide information about emergency loans or the possibility of a payment plan.
Where do I go for IT support?,"The IUB IT Help Desk is the primary point of contact for all IT-related issues, including portal and LMS problems. Their office location and contact details are available on the university website."
How can I use the digital library?,"Log in to your IUB account on the university website and navigate to the digital library section. There, you can search for journals, e-books, and academic databases using your student credentials."
How do I check my library account?,"You can check your library account online by logging in with your student ID. It will show you the books you have borrowed, due dates, and any fines. The library website has a direct login portal."
Can I borrow books from other university libraries?,IUB has an interlibrary loan service. You can request books from other libraries by making a formal request to your main library. Contact the library staff for the interlibrary loan policy and procedure.
How can I get a book that is not available in our library?,"You can request a book through the library's acquisition or interlibrary loan service. Submit a request to the librarian, who can check availability in other libraries or recommend a purchase."
What is the fee for a replacement ID card?,"The fee for a replacement ID card is set by the university. For the latest fee amount, please contact the Registrar's office. The fee must be paid before a new card is issued."
How long will it take to get a replacement ID card?,Processing times for replacement ID cards may vary. Check with the Registrar's office for the current estimated processing time after you have submitted your application and fee.
I lost my student card. Can I get a temporary one?,A temporary ID card may be issued for a short period at the discretion of the relevant office. Visit the Registrar's or Students Affairs office to inquire about a temporary card while your permanent one is being processed.
Where can I get my documents attested?,The Registrar's office is the authorized office for document attestation at IUB. Bring your original documents and photocopies. They will verify the documents and stamp them as per the university policy.
How can I get an NOC for a passport or visa?,Submit a written application to the Registrar's office with the required details. They will issue the NOC after verifying your student status and ensuring there are no financial or disciplinary holds against you.
What is the policy on attendance?,The university policy mandates a minimum of 80% attendance in each course to be eligible for the final exam. Exceptions are only made in extreme cases with official documentation.
I am sick and cannot attend classes.,"Inform your instructor as soon as possible and provide a medical certificate. If you are absent for more than a few days, you should also inform the department office. The policy regarding sick leave is at the discretion of the department."
I am facing academic difficulties. What support is available?,"IUB provides academic support through tutoring services, academic advising, and counseling. Contact your academic advisor or the Directorate of Students Affairs to be connected with the right resources."
Where can I find the university's examination regulations?,The examination regulations are published on the IUB website and in the student handbook. These regulations cover everything from exam conduct to grading policies. Download the PDF from the official exam section.
How do I change my contact information in the university system?,You can update your contact information through your student portal. This is crucial to ensure you receive all university notifications via SMS and email.
"The university sent me an email, but I didn't receive it.","Check your spam or junk folder. If it's not there, log into your official IUB email account directly through the portal. If you still don't see it, contact the IT Help Desk to ensure your email is working correctly."
Can I use my personal email instead of the university email?,"All official university communications are sent to your official IUB email address. You are required to check this email regularly. You can, however, set up forwarding to your personal email from the university webmail settings."
How do I know if my document is attested?,Attestation is usually confirmed by a stamp and signature from the competent authority on your document. The Registrar's office is the only office authorized to attest official documents.
Where can I find the hostel rules?,The hostel rules are provided to you at the time of admission to the hostel. You can also request a copy from the hostel warden or download it from the IUB website if available.
The hostel room is not clean.,Report any cleanliness issues to the hostel warden or the sanitation staff. You are also expected to keep your own room clean. Regular inspections may be carried out.
How can I get involved in a research project?,Discuss your interest with your professors. They may have ongoing projects or know of opportunities. Many departments have a research committee that can guide you on how to get involved.
I am facing a language barrier.,The university offers support for students with language difficulties. You can reach out to your department or the Directorate of Students Affairs to be connected with language labs or tutoring resources.
Can I postpone my exams?,"Postponing an exam is generally not allowed except in cases of a major emergency. To request a postponement, you must provide a very valid reason and official documentation to the controller of examinations."
I want to apply for a scholarship for next semester.,Scholarship applications are usually online through the student portal during a specific application period. Keep an eye on the IUB website for the announcement and the deadline for the next semester.
How can I get a road permit for my vehicle?,Students who wish to bring their own vehicle to campus must obtain a road permit. Contact the transport or security office on campus for the application form and the applicable fee.
What is the timing of the university shuttle service?,The university shuttle bus schedule can be found on the IUB website or by contacting the transport office. It is a paid service with designated routes and pick-up points.
I want to study abroad. What should I do?,You should contact the Directorate of Students Affairs or the office responsible for student exchange programs. They can provide information about available exchange agreements and the application procedure.
How can I get a character certificate from the university?,Apply to the Directorate of Students Affairs with a formal application. They will issue a certificate after verifying your academic and disciplinary record. This certificate is often used for job applications.
I want to withdraw from the university. What is the procedure?,"Formal withdrawal from the university requires submitting an application to the Registrar's office. You must also obtain clearance from all departments, including the library and hostel, before your withdrawal is finalized."
Where can I find past exam papers?,Some departments make past papers available for practice. You can request them from your department library or from the course instructor. The digital library may also have them.
I have a problem with the LMS not loading.,"Try refreshing the page or using a different browser. If the LMS is not loading, it may be due to high traffic or maintenance. Contact the IUB IT Help Desk if the issue persists."
I forgot my LMS password.,"The LMS password is usually the same as your student portal password. Reset your student portal password and it will sync with your LMS account. If the issue continues, contact the IUB IT Help Desk."
What are the rules for taking a leave of absence?,"A leave of absence can be granted for medical, personal, or academic reasons. You need to fill out a formal application and obtain approval from your department and the Registrar. There are specific limits on the duration of leave."
How can I check the status of my application for a certificate?,You can track the status of your application by contacting the Registrar's office or by checking your student portal if the service is available. They will provide updates on the processing time.
I need to submit my thesis. What is the procedure?,"The thesis submission procedure is detailed by your department and the postgraduate studies office. It typically involves a submission form, an originality report (plagiarism check), and final approval from your supervisor."
How do I apply for a No Objection Certificate for a job?,"To get an NOC for a job, you must apply through the Registrar's office. The NOC will be issued after verifying that you are a student in good standing and that the job does not conflict with your academic schedule."
I want to use the library on weekends. Is it open?,The library opening hours on weekends and holidays are subject to change. It is best to check the library's official website or notice board for the updated holiday and weekend timings.
Where can I find a quiet place to study?,"The university library offers a quiet study area. Some departments may also have dedicated study spaces. Additionally, you can check if any of the hostels have a common room for study."
My ID card is not working for the library.,"Your ID card may be expired or the barcode may be damaged. Visit the library helpdesk to have it checked and reactivated. If the issue persists, you may"
Who is the Controller of Examinations at IUB?,The Controller of Examinations at IUB is Talib Hussain. The Examination Division can be contacted at 062-9250241 or via email at controller@iub.edu.pk for matters related to exams and transcripts .
Quality Enhancement Cell (QEC) ke director aur additional director kaun hain?,"The Director of the Quality Enhancement Cell (QEC) is Prof. Dr. Asadullah Madani. The Additional Director is Rao Mazhar Hussain, and the Deputy Director is Eng ."
IUB ORIC ka 'Valorize' model kya hai aur iska kya impact hai?,"Director ORIC Prof. Muhammad Atif presented the copyrighted business model 'Valorize,' which is based on a knowledge-based economy approach aimed at transforming academic research into economic value. The model has the potential to generate an estimated financial impact of around PKR 7.5 million annually ."
Enabling Center ke counseling sessions kis type ke issues ke liye hain?,"The Enabling Center provides free and confidential counseling sessions for personal concerns including anxiety, depression, interpersonal relationships, self-esteem, identity concerns, crisis needs, abuse violence issues, and job-related issues for employees ."
Enabling Center mein physiotherapy sessions kis liye hain?,"The Enabling Center facilitates individuals with somatic symptoms including headache, nausea, muscle tension, numbness, and muscle spasm through physiotherapy techniques such as soft tissue mobilization, muscular stretching, and cervical traction ."
Career Counseling and Placement Center (CCPC) ka kya scope hai?,"The CCPC aims to become a grooming and skills development center for students, preparing them to face challenges after graduation. Its scope includes career counseling, training and skills development, creating internship and placement opportunities, and establishing industrial linkages ."
Directorate of Students Affairs (DSA) ke director kaun hain?,"The Director of Students Affairs is Prof. Dr. Abdul Rauf, who also serves as the Dean of the Faculty of Chemical and Biological Sciences ."
Accessibility Center ka address aur incharge kaun hain?,"The Accessibility Center is located on the 1st Floor, Tabish Alwari Building, BJC, IUB. The Incharge and Focal Person is Mr. Ali Zain. You can contact them at 062-9255884 ."
Accounts Division / Treasurer Office ka contact number aur email kya hai?,"The Treasurer Office can be contacted at 062-9250245 or via email at treasurer@iub.edu.pk for fee challans, payment issues, refunds, and financial holds ."
Registrar Office ka contact number aur email kya hai?,"The Registrar Office can be contacted at 062-9250235 or via email at registrar@iub.edu.pk for transcripts, enrollment certificates, degree certificates, and other official documents ."
Examination Division ka contact number aur email kya hai?,"The Examination Division can be contacted at 062-9250241 or via email at controller@iub.edu.pk for exam schedules, results, rechecking, and transcripts ."
Directorate of Academics ka contact number aur email kya hai?,"The Directorate of Academics can be contacted at 062-9255075 or 0301-7770159, and via email at dr.acad@iub.edu.pk. This office handles academic affairs and admission-related queries ."
IUB ORIC ki HEC 'X Category' ranking mein kya performance raha?,"IUB secured the prestigious HEC 'X Category' in the ORIC ranking, and the Vice Chancellor appreciated the contributions of Director ORIC Prof. Muhammad Atif ."
IUB mein special needs students ke liye Accessibility Center kab establish hua?,The Accessibility Center for Students with Disabilities was established in May 2022 to ensure the implementation of HEC policy for students with disabilities and to provide an inclusive environment across all IUB campuses .
Enabling Center ka kya objective hai?,"The objective of the Enabling Center is to address psychological help issues for students and employees, help them gain insight into their feelings and thoughts, and deal effectively with problems such as anxiety, depression, and interpersonal relationships ."
Career & Personality Assessment Test (CPAT) kya hai?,The Directorate of Enabling Centre has initiated the Career & Personality Assessment Test (CPAT) to assess essential skills related to career choice according to personality traits for all IUB students. This is the first initiative in Pakistan taken by a public sector university .
How many hostels does IUB have for students?,"The Islamia University of Bahawalpur provides 12 hostels for male and female students, offering affordable and comfortable on-campus accommodation with shared facilities and amenities ."
What facilities are available in IUB hostels?,"IUB hostels offer dormitory-style rooms with shared bathrooms, kitchens, and common areas, along with free Wi-Fi, lockers, laundry services, and communal kitchens. Some hostels also provide private rooms, basic meals, and recreational activities ."
Are there banks on the IUB campus?,"Yes, three banks operate on IUB campus: Habib Bank Limited (HBL), Alfalah Bank, and The Women Bank. They provide services including fee payments, deposit accounts, loans, ATMs, and online banking facilities for students, staff, and visitors ."
Where is the stationery shop located on campus?,"The stationery and tuck shop is strategically located on campus, offering easy access to essential academic supplies, writing materials, and a variety of food and beverage options to support daily student needs ."
Does IUB provide health services for students?,"Yes, IUB provides comprehensive medical facilities including general healthcare, preventive services, and mental health support through qualified medical professionals. The centers treat common illnesses, manage chronic conditions, and handle emergencies on campus ."
Where is the main library located and what is it called?,"The main library of The Islamia University of Bahawalpur is the Sir Sadiq Muhammad Khan Library, which serves as a dynamic hub of knowledge, innovation, and academic excellence ."
What services does the IUB Library provide?,"The IUB Library provides open access e-books, a Corner for Special People with computers, printer, and scanner for students with special needs, and a Group Discussion Area for collaborative study. Professional library staff are available to assist students ."
Does the library have a dedicated area for special needs students?,"Yes, the IUB Library has a 'Corner for Special People' located on the ground floor near the circulation counter. It is equipped with two computers with printers and scanners, and a professional library staff member is available to assist them ."
Can I use the library for group discussions?,"Yes, the IUB Library provides a Group Discussion Area on the ground floor near the computer lab to support collaborative study. Users are reminded not to create excessive noise during discussions ."
How many faculties does IUB have and what are they?,"IUB has 15 faculties: Agriculture and Environment, Arts and Languages, Chemical and Biological Sciences, Computing, Education, Engineering and Technology, Islamic and Arabic Studies, Law, Management Sciences and Commerce, Medicine and Allied Health Sciences, Online and Distance Education, Pharmacy, Physical and Mathematical Sciences, Social Sciences, and Veterinary and Animal Sciences ."
Who is the Dean of the Faculty of Computing at IUB?,The Dean of the Faculty of Computing at IUB is Prof. Dr. Dost Muhammad Khan .
Who is the Dean of the Faculty of Social Sciences?,The Dean of the Faculty of Social Sciences is Prof. Dr. Rubina Bhatti .
Who is the Dean of the Faculty of Engineering and Technology?,The Dean of the Faculty of Engineering and Technology is Prof. Dr. Muhammad Amjad .
Who is the Dean of the Faculty of Law?,The Dean of the Faculty of Law is Prof. Dr. Rao Imran Habib .
What undergraduate programs are offered at IUB?,"IUB offers a wide range of BS programs including Computer Science, Information Technology, Software Engineering, Economics, Commerce, English Language & Linguistics, Applied Psychology, Botany, Physics, Mathematics, Chemistry, Biotechnology, Biochemistry, Zoology, Public Administration, Political Science, Islamic Studies, and many more ."
Does IUB offer MPhil and PhD programs?,"Yes, IUB offers MPhil, MS, MSc (Hons), MBA, LLM, and PhD programs across various academic departments in disciplines ranging from Natural Sciences, Social Sciences, Business & Management, to Arts and Humanities ."
Does the Rahim Yar Khan campus offer the same programs as the main campus?,"The Rahim Yar Khan (RYK) Campus offers a variety of programs including BS Applied Psychology, BS Biochemistry, BS Biotechnology, BS Computer Science, BS Economics, BS Education, BS English Language & Literature, BS Mathematics, BS Islamic Studies, BEd, DPT (Doctor of Physiotherapy), and MBA programs ."
How can I contact the Directorate of Academics?,"The Directorate of Academics can be contacted at 062-9255075 or 0301-7770159, and via email at dr.acad@iub.edu.pk ."
What is the contact for the Directorate of Advanced Studies and Research Board?,The Directorate of Advanced Studies and Research Board can be contacted at 062-9255484 or via email at pg.admission@iub.edu.pk for postgraduate admissions .
What is the IUB Helpline Center contact number?,"The IUB Helpline Center can be contacted at 0346-9255555, 0347-9255555, or 062-9255580, and via email at iubhelpline@iub.edu.pk for general university inquiries ."
IUB Admission Cell ka contact number kya hai?,The IUB Admission Cell can be contacted at 062-9255858 for general admission queries .
Does IUB have a Wi-Fi facility on campus?,"Yes, IUB provides Wi-Fi connectivity across all campuses to support academic needs, including access to online journals, digital libraries, and course materials. The facility is available in hostels, libraries, and academic buildings ."
What is the main dining facility at IUB?,"The cafeteria at IUB serves as a central dining facility and social hub where students can get affordable meals in a comfortable environment. It also provides an informal space for studying, sharing ideas, and building friendships ."
Does IUB have security measures on campus?,"Yes, security at IUB is maintained through a combination of advanced technology and active personnel presence. CCTV cameras are strategically installed to monitor public areas, and trained security staff ensure the protection of students, faculty, and staff ."
How can I contact the Directorate of International Linkages?,"The Directorate of International Linkages at IUB can be contacted via email at ilo@iub.edu.pk or by phone at +92-62-9255875 for partnership proposals, scholarship inquiries, or international student assistance ."
Can I borrow books from the IUB Library?,"Yes, the IUB Library provides extensive collections including open access e-books and a wide range of academic materials. Registered students can borrow books using their student ID card ."
Where can I get academic supplies on campus?,"The stationery and tuck shop on campus provides easy access to essential writing materials, academic supplies, and a variety of food and beverage options. It is strategically located to support daily student needs ."
What security features are available at IUB hostels?,"The hostel facilities at IUB are designed to provide a safe environment with security measures in place. Trained security staff ensure the protection of students, and CCTV cameras monitor public areas on campus ."
IUB ki kitni faculties hain aur unke deans kaun hain?,"IUB has 15 faculties led by esteemed deans. These include the Faculty of Agriculture and Environment (Prof. Dr. Tanveer Hussain Turabi), Arts and Languages (Prof. Dr. Syed Amir Sohail), Chemical & Biological Sciences (Prof. Dr. Muhammad Saleem), Computing (Prof. Dr. Dost Muhammad Khan), Education (Prof. Dr. Irshad Hussain), Engineering and Technology (Prof. Dr. Muhammad Amjad), Islamic and Arabic Studies (Prof. Dr. Sheikh Shafiq-ur-Rehman), Law (Prof. Dr. Rao Imran Habib), Management Sciences and Commerce (Prof. Dr. Jawad Iqbal), Medicine and Allied Health Sciences (Prof. Dr. Qaiser Jabeen), Online and Distance Education (Prof. Dr. Nasreen Akhtar), Physical & Mathematical Sciences (Prof. Dr. Ghulam Mustafa), Social Sciences (Prof. Dr. Rubina Bhatti), and Veterinary and Animal Sciences (Prof. Dr. Muhammad Khalid Mansoor) ."
Faculty of Agriculture and Environment ke dean kaun hain?,The Dean of the Faculty of Agriculture and Environment is Prof. Dr. Tanveer Hussain Turabi .
Faculty of Physical and Mathematical Sciences ke dean kaun hain?,Prof. Dr. Ghulam Mustafa is the Dean of the Faculty of Physical and Mathematical Sciences at IUB .
Sir Sadiq Muhammad Khan Library mein Study Information Commons (SIC) kya hai?,"The Study Information Commons (SIC) is a 21st-century learning space at the main library designed to facilitate research scholars. It offers desktop computers, multimedia systems, printing services, a research help desk, and meeting room bookings for IUB ID card holders with library membership ."
Library mein printing facility available hai?,"Yes, printing services are available at the Study Information Commons (SIC) in the Sir Sadiq Muhammad Khan Library. You can get prints of assignments and research papers in both black & white and color on a payment basis ."
Study Information Commons mein meeting room kaise book karein?,Meeting rooms at the Study Information Commons can be booked in advance for presentation rehearsals and group assignments. You must inform the IT Helper at the desk of all arrangements in advance. Services are available to IUB ID card holders with library membership .
Khawaja Farid Campus Library kya services provide karta hai?,"The Khawaja Farid Campus Library provides various services including Circulation Service, OPAC/Catalogue (KhFCL catalog), Internet Access, Reference Service, User Service, and access to Newspapers, Periodicals & Journals ."
Faculty of Engineering and Technology ke annual projects exhibition ke baare mein kya hai?,"The Faculty of Engineering and Technology organizes an Annual Engineering Projects Exhibition in collaboration with the IEEE Bahawalpur Chapter. The 17th edition of this event was inaugurated by the Vice Chancellor and featured projects in fields like Cybersecurity & Digital Forensics, Intelligent Systems & Robotics, Telecommunication Engineering, and Biomedical Engineering Technology ."
IUB mein hostels ke administration ka system kya hai?,"The hostels are administered by Chairpersons Hall Council (Male and Female) and Chief Warden along with a team of wardens. Each hostel maintains a cafeteria, dining hall, a common room with facilities for indoor games, computer labs, a reading room, library, mosque, sports club, gym, separate laundry rooms, and lush green gardens ."
Baghdad ul Jadeed Campus mein kaun se boys aur girls hostels hain?,"In Baghdad ul Jadeed Campus, there are six girls’ hostels: Fatima-tuz-Zahra Hall, Ayesha Siddiqa Hall, Khadija-tul-Kubra Hall, Amna Hall, Zainab Hall and Halima Hall. Four boy’s hostels are also located: Umar Hall, Ali Hall, Ahmad Hall and Usman Hall ."
Abbasia Campus mein kaun se hostels hain?,"At Abbasia Campus, there is the Rabia Hall for girls and Abu Bakar Hall for boys ."
Bahawalnagar Campus mein hostel facilities hain?,"Yes, Bahawalnagar Campus has two hostels: Ayesha Hall for girls and Abu Bakar Hall for boys ."
Rahim Yar Khan Campus mein kaun se hostels hain?,"In Rahim Yar Khan Campus, Ayesha Hall for girls and Iqbal Hall for boys are available for on-campus boarding ."
IUB ki official mobile app hai?,"Yes, IUB has an official mobile application called 'My IUB' available on the Google Play Store. For app support, you can contact the provided helpline number ."
Vice Chancellor Prof. Dr. Muhammad Kamran ne annual engineering projects exhibition ka inauguration kiya?,"Yes, Prof. Dr. Muhammad Kamran, Vice Chancellor of IUB, inaugurated the 17th Annual Engineering Projects Exhibition organized by the Faculty of Engineering and Technology ."
IUB ke hostel study parks mein kya facilities hain?,"Beautiful study parks, separate for boys and girls, are adjacent to hostels. They are decorated with flowers, lakes and sports courts, and also have facilities like electricity connection points, high speed internet and separate sections of sitting areas ."
IUB mein kitne hostels hain aur unki total capacity kya hai?,"The Islamia University of Bahawalpur has a large boarding facility with 16 hostels across five campuses, providing housing for 10,000 students. These include hostels at Abbasia Campus (Rabia Hall for girls and Abu Bakar Hall for boys), Baghdad ul Jadeed Campus (six girls' hostels and four boys' hostels), Bahawalnagar Campus (two hostels), and Rahim Yar Khan Campus (two hostels) ."
IUB hostels ke administration ka system kaisa hai aur student disputes kaise resolve hote hain?,"Hostels are administered by Chairpersons Hall Council (Male and Female) and Chief Warden along with a team of wardens. A standard dispute resolution system has been developed to address student disputes in hostels. The duty assistant warden reports the matter to the Chief Warden, Chairman Hall Council, and Security division. Priority is given to peaceful resolution to avoid any law and order situation ."
Study Information Commons (SIC) kya hai aur yeh Sir Sadiq Muhammad Khan Library mein kis tarah ki facilities provide karta hai?,"The Study Information Commons (SIC) is a 21st-century learning space at Sir Sadiq Muhammad Khan Library designed to facilitate research scholars. It offers 06 Intel Core i5 desktop workstations, multimedia systems, printing support (B&W and color), a Research Help Desk staffed by professionals, on-spot tutorials, meeting room bookings, and article delivery on request. Services are available to IUB ID card holders with library membership ."
SIC mein meeting room kaise book karein aur iske liye kya rules hain?,"For presentation rehearsals and group assignments, you can book the meeting room in advance at the Study Information Commons. The IT Helper at the desk must be informed of all arrangements in time for a smooth session. Services are available to IUB ID card holders with library membership. The SIC is a research, study, and collaborative work environment where conversation is acceptable as long as it does not disturb others ."
IUB mein special needs students ke liye library mein kya facilities hain?,"The Sir Sadiq Muhammad Khan Library has a 'Corner for Special People' located on the ground floor near the circulation counter. It is equipped with two computers with printers and scanners, and a professional library staff member is available to assist and facilitate them ."
Library mein group discussion ke liye kya arrangements hain?,"To support collaborative study, the Library provides a Group Discussion Area on the ground floor near the computer lab with appropriate and flexible furniture. Users are reminded not to create excessive noise in these areas during their discussions ."
IUB mein ragging aur fooling ke khilaf kya policy hai?,"A strict fool-proof policy to ban ragging in hostels has been implemented since 2022. Ragging and fooling of new entrants was a practice that haunted hostel administration, but it has now been almost completely eradicated from hostels. Any resident found indulged in ragging is removed from the hostel ."
IUB hostels mein fire safety ke liye kya arrangements hain?,"Special firefighting drills have been arranged in hostels in coordination with the Department of Civil Defense, Bahawalpur. On recommendation of the department, firefighting equipment has been placed in each hostel ."
Other provinces se anay walay students ka police verification kaisay hota hai?,"The criminal record of students coming from other provinces is checked on a yearly basis since 2022. The database of students is sent to the Registrar Office, and the record is checked by the respective Special Branches of the respective provinces ."
Contractors ke workers ka bhi police verification hota hai?,"Yes, the crime record of workers of contractors is also checked. The information of workers of contractors is sent to the Registrar Office, and the record is checked by the respective Special Branches of the respective areas ."
Prof. Dr. Muhammad Kamran IUB ke regular Vice Chancellor kab bane aur unka academic background kya hai?,"Prof. Dr. Muhammad Kamran assumed the charge as regular Vice Chancellor of IUB on May 7, 2025, following a notification by the Higher Education Department Punjab. He holds a PhD in Computer Engineering in Digital Circuit Design from Beijing Institute of Technology, China (2007). He previously served as Vice Chancellor of Muhammad Nawaz Sharif University of Engineering and Technology, Multan, and as Dean of the Faculty of Electrical Engineering at UET Lahore ."
Vice Chancellor Prof. Dr. Muhammad Kamran ne IUB ki financial stability ke liye kya steps liye?,"During his additional charge, Prof. Dr. Muhammad Kamran took many steps to revive the financially troubled university. These included reducing expenses, paying salaries on time, regularization of teaching and research activities, restoration of various departments and campuses, organization of national and international events and conferences, and welfare measures for students ."
Faculty of Engineering ke dean Prof. Dr. Muhammad Amjad Syndicate ke member hain?,"Yes, Prof. Dr. Muhammad Amjad, Dean of the Faculty of Engineering at IUB, is one of the honorable members of the Syndicate, The Islamia University of Bahawalpur, Pakistan ."
Faculty of Veterinary and Animal Sciences ke dean Prof. Dr. Muhammad Khalid Mansoor Syndicate mein shamil hain?,"Yes, Prof. Dr. Muhammad Khalid Mansoor, Dean of the Faculty of Veterinary and Animal Sciences at IUB, is also a member of the Syndicate, The Islamia University of Bahawalpur, Pakistan ."
Faculty of Chemical & Biological Sciences ke dean Prof. Dr. Abdul Rauf ka kya role hai?,Prof. Dr. Abdul Rauf is the Dean of the Faculty of Chemical & Biological Sciences and Director of the Institute of Chemistry at IUB. He is also an Elected Member of the Senate and Member of the Syndicate .
What is the Academic Council of IUB and who are its members?,"The Academic Council is the principal academic body of IUB, chaired by the Vice Chancellor. Its members include Deans, Directors of Institutes, Principals of Constituent Colleges, University Professors, Chairmen of Teaching Departments, elected representatives from faculty, and nominees from affiliated colleges and the Chancellor ."
What is the term of office for members of the Academic Council?,Members appointed by nomination or election to the Academic Council hold office for a term of three years .
What is the quorum required for a meeting of the Academic Council?,The quorum for a meeting of the Academic Council is one third of the total number of members .
What is the Finance and Planning Committee of IUB and what are its functions?,"The Finance and Planning Committee is a key statutory body chaired by the Vice Chancellor. Its functions include considering annual accounts and budget estimates, reviewing the university's financial position, advising on investments and planning matters, and performing other prescribed functions ."
What is the quorum for a meeting of the Finance and Planning Committee?,The quorum for a meeting of the Finance and Planning Committee is three members .
What was the budget approved by the Finance and Planning Committee for IUB for the financial year 2025-26?,"The Finance and Planning Committee approved budget recommendations worth Rs 9102 million for the financial year 2025-26. The budget focuses on university development, promotion of research activities, and welfare and scholarships for employees and students ."
What is the Selection Board of IUB and what are its functions?,"The Selection Board, chaired by the Vice Chancellor, recommends candidates for teaching and other posts. It considers applications and recommends suitable candidates to the Syndicate. In case of a difference of opinion between the Board and the Syndicate, the matter is referred to the Chancellor ."
How are experts involved in the selection process for teaching posts at IUB?,"For selecting Professors and Associate Professors, the Selection Board co-opts or consults three subject experts. For other teaching posts, two experts are consulted. These experts are nominated by the Vice Chancellor from a standing list approved by the Syndicate ."
Who was elected to represent the IUB Senate in the Syndicate?,Professor Dr. Muhammad Raffay and Professor Dr. Areeba Khan were elected to represent the Senate in the Syndicate during the 18th Senate meeting .
Who was elected as a member of the Finance and Planning Committee from the Senate?,Professor Dr. Muhammad Asadullah Madani was elected as a member of the Finance and Planning Committee during the 18th Senate meeting .
Who are the members of the IUB Syndicate?,"The Syndicate includes the Vice Chancellor as Chairman, a Lahore High Court judge, Members of the Provincial Assembly, secretaries of Education and Finance departments, the Pro Vice Chancellor, the HEC Chairman, elected Deans and Professors, and elected representatives from faculty. The Registrar serves as Secretary ."
When was the Directorate of Sports established at IUB and what is its role?,The Directorate of Sports was established in 1976 to provide opportunities and facilities in Physical Education and Sports for both male and female students. It organizes training camps and provides coaching facilities .
What rewards does IUB offer to student athletes?,"The Directorate of Sports provides cash prizes and sports scholarships to student athletes who win gold at Inter-Varsity, Provincial, and National competitions ."
What major policy change did Vice Chancellor Prof. Dr. Muhammad Kamran implement regarding house allotment?,"Vice Chancellor Prof. Dr. Muhammad Kamran abolished his discretionary powers regarding the allotment of houses at IUB. Allotment is now done purely on merit and transparency, with applications for F-Category houses displayed on the university website ."
IUB mein Outcome-Based Education (OBE) framework ke liye kya initiatives hain?,"The Directorate of Quality Enhancement Cell (QEC) organized a Training Workshop on Outcome-Based Education at Bahawalnagar Campus, where Vice Chancellor Prof. Dr. Muhammad Kamran delivered a talk on 'Empowering Academic Excellence through Outcome-Based Learning' ."
What is the Board of Advanced Studies and Research (BASR) responsible for?,"The Board of Advanced Studies and Research advises on matters related to the promotion of advanced studies and research, recommends regulations for research degrees, appoints supervisors for postgraduate research students, and recommends panels of examiners for evaluation of research examinations ."
What is the Security Division at IUB and what training do they undergo?,"The Security Division at IUB is responsible for the safety of students, faculty, and staff across all campuses. With the support of Bahawalpur Garrison, they conduct annual firing exercises to keep security personnel agile and alert. More than 100 security personnel participate in these two-day exercises to maintain their professionalism and discipline . Security staff provides day and night services at Bahawalpur, Rahim Yar Khan, and Bahawalnagar campuses ."
How are houses allotted to faculty and staff at IUB?,"House allotment for faculty and staff at IUB is done through an online system at my.iub.edu.pk under 'My Apps + House Allotment'. Applicants must obtain a fresh Service Certificate from the Registrar's office and upload a clear copy with their online application. A hard copy of the application must also be submitted through proper channel within the specified deadline. Previously submitted applications are not entertained, so employees must apply afresh for each allotment cycle ."
What is the Study Information Commons (SIC) and what services does it offer to students?,"The Study Information Commons (SIC) is a 21st-century learning space at Sir Sadiq Muhammad Khan Library designed to facilitate research scholars . It offers 06 Intel Core i5 desktop workstations, multimedia systems, printing support (B&W and color HP printers), a Research Help Desk staffed by professionals, on-spot tutorials, ready reference subject guides, and article delivery on request . Services are available to IUB ID card holders with library membership ."
How long can I use a computer at the Study Information Commons?,The Study Information Commons allows you to get a desktop computer and headphones issued or reissued for a 2-hour slot. You must use your university ID card for issuance at the Information Commons Help Desk .
Can I request articles not available at IUB through the library?,"Yes, the Study Information Commons provides article delivery on request. Students and faculty members can email their requests for online articles not accessible on or off campus to librarian@iub.edu.pk. This service is available from Monday to Friday ."
What is the Board of Advanced Studies and Research (BASR) and what are its functions?,"The Board of Advanced Studies and Research (BASR) is chaired by the Vice Chancellor and includes the Pro-Vice Chancellor, Deans, and other distinguished members . Its functions include advising on the promotion of advanced studies and research, proposing regulations for research degrees, appointing supervisors for research students, and recommending panels of examiners for research examination evaluation . The term of office for members, other than ex-officio members, is three years ."
What is the quorum for a meeting of the Board of Advanced Studies and Research?,"The quorum for a meeting of the Board of Advanced Studies and Research is one-half of the total number of members, with a fraction being counted as one ."
What is the quorum for a meeting of the Selection Board?,"The quorum for the Selection Board varies by position. For selecting a Professor or Associate Professor, the quorum is four members. For selecting other teachers or officers, the quorum is three members ."
Who comprises the Selection Board at IUB?,"The Selection Board is chaired by the Vice Chancellor and includes a Chairman or member of the Public Service Commission, the Dean of the concerned Faculty, the Chairman of the teaching department, one member of the Syndicate, and two other men of eminence appointed by the Syndicate . The Registrar acts as Secretary of the Board ."
How does the Selection Board handle appointments for Professors and Associate Professors?,"For selecting Professors and Associate Professors, the Selection Board co-opts or consults three experts in the subject concerned. For other teaching posts, two experts are consulted. These experts are nominated by the Vice Chancellor from a standing list approved by the Syndicate . In cases where a candidate already holds the same teaching position at another Pakistani university, the requirement for fresh experts may be waived ."
What happens if there is a difference of opinion between the Selection Board and the Syndicate?,"In the event of a difference of opinion between the Selection Board and the Syndicate, the matter is referred to the Chancellor, whose decision is final ."
Who are the elected members of the IUB Syndicate?,"The Syndicate includes elected members such as Prof. Dr. Rubina Bhatti (Dean, Faculty of Social Sciences) as an Elected Dean, Prof. Dr. Muhammad Khalid Mansoor (Dean, Faculty of Veterinary and Animal Sciences) as an Elected Professor, and representatives from the Senate. Faculty representatives include Dr. Alia Nazir (Associate Professor), Engr. Qaiser Ijaz (Assistant Professor), and Mr. Zaman Ali (Lecturer) ."
Which government officials are members of the IUB Syndicate?,"The Syndicate includes the Secretary to the Government of Punjab, Education Department (or their nominee), the Secretary to the Government of Punjab, Finance Department (or their nominee), and the Chairman of the Higher Education Commission, Pakistan ."
Who is the Secretary of the IUB Syndicate?,The Registrar of IUB serves as the Secretary of the Syndicate .
Who are the current elected members representing the Senate in the IUB Syndicate?,"Professor Dr. Muhammad Rafay, Director of the Institute of Forest Sciences, and Professor Dr. Areeba Khan from the Institute of Business Management and Administrative Sciences are the elected members representing the Senate in the IUB Syndicate ."
Who represents the faculty as an elected Assistant Professor in the IUB Syndicate?,Engr. Qaiser Ijaz from the Department of Computer Systems Engineering serves as the elected Assistant Professor member of the IUB Syndicate .
Who is the elected Lecturer representative in the IUB Syndicate?,Mr. Zaman Ali from the Department of Information Technology is the elected Lecturer member of the IUB Syndicate .
Which MPA from Bahawalnagar was nominated as a member of the IUB Syndicate?,"Muhammad Sohail Khan Zahid, Member of the Provincial Assembly from Bahawalnagar, was nominated by the Speaker Punjab Assembly as a member of the IUB Syndicate ."
Who is the Treasurer of IUB and what was his role in the Finance and Planning Committee?,"Dr. Abdul Sattar Zahoori serves as the Treasurer of IUB. He presented the budget for the financial year 2025-26 to the Finance and Planning Committee, which approved recommendations worth Rs 9102 million ."
What is the financial deficit IUB is facing in the budget for 2025-26?,The Islamia University of Bahawalpur is facing a deficit of Rs 409 million in the budget for the financial year 2025-26 .
What are the main focuses of the IUB budget for the financial year 2025-26?,"The budget for 2025-26 focuses on the development of the university, the promotion of research activities, and the welfare and scholarships of employees and students ."
"According to the IUB Act, what is the quorum for a meeting of the Academic Council?",The quorum for a meeting of the Academic Council shall be one third of the total number of members .
"According to the IUB Act, what are the powers of the Academic Council regarding examinations?","The Academic Council has the power to regulate the conduct of teaching, research, publication, and examinations. It can prescribe courses of study and syllabi for all University examinations and can also recognize examinations of other universities as equivalent ."
How is the Board of Advanced Studies and Research constituted at IUB?,"The Board of Advanced Studies and Research is chaired by the Vice-Chancellor and consists of Deans, Professors, three senior teachers appointed by the Syndicate, two teachers appointed by the Academic Council, and two teachers from affiliated colleges nominated by the Vice-Chancellor. The term of office for members, other than ex-officio members, is three years ."
What is the quorum for a meeting of the Advanced Studies and Research Board?,"The quorum for a meeting of the Advanced Studies and Research Board shall be one-half of the total number of members, with a fraction being counted as one ."
Can a member who is a candidate for a post participate in the Selection Board's proceedings?,"No, according to the rules, no member who is a candidate for the post to which appointment is to be made shall take part in the proceedings of the Selection Board ."
Who is the Chairman of the IUB Syndicate?,"The Vice Chancellor of IUB, Prof. Dr. Muhammad Kamran, serves as the Chairman of the Syndicate ."
Which judges from the Lahore High Court are members of the IUB Syndicate?,"The Honorable Mr. Justice Faisal Zaman Khan, a judge of the Lahore High Court, is a member of the IUB Syndicate ."
Which members of the Punjab Provincial Assembly are part of the IUB Syndicate?,"The IUB Syndicate includes Mian Muhammad Shoaib Awaisi, Muhammad Sohail Khan Zahid from Bahawalnagar , and Ms. Sadia Muzaffar from Bahawalpur ."
Which government secretaries are members of the IUB Syndicate?,"The Secretary to the Government of Punjab, Education Department (or his nominee), and the Secretary to the Government of Punjab, Finance Department (or his nominee), are members of the Syndicate ."
Who is the Pro Vice Chancellor of IUB and is he a member of the Syndicate?,The Pro Vice Chancellor of IUB is an ex-officio member of the Syndicate. The current Pro Vice Chancellor is Prof. Dr. Abdul Rauf .
Is the Chairman of HEC a member of the IUB Syndicate?,"Yes, Prof. Dr. Niaz Ahmad Akhtar, Chairman of the Higher Education Commission, Pakistan, is a member of the IUB Syndicate ."
Who are the elected Deans in the IUB Syndicate?,"Prof. Dr. Rubina Bhatti, Dean of the Faculty of Social Sciences, serves as the elected Dean member of the Syndicate ."
Who are the elected professors and associate professors in the IUB Syndicate?,"Prof. Dr. Muhammad Khalid Mansoor (Dean, Faculty of Veterinary and Animal Sciences) is an elected Professor member, and Dr. Alia Nazir (Associate Professor, Institute of Physics) is an elected Associate Professor member of the Syndicate ."
Who are the elected assistant professors and lecturers in the IUB Syndicate?,"Engr. Qaiser Ijaz (Assistant Professor, Department of Computer Systems Engineering) is the elected Assistant Professor member, and Mr. Zaman Ali (Lecturer, Department of Information Technology) is the elected Lecturer member of the Syndicate ."
Who are the members of the Advanced Studies and Research Board at IUB?,"The Advanced Studies and Research Board consists of the Vice-Chancellor as Chairman, Deans, Professors, three senior teachers appointed by the Syndicate, two teachers appointed by the Academic Council, and two teachers from affiliated colleges nominated by the Vice-Chancellor ."
What is the term of office for members of the Advanced Studies and Research Board?,"The term of office for members of the Advanced Studies and Research Board, other than ex-officio members, is three years ."
Who are the members of the Finance and Planning Committee at IUB?,"The Finance and Planning Committee consists of the Vice-Chancellor as Chairman, one member from the Senate, one from the Syndicate, two from the Academic Council, two nominees from the Chancellor, and the Treasurer ."
What is the quorum for a meeting of the Selection Board for different positions?,"The quorum for the Selection Board is four members for selecting a Professor or Associate Professor, and three members for selecting other teachers and officers ."
Who acts as the Secretary of the Selection Board?,The Registrar of IUB acts as the Secretary of the Selection Board .
Does the Selection Board allow a candidate who is a member to participate in the proceedings?,"No, according to the rules, any member who is a candidate for the post under consideration cannot take part in the Board's proceedings ."
What happens if there is a disagreement between the Selection Board and the Syndicate?,"In the event of a difference of opinion between the Selection Board and the Syndicate, the matter is referred to the Chancellor, whose decision is final ."
When was the 61st meeting of the Academic Council held and who chaired it?,"The 61st meeting of the Academic Council was held on January 30, 2026, under the chairmanship of Vice Chancellor Prof. Dr. Muhammad Kamran at the Baghdad ul-Jadeed Campus ."
What key decisions were taken during the 58th meeting of the Academic Council?,"The 58th meeting approved the start of PhD Islamic Studies at Bahawalnagar and Rahim Yar Khan campuses, amended rules for admission of excluded students, and approved granting BA/BSc degrees to students who completed 2 years of BS programs ."
Who attended the 61st meeting of the Academic Council?,"The meeting was attended by Pro Vice Chancellor Prof. Dr. Abdul Rauf, Deans, Registrar Muhammad Shaji ur Rehman, Controller of Examinations Talib Hussain, Principals of Colleges, and Heads of Teaching Departments ."
Who were the members of the 85th Syndicate meeting of IUB?,"The 85th Syndicate meeting was chaired by Vice Chancellor Prof. Dr. Naveed Akhtar. Members included Prof. Dr. Muhammad Ali Shah, Prof. Dr. Muhammad Akram Chaudhry, Prof. Dr. Shazia Anjum, Prof. Dr. Muhammad Amjad, Prof. Dr. Jawad Iqbal, Prof. Dr. Abdul Rauf, Tariq Mehmood Awan, Shah Sawar, Bushra Mehboob, Muhammad Zaman Ali, and Registrar Muhammad Shaji ur Rahman ."
Who presented the budget for the financial year 2025-26 to the Finance and Planning Committee?,"Dr. Abdul Sattar Zahoori, the Treasurer of IUB, presented the budget for the financial year 2025-26 to the Finance and Planning Committee ."
Who attended the Finance and Planning Committee meeting for the budget 2025-26?,"The meeting was attended by Prof. Dr. Muhammad Khalid Mansoor (Dean, Faculty of Veterinary and Animal Sciences), Prof. Dr. Abdul Majid Makki (Chairman, Commerce Department), Dr. Abdul Sattar Zahoori (Treasurer), Muhammad Shajiur Rehman (Registrar), Shah Sawar (Divisional Director, Local Fund, Multan), Dr. Samina Durrani (Director, Finance, HEC), and Zahida Azhar (Additional Secretary, Universities) ."
"Where is the Office of Research, Innovation and Commercialization (ORIC) located at IUB?","The Office of Research, Innovation and Commercialization (ORIC) is located at IUB. Prof. Dr. Muhammad Atif serves as the Director of ORIC, which aims to foster university-industry interaction and strengthen research collaborations ."
What is the role of the Quality Enhancement Cell (QEC) at IUB?,The Quality Enhancement Cell (QEC) is responsible for upholding quality assurance standards at IUB and implementing Higher Education Commission (HEC) policies. Its goal is to ensure academic programs meet benchmarks and enhance the educational experience .
Who is the Director of the Quality Enhancement Cell (QEC) at IUB?,The Director of the Quality Enhancement Cell (QEC) is Prof. Dr. Asadullah Madani .
Who are the Additional Director and Deputy Director of QEC at IUB?,"The Additional Director of the Quality Enhancement Cell is Rao Mazhar Hussain, and the Deputy Director is Eng. ."
What is the 'Valorize' business model presented by ORIC at IUB?,"Director ORIC Prof. Muhammad Atif presented the copyrighted business model 'Valorize,' which is based on a knowledge-based economy approach aimed at transforming academic research into economic value. The model has the potential to generate an estimated financial impact of around PKR 7.5 million annually ."
Has IUB achieved recognition in ORIC rankings?,"IUB secured the prestigious HEC 'X Category' in the ORIC ranking, and the Vice Chancellor appreciated the contributions of Director ORIC Prof. Muhammad Atif ."
What is the Selection Board at IUB and what are its functions?,"The Selection Board is responsible for recommending candidates for teaching and other posts at IUB. It considers applications and recommends suitable candidates to the Syndicate. The Board is chaired by the Vice-Chancellor and includes the Chairman or member of the Public Service Commission, the Dean of the Faculty, the Chairman of the teaching department, and Syndicate members ."
Who are the members of the Selection Board at IUB?,"The Selection Board consists of the Vice-Chancellor as Chairman, the Chairman or a member of the Public Service Commission, the Dean of the Faculty concerned, the Chairman of the teaching department, one member of the Syndicate, and two other distinguished persons who are not university employees ."
What is the quorum required for a Selection Board meeting at IUB?,"The quorum for the Selection Board is four members for selecting a Professor or Associate Professor. For selecting other teachers and officers, the quorum is three members ."
Can a Selection Board member who is a candidate participate in the proceedings?,"No, according to IUB rules, any member who is a candidate for the post under consideration cannot take part in the Board's proceedings ."
How does the Selection Board involve subject experts in hiring for teaching positions?,"For selecting Professors and Associate Professors, the Selection Board consults three experts in the relevant subject. For other teaching posts, two experts are consulted. These experts are nominated by the Vice-Chancellor from a standing list approved by the Syndicate ."
Which candidates are exempt from the requirement of consulting fresh experts?,"If a candidate already holds the same teaching position at another Pakistani university and is being considered for appointment to that position at IUB, the requirement to consult or co-opt fresh experts may be waived ."
What is the Advanced Studies and Research Board (AS&RB) at IUB?,"The Advanced Studies and Research Board (AS&RB) advises university authorities on matters related to advanced studies, research, and publications. It recommends regulations for research degrees, appoints supervisors for postgraduate students, and recommends examiners for research evaluations ."
What is the composition of the Finance and Planning Committee at IUB?,"The Finance and Planning Committee is chaired by the Vice-Chancellor and includes one member from the Senate, one from the Syndicate, two from the Academic Council, two Chancellor nominees, and the Treasurer ."
Where can I find the contact information for the Directorate of Advanced Studies and Research Board at IUB?,"The Directorate of Advanced Studies and Research Board (AS&RB) is located on campus and handles admissions to MPhil, MS, MSc (Hons), MBA, LLM, and PhD programs. You can visit the IUB website or contact the directorate directly for specific inquiries regarding postgraduate admissions ."
When was the 90th meeting of the IUB Syndicate held and what was discussed?,The 90th meeting of the IUB Syndicate was held at Abbasia Campus under the chairmanship of Vice Chancellor Prof. Dr. Muhammad Kamran. The meeting appreciated the services of outgoing Syndicate members Prof. Dr. Muhammad Akram Chaudhry and Dr. Mughees Amin .
What was the budget approved for IUB for the financial year 2025-26?,"The Finance and Planning Committee approved budget recommendations worth Rs 9102 million for the financial year 2025-26. The budget focuses on university development, research promotion, and welfare and scholarships for employees and students ."
Is IUB facing any budget deficit?,"Yes, The Islamia University of Bahawalpur is facing a deficit of Rs 409 million in the budget for the financial year 2025-26 ."
What was the total budget approved for IUB by the Syndicate for FY 2025-26?,"The 88th meeting of the Syndicate approved a total budget of Rs 8,860.076 million for the financial year 2025-26, based on the recommendations of the Finance and Planning Committee ."
Who was nominated as a member of the IUB Syndicate by the Punjab Assembly Speaker?,"Speaker Punjab Assembly nominated Muhammad Sohail Khan Zahid, Member of Provincial Assembly from Bahawalnagar, as a member of the Syndicate of the Islamia University of Bahawalpur ."
Who were the members of the IUB Syndicate during the 87th meeting?,"The members included MPA Mian Muhammad Shoaib Owaisi, Former VC Sargodha University Prof. Dr. Akram Chaudhry, Former VC Muhammad Nawaz Sharif Agriculture University Dr. Asif Khan, Additional Secretary Higher Education Department Zahida Azhar, Additional Secretary Finance Department Umar Javed, Deans Prof. Dr. Muhammad Amjad and Prof. Dr. Khalid Mansoor, and faculty representatives ."
Who are the faculty representatives in the IUB Syndicate?,"The Syndicate includes elected faculty representatives such as Prof. Dr. Muhammad Khalid Mansoor (Dean), Dr. Alia Nazir (Associate Professor), Engr. Qaiser Ijaz (Assistant Professor), and Mr. Zaman Ali (Lecturer) ."
When was the 61st meeting of the Academic Council held and what was its purpose?,"The 61st meeting of the Academic Council was held on January 30, 2026, under the chairmanship of Vice Chancellor Prof. Dr. Muhammad Kamran at the Baghdad ul-Jadeed Campus. The meeting approved various agenda items from different departments ."
What is the composition and function of the Selection Board for hiring professors at IUB?,"The Selection Board is chaired by the Vice Chancellor and includes the Chairman or a member of the Public Service Commission, the Dean of the concerned faculty, the Chairman of the teaching department, one member of the Syndicate, and two emininent persons not employed by the university . The quorum is four for Professor/Associate Professor selections and three for other teachers and officers ."
What happens if there is a disagreement between the Selection Board and the Syndicate regarding appointments?,"In the event of a difference of opinion between the Selection Board and the Syndicate, the matter is referred to the Chancellor, whose decision is final ."
Who comprises the Advanced Studies and Research Board and what are its key functions?,"The Advanced Studies and Research Board is chaired by the Vice Chancellor and includes Deans, Professors, and other senior faculty members . It advises on promoting research, recommends regulations for research degrees, appoints supervisors, and recommends examiners for research students ."
Does the Selection Board involve external experts in the hiring process for faculty positions?,"Yes, for selecting Professors and Associate Professors, the Board co-opts three experts, and for other teaching posts, two experts are nominated by the Vice Chancellor from a pre-approved standing list . If a candidate already holds a similar position at a Pakistani university, the fresh expert requirement may be waived ."
What key decisions were made during the 58th meeting of the IUB Academic Council?,"The 58th Academic Council meeting approved starting PhD Islamic Studies at Bahawalnagar and Rahim Yar Khan campuses, approved granting BA/BSc degrees to students who completed two years of BS programs, amended rules for excluded student admissions, and clarified the verification procedure for matriculation and intermediate certificates ."
Who attended the 85th meeting of the IUB Syndicate and what was discussed?,"The 85th Syndicate meeting was chaired by Vice Chancellor Prof. Dr. Naveed Akhtar . Members included several VCs, deans, government officials, and faculty representatives, where they discussed fee reduction, restructuring of departments, and approved the Best University Teacher Award under HEC policy ."
Can a member who is a candidate for a position participate in the Selection Board's proceedings?,"No, any member who is a candidate for the post to which appointment is to be made cannot take part in the proceedings of the Selection Board ."
What is the budget allocated to IUB for the financial year 2025-26 and what deficit does it face?,"The Finance and Planning Committee approved a budget of Rs 9102 million for FY 2025-26 , focusing on development, research, and welfare. However, the university is facing a deficit of Rs 409 million in this budget ."
What was approved in the 87th meeting of the IUB Syndicate?,"The 87th Syndicate meeting, chaired by Vice Chancellor Prof. Dr. Muhammad Kamran, approved the budget for FY 2024-25 based on Finance and Planning Committee recommendations, and took significant decisions to reduce expenses amidst financial difficulties faced by the university ."
Who are the members of the Finance and Planning Committee?,"The Finance and Planning Committee consists of the Vice Chancellor (Chairman), one member from the Senate, one from the Syndicate, two from the Academic Council, two nominees from the Chancellor, and the Treasurer ."
What is the role of the Academic Council at IUB?,"The Academic Council is the principal academic body of the university. It discusses teaching affairs, curriculum matters, and approves academic decisions such as new programs, degree conferrals, and admission policy amendments ."
What was the main agenda of the 61st Academic Council meeting at IUB?,"The 61st meeting, held under Vice Chancellor Prof. Dr. Muhammad Kamran at Baghdad-ul-Jadeed Campus, focused on curriculum matters compatible with modern advancements, including discussions on integrating Artificial Intelligence into academic programs ."
Who was the Vice Chancellor of IUB during the 85th Syndicate meeting?,"Prof. Dr. Naveed Akhtar was the Vice Chancellor and chaired the 85th Syndicate meeting . However, the current Vice Chancellor, Prof. Dr. Muhammad Kamran, chaired subsequent meetings including the 87th Syndicate  and the 61st Academic Council ."
Which key departments were involved in the 58th Academic Council meeting agenda?,"The 58th Academic Council meeting discussed agenda items from the Department of History, Institute of Chemistry, Sir Sadiq Muhammad Khan Postgraduate College, University College of Conventional Medicine, University College of Art and Design, Pakistan Studies, Political Science, Economics, Information Management, Social Work, Tourism and Hospitality Management, and Institute of Business Management and Administrative Sciences ."
During which meeting did the Syndicate approve the restructuring of teaching and administrative departments?,The 85th Syndicate meeting discussed and approved the agenda for restructuring and integration of various teaching and administrative departments .
Can a student receive a degree after completing only two years of a BS program at IUB?,"Yes, the 58th Academic Council meeting approved granting BA and BSc degrees to students who have completed four semesters (two years) of BS, BS Hons, and other four-year degree programs ."
What is the policy regarding verification of educational certificates before admission?,The 58th Academic Council meeting decided to clarify and implement a procedure for the verification of Matriculation and Intermediate certificates before admissions are finalized .
What was the role of the Registrar during the Syndicate meetings?,"The Registrar, Muhammad Shaji ur Rehman, serves as the Secretary of the Syndicate and presented reports on the implementation of decisions taken in previous meetings ."
What key decisions were made during the 85th meeting of the IUB Syndicate?,"The 85th Syndicate meeting approved fee reduction for various teaching programs, approved the Best University Teacher Award under HEC policy, and discussed the restructuring and integration of teaching and administrative departments. The annual audit report for the financial years 2020-22 was also presented ."
Who were the members present at the 85th Syndicate meeting at IUB?,"The meeting was chaired by Vice Chancellor Prof. Dr. Naveed Akhtar. Members included Prof. Dr. Muhammad Ali Shah (VC BZU Multan), Prof. Dr. Muhammad Akram Chaudhry (University of the Punjab), Prof. Dr. Shazia Anjum, Prof. Dr. Muhammad Amjad, Prof. Dr. Jawad Iqbal, Prof. Dr. Abdul Rauf, Tariq Mehmood Awan (Additional Secretary Higher Education), Shah Sawar, Bushra Mehboob, Muhammad Zaman Ali, and Registrar Muhammad Shaji ur Rahman ."
What was discussed in the 86th meeting of the IUB Syndicate?,"The 86th Syndicate meeting, chaired by Vice Chancellor Prof. Dr. Naveed Akhtar, considered investigation reports and recommendations in light of directives from the Governor Punjab and Chancellor. Various administrative and legal matters were also discussed ."
Who attended the 86th meeting of the IUB Syndicate?,"The meeting was attended by Prof. Dr. Zia ul Qayyum (Executive Director HEC), Prof. Dr. Muhammad Akram Chaudhry, Dr. Mughiz Amin, Prof. Dr. Shazia Anjum, Prof. Dr. Muhammad Amjad, Prof. Dr. Jawad Iqbal, Prof. Dr. Abdul Rauf, Shah Sawar, Muhammad Zaman Ali, and Registrar Muhammad Shaji ur Rahman ."
When was the 56th meeting of the Academic Council held and what were its key approvals?,"The 56th meeting was held on May 10, 2024, under the chairmanship of Vice Chancellor Prof. Dr. Naveed Akhtar at Baghdad-ul-Jadeed Campus. The meeting approved the revised syllabus of BS Biomedical Engineering and BS Electrical Engineering Technology, allowed FSC Pre-Medical students for admission in BS Electrical Engineering Technology, and approved the reconstitution of the Anti-Plagiarism Standing Committee ."
What important policies were approved during the 56th Academic Council meeting?,"The meeting approved the implementation of the Higher Education Commission Graduate Policy 2023, the official name of the Directorate of Advanced Studies and Research, and discussed the Postdoctoral Fellowship Program policy ."
Who presides over the Syndicate Committee for appeals of educational institutions?,"The Syndicate Committee to decide appeals of educational institutions for academic sessions 2025-26 was presided over by Prof. Dr. Abdul Rauf, Pro Vice Chancellor of IUB ."
What is the composition of the Advanced Studies and Research Board at IUB?,"The Advanced Studies and Research Board consists of the Vice Chancellor as Chairman, Deans and Professors, three senior teachers appointed by the Syndicate, and two research-qualified teachers appointed by the Academic Council ."
What are the main functions of the Advanced Studies and Research Board at IUB?,"The Board advises on promoting advanced studies and research, recommends regulations for research degrees, appoints supervisors for research students, and recommends panels of examiners for research examinations ."
What was the main objective of the 61st Academic Council meeting at IUB?,The 61st meeting focused on curriculum matters and educational matters based on modern curriculum compatible with artificial intelligence. Vice Chancellor Prof. Dr. Muhammad Kamran chaired the meeting at Baghdad-ul-Jadeed Campus .
Who attended the 61st Academic Council meeting at IUB?,"The meeting was attended by Pro Vice Chancellor Prof. Dr. Abdul Rauf, Deans, Registrar Muhammad Shaji ur Rehman, Controller of Examinations Talib Hussain, Principals of Colleges, and Heads of Teaching Departments ."
What is the procedure for appointment to the posts of Professor and Associate Professor at IUB?,The Selection Board consults three subject experts for Professor and Associate Professor positions. These experts are nominated by the Vice Chancellor from a standing list approved by the Syndicate. The quorum for selection is four members for Professor/Associate Professor positions .
What is the procedure for appointment to other teaching positions at IUB?,"For other teaching posts, the Selection Board consults two subject experts. The quorum for selection is three members. If a candidate already holds the same teaching position at another Pakistani university, fresh experts may not be required ."
Who serves as the Secretary of the IUB Selection Board?,The Registrar of IUB serves as the Secretary of the Selection Board and assists in its proceedings .
How long do appointed members serve on the Selection Board at IUB?,The members mentioned under clause (v) of sub-paragraph (1) hold office for a term of two years .
Which departments were involved in the interviews for faculty positions during a Selection Board meeting in 2022?,"A three-day Selection Board meeting in 2022 conducted interviews for Professor positions in Physics, Assistant Professor in Epidemiology and Public Health, Associate Professor in various departments including Library Science, Commerce, Management Sciences, and Physics, and Lecturer positions in Persian, Anthropology, Gender Studies, International Relations, and many other departments ."
What was the role of subject experts in the IUB Selection Board meeting of 2022?,"Subject experts from different universities participated in the meeting to evaluate candidates for various faculty positions, including Professor, Associate Professor, Assistant Professor, and Lecturer positions across multiple departments ."
What was the main agenda of the selection board meeting held in July 2022 at IUB?,"A two-day selection board meeting under Vice Chancellor Engr. Prof. Dr. Athar Mahboob conducted interviews for the post of Professor in Psychology, Associate Professor in Media Studies and Architecture, Assistant Professor in Parasitology, Poultry Science, Law and Animal Breeding Genetics, and Lecturer in Education Research and Evaluation, as well as administrative positions ."
What decisions were made regarding fee structure during the 85th Syndicate meeting?,The Syndicate members approved the fee reduction of various teaching programs on the recommendation of the fee structure committee .
What scholarship-related matter was addressed in the 85th Syndicate meeting?,It was approved to waive the payment owed by students regarding the Higher Education Commission Ehsaas Scholarship .
What was the total budget approved for IUB for the financial year 2025-26?,"The 88th meeting of the IUB Syndicate approved a total budget of Rs. 8,860.076 million for the financial year 2025-26, based on the recommendations of the Finance and Planning Committee ."
What was the budget recommendation approved by the IUB Finance and Planning Committee for FY 2025-26?,"The Finance and Planning Committee approved budget recommendations worth Rs. 9,102 million for the financial year 2025-26. The budget focuses on university development, promotion of research activities, and welfare and scholarships for employees and students ."
Is IUB facing a deficit in the budget for the financial year 2025-26?,"Yes, The Islamia University of Bahawalpur is facing a deficit of Rs. 409 million in the budget for the financial year 2025-26 ."
Which new members were approved for the IUB Selection Board during the 88th Syndicate meeting?,"The 88th Syndicate meeting approved the appointment of two new members to the Selection Board, based on the decisions recorded in the minutes of previous Academic Council meetings ."
Where can I find the official policy for Postdoctoral Research Fellowships at IUB?,"The official Policy for Postdoctoral Research Fellowship is available on the IUB website . This policy outlines the eligibility criteria, terms and conditions, duration, salary, and benefits for the program."
What are the key functions of the Advanced Studies and Research Board at IUB?,"The Board advises on matters connected with the promotion of advanced studies, publications, and research. It proposes regulations for the award of research degrees, appoints supervisors for research studies, and recommends panels of paper setters and examiners for research examinations ."
What is the eligibility criteria for the Postdoctoral Research Fellowship program at IUB?,"Candidates must hold a PhD degree from an HEC-recognized university and submit a written research proposal outlining how they intend to satisfy at least two of the specified outcomes, such as producing publications or creating funded research linkages ."
What was the purpose of the IUB Admission Hour with Prof. Dr. Jawad Iqbal?,"The IUB Admission Hour was a live questions/answers session on Facebook to provide information about admissions, scholarships, application procedures, fee reduction, and installment options for BS programs ."
During which meeting was the establishment of the Enabling Center and Career Counseling Center approved at IUB?,The establishment of the Enabling Center and the Career Counseling and Placement Center was approved during the 75th meeting of the IUB Syndicate .
Which development projects were approved in the 75th meeting of the IUB Syndicate?,"The meeting approved projects including the Central Diagnostic Laboratory, Green Campus Project, Institute of Languages and Cultural Studies, Directorate of Tourism and Sustainability, and the establishment of the Directorate of IUB School System ."
Has the Omar Khayyam Scholarship been awarded to IUB students?,"Yes, Vice Chancellor Prof. Dr. Muhammad Kamran appreciated the announcement of providing scholarships to six female students of the Department of Social Work under the Omar Khayyam Scholarship, which covered their first semester fees ."
How can I contact the Directorate of Advanced Studies and Research Board for postgraduate admissions?,"The Directorate organizes admissions to MPhil, MS, MSc (Hons), MBA, LLM, and PhD programs in various academic departments. Admissions are offered biannually in spring and fall semesters ."
During which meeting was the Anti-Plagiarism Committee Vision 2 approved at IUB?,The reconstitution of the University Anti-Plagiarism Standing Committee and the adoption of the Anti-Plagiarism Committee Vision 2 were approved during the 56th meeting of the Academic Council .
Who were the members of the Finance and Planning Committee who attended the budget meeting for FY 2025-26?,"The meeting was attended by committee members including Prof. Dr. Muhammad Khalid Mansoor, Dean of the Faculty of Veterinary and Animal Sciences, along with other members ."
What are the qualifications required to apply for a Postdoctoral Research Fellowship at IUB?,"Candidates must hold a PhD Degree from an HEC-recognized university and submit a clearly written research proposal outlining how they intend to satisfy at least two of the five defined outcomes, such as producing publications, creating funded research linkages, or accessing high-impact research collaborators ."
What is the duration of the Postdoctoral Research Fellowship at IUB?,"The duration depends on the research project funding. The minimum period is 9 months, and the maximum duration is 30 months. This duration shall not exceed 30 months in any case whatsoever ."
What are the expectations and duties of a Postdoctoral Fellow at IUB?,"During the fellowship, the scholar will teach at least two courses in their department as part of their workload. The contract is terminable with one month's notice from either side ."
How can I report plagiarism at IUB?,IUB has a strict anti-plagiarism policy in line with HEC guidelines. You can report incidents of plagiarism by contacting the Directorate of IT via email at ddit@iub.edu.pk or plagiarism@iub.edu.pk .
What steps has IUB taken to combat plagiarism?,The 56th and 57th meetings of the Academic Council approved the reconstitution of the University Anti-Plagiarism Standing Committee and adopted the Anti-Plagiarism Committee Vision 2 to strengthen the university's stance against plagiarism .
What key decisions were made during the 89th meeting of the Advanced Studies and Research Board at IUB?,The 89th meeting reviewed the proposed Postdoctoral Fellowship Policy and the Authorship Policy proposed by the Directorate of ORIC .
Who handles postgraduate admissions at IUB?,"The Directorate of Advanced Studies and Research Board (AS&RB) organizes admissions to MPhil, MS, MSc (Hons), MBA, LLM, and PhD programs across various academic departments in disciplines ranging from Natural Sciences, Social Sciences, and Business & Management to Arts and Humanities ."
What is the admission policy for postgraduate programs at IUB?,"The university offers admission biannually in spring and fall semesters across a variety of disciplines ranging from Natural Sciences, Social Sciences, and Business & Management to Arts and Humanities ."
Can I apply for a Postdoctoral Fellowship if I have already availed one elsewhere?,"No, candidates who have already availed a Postdoctoral Fellowship, whether sponsored by HEC or any other organization or university, are not eligible unless a specific exemption is provided. An affidavit is required to confirm this ."
What is the process for approving Postdoctoral Fellowship applications at IUB?,"Applications are processed and reviewed by the Research Supervisor and shortlisted candidates are interviewed by a committee headed by the Principal Investigator (PI) and co-principal investigator (if any), the Registrar or his nominee, and one Subject Expert ."
What benefits does an IUB Postdoctoral Fellow receive?,The Postdoctoral Fellowship is a fully funded program. The salary and benefits will be paid from the research project amount. The fellow will be treated as a non-faculty research appointment and will draw salary and benefits accordingly .
What is the term of office for members of the Finance and Planning Committee?,The term of office of the appointed members of the Finance and Planning Committee shall be three years .
What is the quorum required for a meeting of the Finance and Planning Committee?,The quorum for a meeting of the Finance and Planning Committee shall be three members .
What is the IUB Anti-Harassment Policy and where can I report an incident?,"IUB has a zero-tolerance policy on any kind of harassment, and the University has established a Center for Anti-Harassment and Discrimination. You can report incidents to the Anti-Harassment Committee or the Center for Anti-Harassment and Discrimination for a confidential and thorough investigation ."
What was the total budget approved for IUB for the financial year 2024-25?,"The Finance and Planning Committee approved budget recommendations worth Rs. 8013.903 million for the financial year 2024-25. The budget focuses on construction and development, promotion of research activities, employee welfare, and student scholarships, with an allocation of Rs. 35 million specifically for scholarships ."
What deficit did IUB face in the budget for the financial year 2024-25?,The Islamia University of Bahawalpur faced a deficit of Rs. 2190.077 million in the budget for the financial year 2024-25 .
Who are the members of the Finance and Planning Committee that approved the budget for 2024-25?,"The meeting was attended by committee members including Prof. Dr. Muhammad Amjad (Dean Faculty of Engineering), Prof. Dr. Abdul Majid Makki (Chairman, Department of Commerce), Dr. Abdul Sattar Zahoori (Treasurer), Muhammad Shaji ur Rehman (Registrar), Shah Sawar (Divisional Director, Local Fund Multan), Dr. Samina Durrani (Director Finance, HEC), and Zahida Akhtar (Additional Secretary Universities) ."
What is the Iqbal Studies Postdoctoral Research Program (IPRP) at IUB?,"The Iqbal Studies Postdoctoral Research Program (IPRP) is a specialized program offered by the Department to produce international-level postdoctoral research on the life, works, and intellectual legacy of Dr. Allama Muhammad Iqbal. The program aims to promote interdisciplinary research on Iqbal's philosophical, literary, and political contributions ."
What are the eligibility criteria for the Iqbal Studies Postdoctoral Research Program?,"Candidates must hold a PhD Degree in Humanities, Languages, or Social Sciences from an HEC-recognized university. There is no age limit, but preference is given to fresh PhDs. Candidates must not have availed any previous Postdoctoral Fellowship and must submit a research proposal ."
What are the outcomes expected from the Iqbal Studies Postdoctoral Research Program?,"Scholars are expected to produce original research papers and publications, present at academic conferences, and contribute to the field of Iqbal studies through public lectures and outreach programs. They must satisfy at least 2 of 4 deliverables including publication of manuscripts, research papers, funded linkages, or new programs ."
How long is the Iqbal Studies Postdoctoral Research Program?,"The duration of the Iqbal Studies Postdoctoral Research Program is six months, extendable up to a maximum of 18 months ."
What is the Advanced Studies and Research Board (AS&RB) responsible for at IUB?,"The Advanced Studies and Research Board (AS&RB) advises the university authorities on matters connected with the promotion of advanced studies, publications, and research. It proposes regulations for research degrees, appoints supervisors for research studies, and recommends examiners for research examinations ."
What is the Composition of the Advanced Studies and Research Board at IUB?,"The Board consists of the Vice Chancellor as Chairman, the Deans & Professors, three senior university teachers appointed by the Syndicate, and two university teachers having research qualifications appointed by the Academic Council ."
Who appoints Supervisors for research students at IUB?,The Advanced Studies and Research Board is responsible for appointing Supervisors for research studies and determining the subjects of their thesis .
Where can I find the official Policy for Postdoctoral Research Fellowship at IUB?,"The official Policy for Postdoctoral Research Fellowship is available on the IUB website, outlining eligibility criteria, terms and conditions, duration, salary, and benefits of the program ."
Can a Postdoctoral Fellow at IUB teach courses as part of their program?,"Yes, during their stay at IUB, the Postdoctoral Fellow will also teach at least two courses in the department as workload ."
What is the maximum duration of the Postdoctoral Research Fellowship at IUB?,"The maximum duration for the award is 30 months, and this duration shall not exceed 30 months in any case whatsoever ."
Can a Postdoctoral Fellow at IUB change their supervisor or research course?,"No, the scholar shall not change the specified course of research/studies or supervisor nor register himself/herself for any other course or program without prior approval of the IUB ."
What is the quorum requirement for the Finance and Planning Committee at IUB?,The quorum for a meeting of the Finance and Planning Committee shall be three members .
Where can I find information about student societies and clubs at IUB?,Information about student societies and clubs is available through the Directorate of Students Affairs. The IUB prospectus provides an overview of active societies and clubs .
Who presented the budget for the financial year 2024-25 to the Finance and Planning Committee?,"Dr. Abdul Sattar Zahoori, the Treasurer of IUB, presented the budget for the financial year 2024-25 to the Finance and Planning Committee during the meeting held at Abbasia Campus ."
Who were the members of the Finance and Planning Committee that attended the budget meeting for FY 2024-25?,"The meeting was attended by Prof. Dr. Muhammad Amjad (Dean Faculty of Engineering), Prof. Dr. Abdul Majid Makki (Chairman Department of Commerce), Dr. Abdul Sattar Zahoori (Treasurer), Muhammad Shaji ur Rehman (Registrar), Shah Sawar (Divisional Director, Local Fund Multan), Dr. Samina Durrani (Director Finance HEC), and Zahida Akhtar (Additional Secretary Universities) ."
What are the key functions of the Finance and Planning Committee at IUB?,"The Committee considers the annual statement of accounts and budget estimates, reviews the financial position of the University, and advises the Syndicate on matters relating to planning, development, finances, investments, and accounts ."
How can I report a harassment or discrimination complaint at IUB?,"IUB has a zero-tolerance policy on harassment. You can report incidents to the university's Center for Anti-Harassment and Discrimination, which is headed by a senior female teacher. The phone numbers of the committee are displayed prominently on all campuses, and complaint information is available on the university website ."
Is there a formal anti-harassment mechanism at IUB?,"Yes, IUB has a complete mechanism for investigating anti-harassment matters as per HEC guidelines. The university has established a center for anti-harassment and discrimination and organizes awareness seminars regarding the policy and complaint procedure ."
What research programs are offered by the Department of Iqbal Studies at IUB?,"The Department of Iqbal Studies offers BS, MPhil, and PhD programs in Iqbal Studies. The department also encourages research through its annual research journal 'PAYAM' which is HEC Y-category approved, and through Bazm-e-Iqbal, a student society that organizes literary programs ."
What are the expected outcomes of the Iqbal Studies Postdoctoral Research Program?,"Scholars are expected to satisfy at least 2 of 4 deliverables, including production of books/manuscripts for publication, production of peer-reviewed research papers (minimum one), creation of funded research linkages and collaborations, and creation and introduction of new internationally reputed programs and courses ."
What is the duration of the Iqbal Studies Postdoctoral Research Program?,"The duration of the Iqbal Studies Postdoctoral Research Program is six months, which can be extended up to a maximum of 18 months ."
What are the eligibility criteria for the Postdoctoral Research Fellowship at IUB?,"Candidates must hold a PhD from an HEC-recognized university and submit a research proposal outlining how they intend to satisfy at least 2 of the 5 defined outcomes. There is no age limit, but preference is given to fresh PhDs. Candidates cannot have availed any previous Postdoctoral Fellowship ."
Does a Postdoctoral Fellow have teaching responsibilities at IUB?,"Yes, during their stay at IUB, the Postdoctoral Fellow will teach at least two courses in the department as part of their workload ."
What are the benefits of the Postdoctoral Research Fellowship at IUB?,"The Postdoctoral Fellowship is a fully funded program. The scholar is treated as a non-faculty research appointment and draws salary and benefits accordingly, as specified in the research project ."
What was the fee reduction announced by IUB for various academic programs?,"IUB announced a significant fee reduction after Finance and Planning Committee approval, leading to doubled admission applications. The fee for BS History, Pakistan Studies, and other specified humanities programs was fixed at Rs. 25,000. Fee for BS Engineering programs was fixed at Rs. 65,000. MPhil fees in Social Sciences/Arts were set at Rs. 75,000, and PhD at Rs. 100,000 ."
"Does IUB have a zero-tolerance policy on harassment?\t""Yes","IUB has a strict zero-tolerance policy on any kind of harassment. The university has a complete mechanism for investigating anti-harassment matters as per HEC guidelines and has established a Center for Anti-Harassment and Discrimination headed by a senior female teacher ."""
"How can students report a harassment complaint at IUB?\t""Students can report harassment complaints by contacting the Anti-Harassment Committee or the Center for Anti-Harassment and Discrimination. The phone numbers of the committee are displayed prominently on all campuses","and detailed information is available on the university website ."""
"Is IUB facing a deficit in the budget for FY 2025-26?\t""Yes","IUB is facing a deficit of Rs 409 million in the budget for the financial year 2025-26 ."""
"Can a Postdoctoral Fellow at IUB change their supervisor or research course?\t""No","the scholar shall not change the specified course of research/studies or supervisor nor register themselves for any other course or program without prior approval of IUB ."""
"What financial aid is available for deserving students at IUB?\t""IUB provides financial aid through the Financial Crisis Scholarship / Fee Waiver scholarship committee","which can exempt deserving students from semester dues. The Directorate of Financial Assistance also manages scholarships worth over 800 million rupees ."""
"Is IUB among the top universities in Punjab for scholarships?\t""Yes","IUB has become the first university in South Punjab to provide scholarships of more than 800 million rupees and is among the universities providing the most scholarships in Punjab ."""
"Does IUB offer fee discounts for MPhil admissions?\t""Yes","IUB has announced a 25% fee reduction for MPhil admissions for students who have obtained a BS degree from the Islamia University of Bahawalpur ."""
Who is the Director of Financial Assistance at IUB and what is their contact information?,"Dr. Areeba Khan serves as the Director of Financial Assistance at IUB . The Directorate of Financial Assistance (DFA) is located in the Syed Tabish Alwari Building, Baghdad ul Jadeed Campus. You can contact them at 0092-62-9255066 or via email at dfa@iub.edu.pk."
How many students appeared for the HEC Need-Based Scholarship interviews at IUB?,As many as 1850 students appeared for the interviews conducted by the Directorate of Financial Assistance for the Higher Education Commission (HEC) Need-Based Scholarship program . This demonstrates IUB's commitment to making quality education accessible to deserving students.
What is the IUB's policy on anti-harassment and discrimination?,"IUB has a strict zero-tolerance policy on any kind of harassment and has established a Center for Anti-Harassment and Discrimination headed by a senior female teacher . The university has a complete mechanism for investigating anti-harassment matters as per HEC guidelines, with anti-harassment committee phone numbers displayed prominently at all campuses ."
Where can students report a harassment complaint at IUB?,"Students can report harassment complaints by contacting the Anti-Harassment Committee or the Center for Anti-Harassment and Discrimination. The phone numbers are clearly displayed at prominent places in all campuses, and all information is available on the university website . Awareness seminars are also organized regarding the anti-harassment policy and complaint procedure ."
What was the total budget approved by the IUB Finance and Planning Committee for FY 2025-26?,The Finance and Planning Committee approved budget recommendations worth Rs 9102 million for the financial year 2025-26 during a meeting held at Abbasia Campus under the chairmanship of Vice Chancellor Professor Dr. Muhammad Kamran .
What deficit is IUB facing in the budget for the financial year 2025-26?,The Islamia University of Bahawalpur is facing a deficit of Rs 409 million in the budget for the financial year 2025-26 .
Who attended the Finance and Planning Committee meeting that approved the budget for FY 2025-26?,"The meeting was attended by Prof. Dr. Muhammad Khalid Mansoor (Dean Faculty of Veterinary and Animal Sciences), Prof. Dr. Abdul Majid Makki (Chairman, Department of Commerce), Dr. Abdul Sattar Zahoori (Treasurer), Muhammad Shajiur Rehman (Registrar), Shah Sawar (Divisional Director, Local Fund, Multan), Dr. Samina Durrani (Director, Finance, HEC), and Zahida Azhar (Additional Secretary, Universities) ."
What is the minimum duration for a Postdoctoral Research Fellowship at IUB?,The minimum period for a Postdoctoral Research Fellowship at IUB is 09 months .
Can a Postdoctoral Fellow at IUB change their supervisor without prior approval?,"No, the scholar shall not change the specified course of research/studies or supervisor nor register themselves for any other course or program without prior approval of IUB ."
Are IUB students selected for international scholarships and study abroad programs?,"Yes, IUB has strengthened its ties with international institutions. Five students of the Institute of Chemistry have been selected for fully funded PhD scholarships at prestigious international universities, including the University of Chinese Academy of Sciences (China), IOWA State University (USA), Dalian University of Technology (China), Universidade Estadual DE Campinas Unicamp (Brazil), and University de Lille (France) ."
Which departments are involved in the selection process for the HEC Need-Based Scholarship interviews?,"Senior faculty members from various departments participated in the interview exercise, including Dean Faculty of Education Prof. Dr. Irshad Hussain, Dean Faculty of Computing Prof. Dr. Dost Muhammad, Chairman Department of Geography Prof. Dr. Shair Muhammad, and Chairman Department of Social Work Prof. Dr. Asif Naveed Ranjha ."
Where is the Directorate of Students Affairs (DSA) located for hostel complaints and related issues?,"The Directorate of Students Affairs (DSA) is located in the Syed Tabish Alwari Building, Baghdad-ul-Jadeed Campus. You can contact them at 0092-62-9255560 or via email at dsaf@iub.edu.pk for hostel complaints or general guidance ."
Is the Finance Office located at Abbasia Campus?,"Yes, the main Finance Office and Treasurer's Office are located at the Abbasia Campus, the main administrative hub of the Islamia University of Bahawalpur. For specific inquiries, you can call the Treasurer's Office at 062-9250245."
Where can students resolve student portal and IT-related issues at IUB?,"Students facing technical issues with the student portal, LMS, or Wi-Fi can contact the IUB Helpline at 0346-9255555 or 062-9255580. Additionally, the IT support desk is located in the basement of the Science Faculty building at the Abbasia Campus for on-campus support."
Where are the Law Department and its students located?,The Law Department is located at the Abbasia Campus in Bahawalpur. All undergraduate and graduate law programs are offered at this campus.
Which campus houses the Faculty of Allied Health Sciences?,"The Khawaja Fareed Campus hosts the Faculty of Medicine and Allied Health Sciences, including programs like Public Health and Forensic Science. However, other science disciplines such as Physical and Mathematical Sciences are also offered there, alongside a variety of other programs ."
What is the total number of campuses and sub-campuses of IUB?,"The Islamia University of Bahawalpur has a total of seven campuses. This includes three main campuses in Bahawalpur: Abbasia Campus, Baghdad-ul-Jadeed Campus, and Khawaja Fareed Campus, and four sub-campuses located in Bahawalnagar, Rahim Yar Khan, Liaquatpur, and Ahmedpur East ."
Approximately how many faculty members does IUB have?,"The exact total number of faculty members is not publicly listed in a single figure. However, a large faculty community exists; for example, the Faculty of Chemical & Biological Sciences alone has 260 highly qualified faculty members, indicating a substantial total university-wide faculty ."
Approximately how many total courses or programs does IUB offer?,"The exact number of individual courses is extensive and varies by semester. However, the university offers a large number of degree programs across its 15 faculties, recently announcing a reduction in fees for 80 BS programs alone . For a complete list of all current programs, you should visit the official IUB website."
Where can I find the Financial Aid Office at IUB?,The Financial Aid Office at IUB is located at the Abbasia Campus. You can contact them via email at iub_fao@yahoo.com or by phone at 062-9250505 .
Where is the Khawaja Fareed Campus located and what faculties are housed there?,"Khawaja Fareed Campus is located near Abbasia High School on Railway Road in a prime educational area . Currently, the Faculty of Pharmacy and the Faculty of Medicine and Allied Health Sciences are functional there ."
Where is the Department of Law located and how many books are in its library corner?,"The Department of Law, Faculty of Law, is located at the Abbasia Campus . The faculty library features a special book corner named after Mian Saadat Ali Nadeem, who donated 700 law books to the collection ."
Which campuses have been restored for the LLB program?,"The four-year LLB program has been restored, and the faculty building has been expanded with new classrooms and faculty rooms at the Abbasia Campus ."
Does the Rahim Yar Khan Campus offer ADP programs?,"Yes, the Rahim Yar Khan Campus offers a wide range of Associate Degree Programs (ADP) in fields including Information Technology, Computer Science, Political Science, Psychology, Urdu, Sociology, Public Administration, and many others ."
Does the Rahim Yar Khan Campus offer a program in Siraiki studies?,"Yes, the Rahim Yar Khan Campus offers a Department of Siraiki, which includes BS Siraiki studies ."
Does the Rahim Yar Khan Campus have a Doctor of Physiotherapy (DPT) program?,"Yes, the Department of Physical Therapy at the Rahim Yar Khan Campus offers the DPT (Doctor of Physiotherapy) program ."
Does the Rahim Yar Khan Campus offer a program in Human Nutrition and Dietetics?,"Yes, the Rahim Yar Khan Campus offers the BS Human Nutrition & Dietetics program through the Department of Human Nutrition & Dietetics ."
Are there medical laboratory programs at the Rahim Yar Khan Campus?,"Yes, the Rahim Yar Khan Campus has a Department of Medical Laboratory Technology (MLT) that offers relevant programs ."
How many law books were donated to the Faculty of Law library at IUB?,Renowned jurist Mian Saadat Ali Nadeem donated 700 law books to establish a dedicated book corner in the library of the Faculty of Law at the Abbasia Campus .
What is the contact number for the IUB Financial Aid Office?,The IUB Financial Aid Office at the Abbasia Campus can be contacted at 062-9250505 .
Where is the Law Students Club located at IUB?,"The Law Students Club is located at the Abbasia Campus, as they participated in the inauguration ceremony of the Mian Saadat Ali Nadeem Book Corner at the Faculty of Law library ."
Does the Rahim Yar Khan Campus offer programs in Fine Arts?,"Yes, the Rahim Yar Khan Campus has a Department of Fine Arts that offers relevant programs ."
Does the Rahim Yar Khan Campus offer a BBA program?,"Yes, the Rahim Yar Khan Campus offers a BBA (Hons) program and an MBA program for non-business graduates as well ."
Which four sub-campuses are located outside Bahawalpur?,"IUB has four sub-campuses outside Bahawalpur, situated in Bahawalnagar, Rahim Yar Khan, Liaquatpur, and Ahmedpur East ."
What is the general fee structure for MPhil programs in Social Sciences and Arts at IUB?,"The fee for MPhil programs in Social Sciences, Arts, and Islamic & Arabic Studies has been fixed at Rs 75,000 . For MPhil in Science programs, the fee has been fixed at Rs 85,000 ."
What is the general fee structure for PhD programs at IUB?,"The fee for PhD programs in Social Sciences, Arts, and Islamic & Arabic Studies has been fixed at Rs 100,000 . For PhD programs in Science, the fee has been fixed at Rs 110,940 ."
"Which BS programs have had their fees reduced to Rs 25,000 per semester at IUB?","BS programs in History, Pakistan Studies, Archaeology, Persian, Saraiki, Iqbal Studies, Philosophy, Fine Arts, Geography, and Urdu have had their fees fixed at Rs 25,000 per semester ."
What is the fee structure for BS Engineering programs at IUB?,"The fee for all BS programs in the Faculty of Engineering and Technology has been fixed at Rs 65,000 ."
Does the Abbasia Campus offer undergraduate degree programs?,"Yes, the Abbasia Campus is the main campus and offers a wide range of undergraduate (BS) programs across multiple faculties including Arts and Languages, Social Sciences, Agriculture and Environment, Computer Science, Engineering and Technology, Medicine and Allied Health Sciences, Law, Education, Chemical and Biological Sciences, Islamic and Arabic Studies, Management Science and Commerce, and Physical and Mathematical Sciences ."
Which campus is the central admission center located at?,The Central Admission Center for IUB is located at the Abbasia Campus .
Which campus offers PhD programs in Education and Islamic Studies?,PhD programs in Education and Islamic Studies have been launched at the Rahim Yar Khan Campus .
Which sub-campuses does IUB have outside Bahawalpur?,"IUB has sub-campuses in Bahawalnagar, Rahim Yar Khan, Liaquatpur, and Ahmedpur East ."
What courses are offered at the Ahmedpur East sub-campus?,"The Ahmedpur East sub-campus offers BS programs in Economics, Commerce, English Language & Linguistics, English Language & Literature, Urdu, Applied Psychology, Education, Physical Education & Sports Sciences, Pakistan Studies, Islamic Studies, Computer Science, Information Technology, and Information Security, as well as a 5-year LLB program ."
How many teaching departments are currently operating at IUB?,"The university has grown from 26 departments to 129, offering more than 300 disciplines ."
Approximately how many faculty members and PhDs are serving at IUB?,"Currently, around 1800 teachers, including 550 PhDs, are serving at IUB ."
What faculties are functioning at IUB and how many are there?,"IUB has 13 faculties: Agriculture & Environment, Arts and Languages, Computing, Education, Engineering & Technology, Islamic Learning, Law, Management Sciences & Commerce, Medicine & Allied Health Sciences, Pharmacy, Science, Social Sciences, and Veterinary & Animal Sciences ."
Does IUB have weekend programs for MPhil degrees?,"Yes, weekend programs have also been started for candidates aspiring for an MPhil degree ."
Does IUB offer BS Criminology and what is its fee?,"Yes, IUB offers BS Criminology under the Faculty of Law, and it is part of the reduced fee schedule ."
Does the Rahim Yar Khan Campus have a Department of Siraiki?,"Yes, the Rahim Yar Khan Campus offers a Department of Siraiki, which includes BS Siraiki studies ."
What BS programs are offered at the Khawaja Fareed Campus?,"Khawaja Fareed Campus offers BS programs in History, Pakistan Studies, Archaeology, Persian, Saraiki, Iqbal Studies, Philosophy, Fine Arts, and other programs under the Faculty of Arts and Languages, along with Faculty of Pharmacy programs ."
What is the general fee for BS programs under the Faculty of Chemical and Biological Sciences?,The fee for BS programs in the Faculty of Chemical and Biological Sciences has been significantly reduced .
What BS programs are offered at the Bahawalnagar Campus?,"Bahawalnagar Campus offers BS programs in Economics, English Language & Literature, Urdu, Pakistan Studies, Islamic Studies, Computer Science, Information Technology, Information Security, LLB (5-year), and Physical Education & Sports Sciences, among others ."
Where can I report a harassment complaint at IUB and what is the university's policy?,"The Islamia University of Bahawalpur has a strict zero-tolerance policy on harassment and a complete mechanism for investigating anti-harassment matters as per HEC guidelines. A center for anti-harassment and discrimination, headed by a senior female teacher, has been established. The phone numbers of the anti-harassment committee and center are clearly displayed on all campuses. All information is available on the university website, and awareness seminars are regularly organized. Students are encouraged to contact the concerned teachers or committee members without fear ."
What types of scholarships are available at IUB and how can I apply?,"IUB offers various internal and externally funded scholarships including the HEC Need-Based Scholarship, Honhaar Scholarship, Prime Minister's Fee Refund Scheme, and PEEF scholarships. The Directorate of Financial Assistance conducts interviews for scholarship programs; as many as 1850 students recently appeared for HEC Need-Based Scholarship interviews. You can contact the Directorate of Financial Assistance at 0092-62-9255066 or email dfa@iub.edu.pk. For the Honhaar Scholarship, an Information Kiosk is set up at Tabish Alwari Building, BJC, IUB ."
What is the role of the Directorate of Financial Assistance at IUB?,"The Directorate of Financial Assistance (DFA) manages all scholarship programs at IUB, including HEC Need-Based, CM's Honhaar Scholarship, PEEF, and other financial aid initiatives. They conduct interviews, select eligible students, and manage payouts under different scholarships. An Information Kiosk for the Honhaar scholarship has been established at Tabish Alwari Building, BJC, IUB, where staff explain benefits and help students apply. IUB has become the first university in South Punjab to provide scholarships worth more than 800 million rupees ."
What is the IUB Anti-Harassment Center and who heads it?,The IUB Anti-Harassment and Discrimination Center is a dedicated facility established to handle harassment complaints. It is headed by a senior female teacher of the university. The center operates under the university's zero-tolerance policy on harassment and follows HEC guidelines for investigating complaints. All information regarding the complaint procedure is available on the university website .
What was the total number of students who appeared for the HEC Need-Based Scholarship interviews at IUB?,As many as 1850 students appeared for the interviews conducted by the Directorate of Financial Assistance for the Higher Education Commission (HEC) Need-Based Scholarship program. This reflects IUB's commitment to making quality education accessible to deserving students across South Punjab .
How does the IUB scholarship committee select deserving students?,"The selection process involves interviews conducted by senior faculty members. Recently, senior faculty from various departments participated in the interview exercise, including Dean Faculty of Education Prof. Dr. Irshad Hussain, Dean Faculty of Computing Prof. Dr. Dost Muhammad, and Directors from various departments. The interviews help evaluate applicants' eligibility for scholarships like HEC Need-Based and other programs ."
Does IUB offer fee waivers and fee remission for needy students?,"Yes, IUB provides various forms of financial assistance including fee waivers, needy fee remission, and other awards through the Directorate of Financial Assistance. The university has announced significant fee reductions for various programs at Bahawalpur, Bahawalnagar, and Rahim Yar Khan campuses to reduce the financial burden on parents and students. An 'Admission Hour' session on Facebook was also conducted with the Director Financial Assistance to provide information about types of internal and externally funded scholarships, fee waivers, qualification criteria, and how to apply ."
How is the anti-harassment policy implemented across different IUB campuses?,"The anti-harassment policy is implemented uniformly across all IUB campuses. A general notice for 'Strict Observance, Enforcement, Binding & For Compliance / Implementation of Anti-Harassment Act & Policy at IUB' was issued on August 4, 2025. The phone numbers of the anti-harassment committee are displayed at prominent places on all campuses, and the university ensures all information is available on the website ."
Who was appointed to conduct interviews for the HEC Need-Based Scholarship program?,"Senior faculty members from various departments conducted the HEC Need-Based Scholarship interviews, including Dean Faculty of Education Prof. Dr. Irshad Hussain, Dean Faculty of Computing Prof. Dr. Dost Muhammad, Director Financial Assistance Dr. Areeba Khan, Chairman Department of Geography Prof. Dr. Shair Muhammad, and Chairman Department of Social Work Prof. Dr. Asif Naveed Ranjha ."
What are the contact details for the IUB Financial Assistance Office?,"The Directorate of Financial Assistance (DFA) is located in the Syed Tabish Alwari Building, Baghdad ul Jadeed Campus. You can contact them at 0092-62-9255066 or via email at dfa@iub.edu.pk. An Information Kiosk for the Honhaar scholarship is also set up at Tabish Alwari Building, BJC, IUB ."
How can students learn about scholarship opportunities at IUB?,"The Directorate of Financial Assistance organizes 'Admission Hour' sessions on IUB Facebook where students can get live information about admissions and scholarships. The sessions cover types of internal and externally funded scholarships, Honhaar and other scholarships, payouts, fee waivers, needy fee remission, qualification criteria, and how to apply. All information is also available on the IUB website ."
"Which BS programs at IUB have a fee of Rs. 25,000 per semester?","According to the IUB fee structure for Fall 2025, the BS programs with fees fixed at Rs. 25,000 for the first two semesters include Political Science, Gender Studies, Political & Parliamentary Studies, Public Policy & Governance, and Saraiki & Pakistan Studies at the Bahawalpur Campus. At the Bahawalnagar Campus, the lump sum fee for BS Economics, English Literature & Linguistics, Urdu, Applied Psychology, and several other programs has been set at Rs. 25,000. Similarly, at the Rahim Yar Khan Campus, programs like BS Statistics, Physical Education & Sports Sciences, Information Security, and Biotechnology have a lump sum fee of Rs. 25,000."
What is the fee structure for science programs at the Rahim Yar Khan Campus at IUB?,"At the Rahim Yar Khan Campus, the fee for science programs from the 1st to 8th semester has been set as a lump sum of Rs. 40,000. These programs include BS Botany, BS Biochemistry, BS Physics, BS Artificial Intelligence, BS Education, BS Zoology, BS Physical Therapy, and BS Chemistry."
What is the contact information for the IUB Directorate of Financial Assistance (DFA)?,"The IUB Directorate of Financial Assistance (DFA) is located in the Syed Tabish Alwari Building, Baghdad ul Jadeed Campus. You can contact them at Phone: 0092-62-9255066 and Email: dfa@iub.edu.pk."
What documents are required for the HEC Need-Based Scholarship interview at IUB?,"The documents required at the time of the HEC Need-Based Scholarship interview include: 1. HEC Application Form, 2. Copy of the last Fee Receipt of applicant and siblings, 3. Copy of CNIC (Self, Father, Mother / Guardian), 4. Copy of the Parent's/Guardian's Income Certificate (on Affidavit) / Salary Slip / Pension copy, 5. Copy of Rent Agreement in case of a rented house, 6. Last Month's Utility Bills (Electricity, Gas, Telephone and Water), and 7. Death Certificate / Disability Certificate / Medical Certificate of the Parent/Guardian etc (If applicable)."
What is the location and purpose of the CM's Honhaar Scholarship Information Kiosk at IUB?,"An Information Kiosk for the CM's Honhaar Scholarship program has been set up at the Tabish Alvari Building, BJC, IUB. Staff from the Directorate of Financial Assistance are available at the kiosk to explain the benefits and application procedure of the Honhaar Scholarship to visiting students and help them apply."
Where can I get detailed information about IUB admissions and scholarships?,"IUB holds live 'Admission Hour' sessions on its official Facebook page where students can get information about admissions and scholarships. These sessions feature experts like the Director of Academics, Director of Advanced Studies and Research, and Director of Financial Assistance. The Central Admission Centre has also been established at the Abbasia Campus for parents and students to get detailed information regarding BS, MPhil, and PhD programs from faculty and staff."
"How can I report a harassment complaint at IUB, and what is the university's policy?","The Islamia University of Bahawalpur has a zero-tolerance policy on any kind of harassment. There is a complete mechanism for investigating anti-harassment matters per HEC guidelines, with a university center for anti-harassment and discrimination headed by a senior female teacher. The phone numbers of the anti-harassment committee are displayed prominently at all campuses. In a recent case at the Bahawalnagar Campus, a lecturer was immediately suspended following a complaint. Students are encouraged to feel free to contact concerned teachers and committee members without fear."
Which campus is hosting the Central Admission Centre for IUB's Spring 2026 admissions?,"The Central Admission Centre for IUB's Spring 2026 admission campaign has been established at the Abbasia Campus. Prospective students and parents can visit this center to obtain detailed information about BS, MPhil, and PhD programs from faculty members, administrative staff, and student representatives."
Are there weekend programs available for MPhil degrees at IUB?,"Yes, according to the Spring 2026 admission campaign announcement, weekend MPhil programs have been introduced at IUB for professionals who cannot attend regular classes during weekdays."
What is the total number of students who appeared for the IUB HEC Need-Based Scholarship interviews?,"As many as 1,850 students appeared for the interviews conducted by the Directorate of Financial Assistance for the Higher Education Commission (HEC) Need-Based Scholarship program. This demonstrates IUB's commitment to making quality education accessible to deserving students as the largest scholarship-awarding institution in South Punjab."
What courses are offered at the Liaquatpur Sub Campus of IUB?,"The Liaquatpur Sub Campus offers BS programs in Applied Psychology, Biochemistry, Biotechnology, Botany, Business Administration, Chemistry, Commerce, Computer Science, Economics, Education, English Language & Literature, English Linguistics, Entrepreneurship, Information Security, Information Technology, Islamic Studies, Mathematics, Pakistan Studies, Physics, Political Science, Public Administration, Software Engineering, Sports Sciences & Physical Education, Statistics, Urdu, and Zoology."
How much is the fee for the DPT (Doctor of Physiotherapy) program at the Rahim Yar Khan Campus?,"The specific fee for the DPT program at the Rahim Yar Khan Campus is not explicitly stated in the available sources. However, science programs at the Rahim Yar Khan Campus, which include Physical Therapy, have a lump sum fee of Rs. 40,000 from the 1st to the 8th semester."
Does IUB provide fee concessions for alumni students?,"Yes, according to the official IUB fee structure, there is a 25% fee concession for alumni students. Additionally, there is a 10% fee concession on full fee for students of affiliated colleges."
What key topics are covered in IUB's Admission Hour Facebook sessions for students?,"IUB's Admission Hour sessions on Facebook cover a wide range of topics including BS program application procedures and criteria, fee reduction and installments, university facilities, scope of degree programs, number of PhD and MPhil programs, interdisciplinary policy, fee concessions for alumni, weekend programs for professionals, provisional admission for results-awaiting students, entry test guidelines, and scholarship and financial aid details."
Which BS programs were discussed during the Admission Hour session at IUB?,"IUB conducted a live 'Admission Hour' session on Facebook to provide information about BS Programs, including application procedures and criteria, fee reduction, installment options, university facilities, and the scope of degree programs ."
Where is the Central Admission Centre located for the Fall 2026 admission campaign at IUB?,"A central admission cell has been established at the Abbasia campus for the Fall 2026 admission campaign. It provides services like e-portal application, photocopying, document verification, and banking facilities under one roof ."
How many programs are currently offered at IUB?,Admissions are ongoing in 325 programs across all campuses and departments of the university .
What facilities are available at the IUB Admission Cell for prospective students?,"The Admission Cell at Abbasia Campus provides e-portal application, photocopying, document verification, banking facilities, air-conditioned seating, and cold water facilities under one roof ."
Does IUB offer career counseling for students during the admission process?,"Yes, career counseling is also provided to students regarding job opportunities in the national and global market through the Admission Cell ."
Which programs are IUB offering admissions for during the Fall 2026 campaign?,"Admissions are ongoing in 325 programs in Engineering, Sciences, Nursing, Pharmacy, Arts, Law, Allied Health Sciences, Social Sciences, Management Sciences, Agriculture, and Veterinary ."
How can I contact the IUB Directorate of Financial Assistance (DFA)?,"The IUB Directorate of Financial Assistance (DFA) is located in the Syed Tabish Alwari Building, Baghdad ul Jadeed Campus. You can contact them at Phone: 0092-62-9255066 and Email: dfa@iub.edu.pk ."
What facilities are provided to students at the IUB Liaquatpur Sub Campus?,"The Liaquatpur Sub Campus, initially admitting 200 students with 700 applications already received, offers degree programs in 26 departments. Additionally, a specialization degree in Artificial Intelligence has been introduced ."
How can I report a harassment complaint at IUB?,"IUB has a zero-tolerance policy on harassment. A university center for anti-harassment and discrimination, headed by a senior female teacher, has been established. The phone numbers of the anti-harassment committee are displayed prominently at all campuses, and students can feel free to contact concerned teachers and committee members ."
Does IUB have a clear mechanism for investigating anti-harassment complaints?,"Yes, IUB has a complete mechanism for investigating anti-harassment matters as per the guidelines of the Higher Education Commission. Awareness seminars are also organized regarding the policy and complaint procedure ."
Is there a fee concession for IUB alumni students?,"Yes, IUB offers a 25% fee concession on the full fee for alumni students, and a 10% fee concession for students of affiliated colleges ."
What did IUB announce regarding the establishment of the Liaquatpur Sub Campus?,The establishment of the IUB sub-campus in Liaquatpur was announced as an initiative to bring an educational revolution to the deprived and backward region. Admissions will be given in 26 departments .
Does IUB have a scholarship program for journalists and their children?,"Yes, scholarships are given to children of journalists who get admissions on merit, and to journalists who are doing MPhil in Media and Communication Studies ."
What information was shared during the IUB Admission Hour with the Director of Financial Assistance?,"The Admission Hour session with Prof. Dr. Areeba Khan, Director Financial Assistance, provided information about scholarships and financial aid available to students ."
What was the focus of the IUB Admission Hour session with the Director of Advanced Studies and Research?,"The session with Prof. Dr. Asif Naveed Ranjha covered topics including the number of PhD and MPhil programs, interdisciplinary policy, new/reduced fee, fee concessions for alumni, fee installments, weekend programs, and provisional admission for results-awaiting students ."
"During the IUB Admission Hour with Prof. Dr. Asif Naveed Ranjha, what key topics were covered for prospective postgraduate students?","The session provided essential information for postgraduate applicants, including the number of PhD and MPhil programs, the interdisciplinary and intradisciplinary policy, new and reduced fee structures, fee concessions for IUB alumni, fee installment options, weekend programs for professionals, and provisional admission guidelines for students awaiting results ."
I am a child of a journalist. What scholarship opportunities are available at IUB?,"IUB offers scholarships specifically for journalists and their families. Scholarships are awarded to children of journalists who secure admission on merit, and to journalists who are pursuing an MPhil degree in Media and Communication Studies ."
What facilities are provided at the central admission cell located at Abbasia Campus for the Fall 2026 admission campaign?,"The central admission cell at Abbasia Campus provides comprehensive one-window facilities to facilitate students. Services include e-portal application, photocopying, document verification, and banking facilities all under one roof. The cell also offers air-conditioned seating and cold water facilities for candidates and provides career counseling regarding job opportunities in the national and global market ."
How many total programs and in what fields are admissions currently open at IUB?,"Admissions are currently open in 325 programs across all campuses and various departments. These programs span diverse fields, including Engineering, Sciences, Nursing, Pharmacy, Arts, Law, Allied Health Sciences, Social Sciences, Management Sciences, Agriculture, and Veterinary Sciences ."
Does IUB offer any fee concessions?,"Yes, IUB offers a 10% fee concession on the full fee for students from affiliated colleges and a 25% concession for IUB alumni students ."
What information was provided during the IUB Admission Hour session with the Director of Financial Assistance?,"The session with Prof. Dr. Areeba Khan, Director of Financial Assistance, provided details on types of internal and externally funded scholarships, the Honhaar and other scholarships, payouts and terms, fee waivers, needy fee remission, qualification criteria, and the application process for scholarships ."
I am concerned about harassment and discrimination. What steps has IUB taken to address this?,"IUB maintains a zero-tolerance policy on harassment of any kind. A complete mechanism is in place to investigate complaints in line with Higher Education Commission guidelines. A university center for anti-harassment and discrimination, headed by a senior female teacher, has been established. The contact numbers for the committee are prominently displayed across all campuses. Awareness seminars are also regularly organized to educate students about the policy and procedure ."
"During the Admission Hour session with Prof. Dr. Jawad Iqbal, what information was provided about undergraduate admissions?","The session provided details on BS program application procedures and criteria, information on fee reduction and installment plans, university facilities, and the scope and career prospects of various degree programs ."
Which fields of study are included in the 325 programs currently open for admissions at IUB?,"The 325 programs cover a wide range of fields, including Engineering, Sciences, Nursing, Pharmacy, Arts, Law, Allied Health Sciences, Social Sciences, Management Sciences, Agriculture, and Veterinary Sciences ."
How many HEC-recognized research journals does IUB publish?,"IUB publishes 23 HEC-accredited research journals, which contributed to the university securing the 2nd position nationwide in HEC Accredited Journals for 2025 ."
What is the status of the 'MATAN' Urdu Research Journal at IUB?,"'MATAN (متْن)' is a biannual, double-blind peer-reviewed Urdu research journal published by the Department of Urdu & Iqbaliat at IUB. It operates under a Creative Commons license ."
What is the plagiarism policy for submitting research papers to IUB journals?,"IUB journals follow strict ethical guidelines, with zero tolerance for plagiarism. A submitted manuscript with a similarity index of more than 20% may be rejected or returned for conditional acceptance, in line with HEC and international publishing standards ."
Does IUB charge a fee for publishing research articles in its journals?,"No, IUB's South Asian Review of Business and Administrative Studies (SABAS) does not charge any fee for the submission or publication of articles, to maintain academic independence ."
Who is Dr. Mudassar Iqbal and what is his research focus at IUB?,"Dr. Mudassar Iqbal is an Assistant Professor in the Department of Pathology at IUB. He has published over 50 peer-reviewed articles in high-impact journals, focusing on molecular pathology, host–microbiome interactions, and infectious diseases ."
What new advanced program is IUB launching in the field of computing?,"IUB is launching an advanced program in Quantum Computing, the first of its kind in South Punjab. It will be offered through the Faculty of Computing and focuses on Quantum Algorithms, Quantum Information Science, Artificial Intelligence, and Future Generation Computing Technologies ."
Which new MPhil programs have been approved for IUB by the HEC?,The Higher Education Commission (HEC) has granted IUB permission to start MPhil programs in Anthropology and Homeopathic Medical Science. Admissions to these programs are ongoing for the Fall 2026 semester .
What is IUB doing to integrate Artificial Intelligence into its curriculum?,"From the next semester, IUB is equipping its curriculum with courses on Artificial Intelligence. AI modules are being introduced in fields including media studies, mathematics, climate sciences, and the new Quantum Computing program ."
What is the significance of IUB achieving 2nd position nationwide in HEC Recognized Journals (2025) and how many journals are currently recognized?,"IUB achieved 2nd place across Pakistan in HEC Recognized Journals from October 2024 to December 2025. The university currently manages 23 HEC-recognized journals, reflecting its commitment to quality research and academic excellence across various disciplines . This success builds on the 19 journals recognized in 2024 ."
How has IUB expanded its postgraduate program offerings in recent years?,"The Higher Education Commission has approved 21 new MPhil and PhD programs at IUB over the last two years, a testament to the university's growing faculty strength and research infrastructure . This expansion includes new programs like Anthropology and Homeopathic Medical Science ."
What is the total number of MPhil and PhD programs offered by IUB as of the Fall 2026 admission campaign?,"The university is currently admitting students to 101 MPhil and 61 PhD programs across its campuses, offering one of the most extensive selections in the region ."
What new educational programs has IUB introduced for the Fall 2026 semester?,IUB has started many new programs aligned with domestic and international market demands. Several of these programs are unique and not taught at other universities in South Punjab. The university is also now accepting students for MPhil programs in Anthropology and Homeopathic Medical Science .
Can I apply for MPhil admission at IUB before completing my BS degree?,"Yes, students who are in their final semester of a BS degree can apply for admission to an MPhil program based on their previous semester's academic record ."
How can I get guidance about new admissions and unique programs at IUB?,"IUB has opened an admission cell at Abbasia Campus to provide guidance on all new programs. Additionally, you can contact the University Information Center for assistance at 03469255555, 03479255555, or 0629255580 ."
What support is available for researchers at IUB to manage and publish their journals?,"The ORIC (Office of Research, Innovation & Commercialization) manages 23 HEC-recognized journals for IUB. It has strengthened the university's research infrastructure by launching the Open Journal System (OJS) and a Journal Subscription Model to increase national visibility and academic growth ."
What new MPhil programs has IUB recently been granted permission to start by the Higher Education Commission?,The Higher Education Commission (HEC) has granted IUB permission to start MPhil programs in Anthropology and Homeopathic Medical Science. Admissions to these programs are ongoing for the Fall 2026 semester . This brings the total number of NOCs issued to IUB for various programs to 138 .
"Who is the Director of Advanced Studies and Research at IUB, and what did he say about the new MPhil programs?",Professor Dr. Asif Naveed Ranjha serves as the Director of Advanced Studies and Research at IUB. He announced that the Higher Education Commission has issued the necessary permissions for the new MPhil programs in Anthropology and Homeopathic Medical Science . He also confirmed that the HEC has issued 138 NOCs to IUB in total .
"What is the IUB Research Journal Subscription Model, and what is its purpose?",ORIC IUB launched the IUB Research Journal Subscription Model to strengthen the university's research infrastructure and national visibility. It is designed to support not only the university but also its affiliated colleges by providing access to research journals . The model is part of IUB's strategic initiatives to advance research and academic growth .
"Has IUB started admitting students for the LLB program for Fall 2026, and what is the application procedure?","Yes, IUB has opened admissions for the LLB program for the Fall 2026 semester. Candidates are invited to submit their applications online through the IUB E-Portal. Applicants can also visit the Admission Cell at Abbasia Campus for guidance on the admission process, eligibility criteria, and application procedure ."
Which department and faculty at IUB is overseeing the new Quantum Computing program?,"The advanced Quantum Computing program is being launched through the Faculty of Computing at IUB . It is designed to provide knowledge and practical expertise in quantum algorithms, quantum information science, artificial intelligence, and future-generation computing technologies ."
"What is IUB's ranking in HEC Accredited Journals, and how many recognized journals does the university publish?",IUB has achieved the second position nationwide in the list of HEC Accredited National Research Journals published by the Higher Education Commission . The university successfully publishes 23 HEC-accredited journals under the administrative domain of ORIC . This achievement demonstrates the university's commitment to quality research and academic excellence .
What is the significance of the 'National Digital Archive of Research Published in Pakistani Journals' project for IUB researchers?,ORIC IUB organized a one-day training activity in collaboration with the Pakistan Scientific and Technological Centre on the 'Development of National Digital Archive of Research Published in Pakistani Journals' & 'Indexation of Journals in Scopus' . The project aims to create a national digital archive and improve the visibility and indexing of Pakistani research in international databases like Scopus .
"Who is Dr. Sabih Anwar, and what is his role in the development of the Quantum Computing program at IUB?",Dr. Sabih Anwar is a world expert in the field of quantum computing from LUMS University. Vice Chancellor Prof. Dr. Muhammad Kamran announced that the advice and services of Dr. Sabih Anwar will be sought in developing the new Quantum Computing program at IUB. This partnership aims to ensure the program meets international standards .
Who are the key faculty members associated with the new MPhil programs at IUB?,"The Vice Chancellor has congratulated the respective Deans and Chairpersons for securing permission to start the new programs: Professor Dr. Rubina Bhatti, Dean of the Faculty of Social Sciences; Professor Dr. Qaiser Jabeen, Dean of the Faculty of Pharmacy; Dr. Farooq Ahmed, Chairman of the Department of Anthropology; and Dr. Leila Samreen of the Department of Homeopathic Medical Science ."
What training has IUB provided to its journal editors to improve research quality?,"ORIC IUB organized a one-day training activity in collaboration with the Pakistan Scientific and Technological Centre in Islamabad, focused on the 'Development of National Digital Archive of Research Published in Pakistani Journals' and 'Indexation of Journals in Scopus' . This training aims to improve the quality and international visibility of research published in Pakistani journals ."
What is the total number of HEC-recognized journals published by IUB?,IUB publishes 23 HEC-accredited research journals under the administrative domain of ORIC. The university achieved 2nd position nationwide in the list of HEC Accredited Journals for 2025 .
What is IUB's ranking in HEC Accredited Journals for 2025?,IUB achieved the 2nd position nationwide in the list of HEC Accredited National Research Journals published by the Higher Education Commission .
How many MPhil and PhD programs are currently offered at IUB?,"IUB is currently admitting students to 101 MPhil and 61 PhD programs across its campuses, offering one of the most extensive selections in the region ."
When will the Quantum Computing program be launched at IUB?,"The Quantum Computing program will be launched from the next semester at IUB. It will be offered through the Faculty of Computing and will focus on quantum algorithms, quantum information science, artificial intelligence, and future-generation computing technologies ."
What percentage of fee concession is available for IUB alumni students?,IUB offers a 25% fee concession on the full fee for alumni students pursuing further studies at the university .
How can I access the IUB e-portal for admission applications?,You can access the IUB e-portal for admission applications through the official IUB website. The admission cell at Abbasia Campus also provides assistance with e-portal applications for prospective students .
What is the contact information for the IUB Directorate of Financial Assistance?,"The IUB Directorate of Financial Assistance (DFA) is located in the Syed Tabish Alwari Building, Baghdad ul Jadeed Campus. You can contact them at Phone: 0092-62-9255066 and Email: dfa@iub.edu.pk ."
What is the procedure for MPhil admission for students awaiting final semester results?,IUB allows students in their final semester of a BS degree to apply for MPhil admission based on their previous semester's academic record. This is known as provisional admission for results-awaiting students .
Has IUB started the MPhil program in Anthropology?,"Yes, the Higher Education Commission (HEC) has granted IUB permission to start MPhil programs in Anthropology and Homeopathic Medical Science. Admissions to these programs are ongoing for the Fall 2026 semester ."
Who is the Director of Advanced Studies and Research at IUB?,Professor Dr. Asif Naveed Ranjha serves as the Director of Advanced Studies and Research at IUB. He oversees postgraduate programs and research activities at the university .
How many total teaching departments are currently operating at IUB?,"IUB has grown from 26 departments to 129 teaching departments, offering more than 300 disciplines across various faculties ."
What is the ORIC Journal Subscription Model at IUB?,ORIC IUB launched the IUB Research Journal Subscription Model to strengthen the university's research infrastructure and national visibility. It is designed to support not only the university but also its affiliated colleges by providing access to research journals .
Does IUB charge any fee for submission or publication of research articles in its journals?,"No, IUB's South Asian Review of Business and Administrative Studies (SABAS) does not charge any fee for the submission or publication of articles, to maintain academic independence ."
What training has IUB provided to its journal editors for improving research quality and visibility?,"ORIC IUB organized a one-day training activity in collaboration with the Pakistan Scientific and Technological Centre in Islamabad, focused on the 'Development of National Digital Archive of Research Published in Pakistani Journals' and 'Indexation of Journals in Scopus' to improve the quality and international visibility of research published in Pakistani journals ."
What is the plagiarism policy for IUB's research journals?,"IUB journals follow strict ethical guidelines with zero tolerance for plagiarism. A submitted manuscript with a similarity index of more than 20% may be rejected or returned for conditional acceptance, in line with HEC and international publishing standards ."
What is the total number of NOCs issued by HEC to IUB for various programs?,"The Higher Education Commission has issued 138 NOCs (No Objection Certificates) to IUB for various programs, including the recently approved MPhil programs in Anthropology and Homeopathic Medical Science ."
Does IUB offer weekend programs for working professionals?,"Yes, IUB has introduced weekend programs for candidates aspiring for an MPhil degree, catering to working professionals who cannot attend regular weekday classes ."
Who is Dr. Sabih Anwar and what is his role in the Quantum Computing program at IUB?,Dr. Sabih Anwar is a world expert in the field of quantum computing from LUMS University. Vice Chancellor Prof. Dr. Muhammad Kamran announced that his advice and services will be sought in developing the new Quantum Computing program at IUB to ensure it meets international standards .
How many research journals did IUB have recognized by HEC in 2024?,"IUB had 19 HEC-recognized journals in 2024, which increased to 23 recognized journals in 2025, resulting in the university achieving 2nd position nationwide in HEC Accredited Journals ."
Are there any fee concessions for students from affiliated colleges at IUB?,"Yes, IUB offers a 10% fee concession on the full fee for students from affiliated colleges who are pursuing studies at IUB ."
How many BS programs are available at IUB for the Fall 2026 admission campaign?,"Over 140 BS programs are available at IUB for the Fall 2026 admission campaign. Admissions are ongoing in more than 140 BS programs along with 101 MPhil and 61 PhD programs across campuses in Bahawalpur, Bahawalnagar, and Rahim Yar Khan ."
Does IUB allow admission to MPhil programs for students who are still completing their BS degree?,"Yes, students who will complete their BS degree in the current semester can be granted provisional admission to an MPhil program based on their previous semester's academic record. This provision is available for results-awaiting students ."
Where is the Admission Cell located for the Fall 2026 campaign?,"A central admission cell has been established at the Abbasia Campus to facilitate prospective students. It provides e-portal application, photocopying, document verification, and banking facilities all under one roof, with air-conditioned seating and cold water for candidates ."
Can first-year FSc students apply for admission at IUB?,"Yes, the university accepts admission applications based on FSc first-year results. This allows students to apply before completing their intermediate examinations ."
Has IUB started any PhD programs at the Rahim Yar Khan Campus?,"Yes, IUB has started PhD classes in Education and Islamic Studies at the Rahim Yar Khan Campus for Session 2026. Both programs have received regular NOCs from HEC, ensuring degree validity across Pakistan ."
Which PhD programs have been launched at IUB Rahim Yar Khan Campus?,"Two PhD programs have been launched: PhD Education and PhD Islamic Studies. Both programs have received regular HEC NOCs, ensuring full recognition for academic and professional careers ."
How many programs are IUB offering admissions for in Fall 2026?,"IUB is offering admissions in over 140 BS, 101 MPhil, and 61 PhD programs across its campuses in Bahawalpur, Bahawalnagar, and Rahim Yar Khan ."
What fields of study are included in the Fall 2026 admissions at IUB?,"Admissions are open in fields including Engineering, Sciences, Nursing, Pharmacy, Arts, Law, Allied Health Sciences, Social Sciences, Management Sciences, Agriculture, Veterinary, Computer Sciences, Artificial Intelligence, Physics, Chemistry, Mathematics, and Biological and Chemical Sciences ."
What is the IUB Information Center contact number?,"The University Information Center can be contacted at 03469255555, 03479255555, or 0629255580 for guidance regarding admissions and general university information ."
How does IUB rank among universities in Pakistan and globally?,IUB is among the top 10 universities in Pakistan and among the 1000 best universities in the world. It has emerged prominently in QS and Times Higher Education rankings .
What new academic programs has IUB introduced for the Fall 2026 semester?,"Many new educational programs have been started in line with domestic and foreign market needs, including programs that are not taught at other universities in South Punjab. An advanced Quantum Computing program is also being launched through the Faculty of Computing ."
Does IUB have a sub-campus in Liaquatpur and what programs does it offer?,"Yes, the IUB Sub Campus in Liaquatpur offers admissions in 26 departments. A specialization degree in Artificial Intelligence has also been started. Initially, 200 students will be admitted ."
Does IUB offer weekend programs for MPhil degrees?,"Yes, weekend programs have been introduced for students pursuing MPhil degrees to accommodate working professionals who cannot attend regular weekday classes ."
How many HEC NOCs has IUB received for its programs?,The Higher Education Commission has issued 138 NOCs to the Islamia University of Bahawalpur so far for various academic programs .
How many programs are currently open for admission during the Fall 2026 campaign at IUB?,Admissions are ongoing in 325 programs across all campuses and departments of the university for Fall 2026 . You can visit the central admission cell at Abbasia Campus for guidance on available programs.
What facilities are available at the IUB central admission cell at Abbasia Campus?,"The admission cell provides e-portal application support, photocopying, document verification, and banking facilities under one roof. Air-conditioned seating and cold drinking water are also available for candidates and their families . The cell also provides career counseling to guide students about professional opportunities in national and international markets ."
Does IUB offer career counseling services during the admission process?,"Yes, career counseling is provided to students regarding job opportunities in the national and global market through the Admission Cell ."
Which PhD programs have been launched at IUB's Rahim Yar Khan Campus?,"IUB has launched PhD classes in Education and Islamic Studies at the Rahim Yar Khan Campus. Both programs have received regular NOCs from HEC, ensuring degree validity across Pakistan and eligibility for research funding and scholarships ."
Are the PhD programs at IUB Rahim Yar Khan Campus approved by HEC?,"Yes, both PhD Education and PhD Islamic Studies have received regular NOCs (No Objection Certificates) from the Higher Education Commission ."
Does IUB offer weekend programs for MPhil students?,"Yes, IUB has introduced weekend programs for MPhil aspirants to accommodate working professionals who cannot attend regular weekday classes ."
How can I get information about IUB admissions and eligibility criteria?,"You can visit the Admission Cell at Abbasia Campus, where university staff will provide guidance on admissions, eligibility criteria, and the application procedure ."
Where is the central admission cell located at IUB?,The central admission cell is located at the Abbasia Campus . It was established to facilitate prospective students with a range of services under one roof.
Does IUB offer a specialization degree in Artificial Intelligence?,"Yes, the Islamia University of Bahawalpur has started a specialization degree in Artificial Intelligence, which is expected to bring a revolution in information technology . The program is offered at the Liaquatpur Campus."
What is the current global ranking of IUB?,IUB has been included among the top 801-1000 universities globally and among the top 10 universities nationally according to the Times Higher Education World University Rankings 2025 .
What is the LLB admission procedure at IUB?,"Applicants seeking information regarding LLB admission are advised to visit the Admission Cell at Abbasia Campus, where staff will provide guidance on admissions, eligibility criteria, and the application procedure ."
How many MPhil and PhD programs were offered in the Spring 2024 semester?,"In Spring 2024, IUB offered admissions in 87 MPhil and 50 PhD programs . Special weekend programs were also started for working professionals, and classes were held in the evening ."
Which campuses offer MPhil programs at IUB?,IUB offers MPhil programs at multiple campuses. 13 MPhil programs have been started at the Rahim Yar Khan Campus and 12 MPhil programs at the Bahawalnagar Campus .
Does IUB offer journalism scholarships?,"Yes, IUB provides scholarships to children of journalists who get admissions on merit and to journalists pursuing an MPhil in Media and Communication Studies ."
When did IUB's Rahim Yar Khan Campus start PhD classes?,"IUB officially started PhD classes at the Rahim Yar Khan Campus for Session 2026, marking a historic step for the region's academic growth ."
Can I apply for admission based on FSc first-year results?,"Yes, the university accepts admission applications based on FSc first-year results, allowing students to apply before completing their intermediate examinations ."
Which PhD programs have been launched at IUB's Rahim Yar Khan Campus and are they approved by HEC?,"IUB has started PhD classes in Education and Islamic Studies at the Rahim Yar Khan Campus for Session 2026. Both programs have received regular NOCs (No Objection Certificates) from the Higher Education Commission, ensuring degree validity across Pakistan and eligibility for research funding and scholarships ."
When did IUB Rahim Yar Khan Campus start PhD classes?,"The Islamia University of Bahawalpur officially started PhD classes at the Rahim Yar Khan Campus for Session 2026, marking a historic step for the region's academic growth ."
What are the benefits of PhD programs at IUB's Rahim Yar Khan Campus for South Punjab students?,"These HEC-approved PhD programs save cost, reduce travel, support families, and bring top-level education closer to home for students of South Punjab ."
What is the fee structure for BS programs at IUB's Liaquatpur Campus?,"The Liaquatpur Campus offers BS programs with fees ranging from approximately Rs. 43,015 to Rs. 49,665 per semester. Programs like BS Computer Science, Information Technology, and Software Engineering have fees around Rs. 49,665, while programs like BS Economics, Commerce, and Urdu are approximately Rs. 43,015 ."
Which BS programs are available at IUB's Bahawalnagar Campus?,"Bahawalnagar Campus offers a wide range of BS programs including Agriculture, Applied Psychology, Biochemistry, Biotechnology, Business Administration, Computer Science, Economics, Education, English Language & Literature, Islamic Studies, Law (LLB), Mathematics, Physics, and many more ."
What is the fee for BS programs at IUB's Bahawalnagar Campus?,"The lump sum fee for BS programs at Bahawalnagar Campus has been set at approximately Rs. 25,000 for programs including Economics, English Literature and Linguistics, Urdu, Applied Psychology, Education, and many others ."
How many interviews were conducted by IUB for the HEC Need-Based Scholarship program?,As many as 1850 students appeared for the interviews conducted by the Directorate of Financial Assistance for the Higher Education Commission HEC Need-Based Scholarship program .
Which faculty members conducted the HEC Need-Based Scholarship interviews at IUB?,"Dean Faculty of Education Prof. Dr. Irshad Hussain, Dean Faculty of Computing Prof. Dr. Dost Muhammad, Director Financial Assistance Dr. Areeba Khan, Chairman Department of Geography Prof. Dr. Shair Muhammad, and Chairman Department of Social Work Prof. Dr. Asif Naveed Ranjha participated in the interview exercise ."
Where can I get information about scholarships and financial aid at IUB?,"The Directorate of Financial Assistance at IUB provides information about scholarships. Prof. Dr. Areeba Khan, Director Financial Assistance, conducts live Question/Answer sessions on Facebook to inform students about types of internal and externally funded scholarships, fee waivers, needy fee remission, and qualification criteria ."
How many BS programs does IUB offer and in which campuses are admissions ongoing?,"Admissions are ongoing in more than 140 BS programs across campuses including Bahawalpur (Abbasia Campus, Baghdad ul Jadeed Campus, Khawaja Fareed Campus), Rahim Yar Khan, and Bahawalnagar. Programs are offered across multiple faculties ."
What is the application deadline for IUB Spring 2026 admissions?,"The last date to apply for Spring 2026 admissions at IUB was 23 January 2026, and classes commenced from 02 February 2026 ."
How many MPhil and PhD programs are currently available at IUB?,IUB is currently admitting students to 101 MPhil and 61 PhD programs across its campuses .
Who should I contact for admission-related queries at IUB?,"For admission-related queries, you can contact the University Information Center at 03469255555, 0347925555, and 0629255580. You can also visit the Central Admission Center at Abbasia Campus ."
Does IUB offer fee reduction for MPhil programs for its own graduates?,"Yes, IUB has announced a 25% fee reduction for MPhil admissions for students who have obtained their BS degree from the Islamia University of Bahawalpur ."
What is IUB's global and national ranking?,IUB has been included among the top 801-1000 universities globally and among the top 10 universities nationally according to the Times Higher Education World University Rankings 2025 .
Does IUB have a scholarship program for journalists?,"Yes, scholarships are given to children of journalists who get admissions on merit, and to journalists who are doing MPhil in Media and Communication Studies at IUB ."
Which sub-campuses of IUB are currently offering admissions?,"In addition to the main campuses in Bahawalpur, admissions are ongoing in Rahim Yar Khan and Bahawalnagar campuses. IUB also has a sub-campus in Liaquatpur offering various BS programs ."
What is the contact number for the IUB Information Center?,"The IUB Information Center can be contacted at 03469255555, 03479255555, or 062-9255580. It is located in the basement of Sir Sadiq Muhammad Khan Library, Baghdad ul Jadeed Campus ."
Where is the Central Admission Cell located at IUB for the Fall 2026 campaign?,"A central admission cell has been established at the Abbasia Campus. It offers one-window facilities including e-portal application, photocopying, document verification, and banking services under one roof ."
How many total programs is IUB offering admission for in Fall 2026?,"Admissions are ongoing in 325 programs across all campuses and departments for Fall 2026, including BS, MPhil, and PhD programs ."
Does IUB provide career counseling during the admission process?,"Yes, career counseling is provided to students regarding job opportunities in the national and global market through the Admission Cell ."
What facilities are available at the IUB Central Admission Cell?,"The Admission Cell provides e-portal application support, photocopying, document verification, banking facilities, air-conditioned seating, and cold drinking water for candidates and their families ."
Are the PhD programs at IUB Rahim Yar Khan Campus HEC-approved?,"Yes, both PhD Education and PhD Islamic Studies have received regular NOCs from the Higher Education Commission, ensuring degree validity across Pakistan and eligibility for research funding ."
What is the last date to apply for IUB Spring 2026 admissions?,"The last date to apply for Spring 2026 admissions was 23 January 2026, and classes commenced from 02 February 2026 ."
How many MPhil and PhD programs were offered in Spring 2024 at IUB?,"In Spring 2024, IUB offered admissions in 87 MPhil and 50 PhD programs. Special weekend programs were also started for working professionals ."
What is the global ranking of IUB?,IUB has been included among the top 801-1000 universities globally and among the top 10 universities nationally according to the Times Higher Education World University Rankings 2025 .
What is the IUB fee concession for alumni students?,IUB offers a 25% fee concession on the full fee for alumni students and a 10% concession for students from affiliated colleges .
Which programs are available at IUB's Ahmadpur East sub-campus?,"The Ahmadpur East sub-campus offers BS Economics, Commerce, English Language & Literature, Urdu, Applied Psychology, Education, Computer Science, Information Technology, and many other programs ."
Which faculty members conducted the HEC Need-Based Scholarship interviews?,"Dean Faculty of Education Prof. Dr. Irshad Hussain, Dean Faculty of Computing Prof. Dr. Dost Muhammad, Director Financial Assistance Dr. Areeba Khan, and other senior faculty members participated in the interview exercise ."
Does IUB have a sub-campus in Liaquatpur?,"Yes, IUB has a sub-campus in Liaquatpur offering admissions in 26 departments, with a specialization degree in Artificial Intelligence also started there ."
How many applications were received for the Liaquatpur Campus initially?,"Initially 200 students were to be admitted, and 700 applications had been received so far, with more expected after intermediate results ."
Which fields of study are included in the 325 programs at IUB?,"Programs are offered in Engineering, Sciences, Nursing, Pharmacy, Arts, Law, Allied Health Sciences, Social Sciences, Management Sciences, Agriculture, and Veterinary ."
Who is the Incharge of the IUB Admission Cell?,Dr. Badar Habib serves as the Incharge of the Admission Cell and briefed the Vice Chancellor about the admission facilities .
What facilities are available at the IUB Central Admission Cell at Abbasia Campus for prospective students?,"The Central Admission Cell at Abbasia Campus provides one-window facilities including e-portal application support, photocopying, document verification, and banking services all under one roof. Air-conditioned seating and cold drinking water are also available for candidates and their families . Career counseling regarding job opportunities in the national and global market is also provided ."
What is the last date to apply for Fall 2026 admissions at IUB?,"The last date to apply for Fall 2026 admissions at IUB is 23 January 2026, and classes are scheduled to commence from 02 February 2026 . Admissions are ongoing in 325 programs across all campuses ."
What is the fee for BS Computer Science at IUB Liaquatpur Campus?,"The fee per semester for BS Computer Science at IUB Liaquatpur Campus is approximately Rs. 49,665 . Other programs like BS Information Technology, Software Engineering, and Information Security have similar fees, while programs like BS Commerce and Economics are approximately Rs. 43,015 ."
What BS programs are available at IUB Ahmadpur East Campus?,"The Ahmadpur East Campus offers BS programs including Economics, Commerce, English Language & Linguistics, English Language & Literature, Urdu, Applied Psychology, Education, Physical Education & Sports Sciences, Pakistan Studies, Islamic Studies, Computer Science, Information Technology, and Information Security ."
Where can I find the fee structure for IUB Ahmadpur East Campus programs?,"The fee structure for IUB Ahmadpur East Campus BS programs ranges from approximately Rs. 43,015 to Rs. 49,665 per semester depending on the program. Programs like BS Commerce and Economics have lower fees around Rs. 43,015, while BS Computer Science and Software Engineering are around Rs. 49,665 ."
Does IUB offer admissions to the 5th semester of BS programs for BA/BSc holders?,"Yes, candidates who have passed BA/BSc or an Associate Degree (ADP) are eligible for direct admission to the 5th semester of BS programs at IUB campuses including Bahawalnagar and Liaquatpur. They may be required to complete prerequisite courses (maximum 18 credit hours) as decided by the department ."
What is the IUB Bahawalnagar Campus admission merit calculation policy?,Merit for admission to BS programs at IUB Bahawalnagar Campus is calculated on the basis of 1st year (HSSC Part-I) and 3rd year marks. Second year / 4th year results have no effect on merit calculation but are required to meet the minimum eligibility criteria .
Does IUB offer BS Pharmacy and Doctor of Physiotherapy programs?,"Yes, IUB offers BS Pharmacy and Doctor of Physiotherapy (DPT) programs at various campuses. For DPT admission, candidates must have FSc Pre-Medical with minimum 60% marks . These programs are available at campuses including Bahawalnagar ."
What was IUB's ranking in the Times Higher Education Impact Ranking 2026?,IUB achieved a global ranking of 60–100 for the United Nations Sustainable Development Goals (SDGs) in the Times Higher Education Impact Ranking 2026 . The university catapulted from the 801–1000 band in 2025 to the highly competitive 301–400 band for SDG 4 (Quality Education) .
Is IUB approved by the Higher Education Commission (HEC)?,"Yes, IUB is a recognized public sector university approved by the Higher Education Commission (HEC) . The university has received regular HEC NOCs (No Objection Certificates) for its academic programs, ensuring degree validity across Pakistan and eligibility for research funding and scholarships ."
How many MPhil and PhD programs does IUB offer?,IUB currently offers admissions in 101 MPhil and 61 PhD programs across its main and sub-campuses . The university also offers evening and weekend programs for working professionals .
What is the contact number for the IUB University Information Center?,"The IUB University Information Center can be contacted at 03469255555, 0347925555, or 0629255580 for assistance regarding admissions and general university inquiries ."
Does IUB offer a scholarship program for children of journalists?,"Yes, IUB provides scholarships to children of journalists who get admissions on merit, and also to journalists who are pursuing MPhil in Media and Communication Studies . A signing ceremony between IUB and DPC RYK was held to finalize the procedure for these scholarships ."
How can I apply for admission to IUB?,"Admissions can be completed online through the official IUB e-portal at eportal.iub.edu.pk . The Central Admission Cell at Abbasia Campus also provides assistance with e-portal applications, document verification, and other facilities ."
What is the fee for BS programs at IUB Liaquatpur Campus?,"The fee per semester for BS programs at IUB Liaquatpur Campus ranges from approximately Rs. 43,015 for arts and social sciences programs to Rs. 49,665 for computing and technology programs . Programs like BS Biochemistry, Biotechnology, and Physics are around Rs. 47,115 per semester ."
Which faculties and fields are currently offering admissions at IUB?,"IUB is offering admissions in 325 programs across faculties including Arts and Languages, Social Sciences, Agriculture and Environment, Computer Science, Engineering and Technology, Medicine and Allied Health Sciences, Law, Education, Chemical and Biological Sciences, Islamic and Arabic Studies, Management Science and Commerce, and Physical and Mathematical Sciences ."
What is IUB's rank for Engineering and Life Sciences in the Times Higher Education World University Rankings 2026 by subject?,The Islamia University of Bahawalpur maintained its excellent global position in the 401–500 band for both Engineering and Life Sciences in the Times Higher Education World University Rankings 2026 by subject .
What is IUB's global rank in the Research Quality pillar for 2026?,"IUB achieved an impressive global rank of 330 in the Research Quality pillar in the Times Higher Education World University Rankings 2026, jumping 112 positions from 442 in 2025 ."
Does IUB offer a PhD in Agriculture (Agricultural Extension Education)?,"Yes, IUB offers a PhD in Agriculture with a specialization in Agricultural Extension Education. This program has been officially launched in pursuance of a No Objection Certificate (NOC) issued by the Higher Education Commission (HEC) of Pakistan ."
What is the fee for BS Mathematics at IUB Ahmadpur East Campus?,"The fee per semester for BS Mathematics at IUB Ahmadpur East Campus is approximately Rs. 45,565 . Other programs like BS Commerce and Economics are approximately Rs. 43,015, while BS Computer Science is approximately Rs. 49,665 ."
Does IUB offer BS Botany and BS Biotechnology at the Ahmadpur East Campus?,"Yes, IUB Ahmadpur East Campus offers BS Botany and BS Biotechnology programs, with a fee of approximately Rs. 47,115 per semester for each program ."
What is IUB's ranking for SDG 1 (No Poverty) and SDG 2 (Zero Hunger) in the Times Higher Education Impact Ranking 2026?,"IUB maintained its strong, high-ranking positions in the 201–300 band for both SDG 1 (No Poverty) and SDG 2 (Zero Hunger) in the Times Higher Education Impact Ranking 2026 ."
What is the IUB fee per semester for BS Entrepreneurship at the Ahmadpur East Campus?,"The fee per semester for BS Entrepreneurship at IUB Ahmadpur East Campus is approximately Rs. 48,115 ."
What is IUB's global ranking for SDG 6 (Clean Water and Sanitation) and SDG 7 (Affordable and Clean Energy) for 2026?,"IUB jumped into the global Top 200 (101–200 band) for both SDG 6 (Clean Water and Sanitation) and SDG 7 (Affordable and Clean Energy), rising significantly from the 301–400 band in 2025 ."
What is the IUB Ahmadpur East Campus fee for BS Pakistan Studies?,"The fee per semester for BS Pakistan Studies at IUB Ahmadpur East Campus is approximately Rs. 43,015 ."
What is IUB's overall national rank in Pakistan according to the Times Higher Education World University Rankings 2026?,IUB secured an impressive National Rank of 10 out of 48 ranked Pakistani universities in the Times Higher Education World University Rankings 2026 .
Is a No Objection Certificate (NOC) required for migration from another university to IUB?,"Yes, according to IUB regulations, no student can be admitted by migration from another university or institution in Pakistan unless they produce a No Objection Certificate (NOC) confirming that they have not been debarred or suspended and that no disciplinary action is pending against them ."
What are the requirements for a migration certificate to IUB?,"If migration is granted, the student must provide a No Objection Certificate from their parent college or university. Additionally, the NOC must confirm that the student has not been debarred from examinations, suspended, or expelled ."
What was the basis for the fee reduction at IUB's Liaquatpur and Rahim Yar Khan sub-campuses?,"A revision and reduction in the fee structure for the Liaquatpur and Rahim Yar Khan sub-campuses was officially announced, though the specific basis for the reduction was not detailed in the notice ."
What is the fee for BS Political Science at IUB Ahmadpur East Campus?,"The fee per semester for BS Political Science at IUB Ahmadpur East Campus is approximately Rs. 43,015 ."
"What is IUB's global ranking for SDG 4 (Quality Education) and SDG 16 (Peace, Justice and Strong Institutions) in the Times Higher Education Impact Ranking 2026?","IUB catapulted from the 801–1000 band in 2025 to the highly competitive 301–400 band for SDG 4 (Quality Education). For SDG 16 (Peace, Justice and Strong Institutions), IUB surged from the 801–1000 rank to the 401–600 band ."
What is the fee for BS Sports Sciences & Physical Education at IUB Ahmadpur East Campus?,"The fee per semester for BS Sports Sciences & Physical Education at IUB Ahmadpur East Campus is approximately Rs. 43,015 ."
Has IUB's performance improved in the Times Higher Education World University Rankings 2026?,"Yes, IUB achieved a substantial increase in its overall performance score, rising from 34.5–38.1 to 35.5–38.9. The institution also jumped 112 positions in Research Quality, soaring from rank 442 in 2025 to 330 worldwide in 2026 ."
What is the IUB fee per semester for BS Applied Psychology at the Ahmadpur East Campus?,"The fee per semester for BS Applied Psychology at IUB Ahmadpur East Campus is approximately Rs. 44,015 ."
What is the IUB fee per semester for BS Biochemistry and BS Biotechnology at the Ahmadpur East Campus?,"The fee per semester for both BS Biochemistry and BS Biotechnology at IUB Ahmadpur East Campus is approximately Rs. 47,115 per semester for each program ."
What is the IUB fee per semester for BBA (Business Administration) at the Ahmadpur East Campus?,"The fee per semester for BBA at IUB Ahmadpur East Campus is approximately Rs. 48,115 ."
What is the IUB fee per semester for BS Chemistry at the Ahmadpur East Campus?,"The fee per semester for BS Chemistry at IUB Ahmadpur East Campus is approximately Rs. 47,115 ."
What is the IUB fee per semester for BS Statistics at the Ahmadpur East Campus?,"The fee per semester for BS Statistics at IUB Ahmadpur East Campus is approximately Rs. 45,565 ."
What is the IUB fee per semester for BS Zoology at the Ahmadpur East Campus?,"The fee per semester for BS Zoology at IUB Ahmadpur East Campus is approximately Rs. 47,115 ."
What is the IUB fee per semester for BS English Language & Literature at the Ahmadpur East Campus?,"The fee per semester for BS English Language & Literature at IUB Ahmadpur East Campus is approximately Rs. 43,015 ."
What is the IUB fee per semester for BS Information Security at the Ahmadpur East Campus?,"The fee per semester for BS Information Security at IUB Ahmadpur East Campus is approximately Rs. 49,665 ."
What is the fee for Migration/NOC from IUB for a BS/Master level student?,"The Migration/NOC fee for BS/Master level students at IUB is Rs. 3,000/- . This fee is non-refundable and must be deposited through a challan generated via the IUB e-portal in any HBL branch ."
What is the fee for Migration/NOC from IUB for an MPhil student?,"The Migration/NOC fee for MPhil students at IUB is Rs. 3,500/- . Students must attach attested copies of their IUB result card, CNIC, and the fee challan with their application ."
What is the fee for Migration/NOC from IUB for a PhD student?,"The Migration/NOC fee for PhD students at IUB is Rs. 6,000/- . The fee is non-refundable and must be deposited through a challan generated via the IUB website ."
How can I apply for an NOC/Migration Certificate from IUB?,"To apply for an NOC/Migration Certificate, you must download the form from the IUB website, attach attested copies of your last IUB result card/degree and CNIC, generate a fee challan through the IUB e-portal, deposit the fee in any HBL branch, and submit the complete application to the Registration & Migration Section . The application must also be signed by the Director Campus/Chairperson ."
What is the procedure for a duplicate NOC from IUB if the original is lost?,"For a duplicate NOC, you must submit: 1) An affidavit for the lost NOC countersigned by a 1st class Magistrate/Civil Judge, 2) A Police Report (FIR) regarding the lost NOC, and 3) A notification in one national newspaper about the lost NOC ."
Which registration codes can apply for NOC/Migration from IUB?,"Only applicants with the following registration codes can apply for NOC/Migration from IUB: IU-, IRYC-, IBNC-, HIU-, and TIU- ."
What is the purpose of an NOC/Migration Certificate from IUB?,An NOC/Migration Certificate from IUB is required for students who wish to migrate to another university or institution for admission purposes or examination purposes . It certifies that the student is a regular student and there is no objection to their migration .
What is IUB's global ranking in the Research Quality pillar of the Times Higher Education World University Rankings 2026?,"IUB achieved an impressive global rank of 330 in the Research Quality pillar in the Times Higher Education World University Rankings 2026, jumping 112 positions from 442 in 2025 . Its pillar score surged from 75.7 to 80.3, driven by improvements in Citation Impact (84.1 to 87.3) and Research Excellence (69.8 to 78.0) ."
Which subject areas did IUB rank in for the Times Higher Education World University Rankings 2026 by subject?,"IUB achieved prominent positions in the following subject areas: Engineering (401-500), Life Sciences (401-500), Medicine and Health (501-600), Physical Sciences (501-600), Social Sciences (501-600), Business and Economics (601-800), and Computer Science (601-800) ."
What is IUB's rank in the QS World University Rankings Asia 2026?,The Islamia University of Bahawalpur has been ranked 434th in the QS World University Rankings Asia 2026 and 111th in South Asia . The university achieved a rank of 144th in Asia for the International Research Network metric with an exceptional score of 92.8 .
What was IUB's International Research Network score in the QS Asia Rankings 2026?,"IUB achieved an exceptional score of 92.8 in the International Research Network metric, securing the 144th position in Asia . This reflects the university's successful efforts to establish robust global research partnerships ."
What improvements did IUB make in perception-based metrics for the QS Asia Rankings 2026?,"IUB demonstrated significant gains in perception-based metrics: Academic Reputation improved from 19.4 in 2025 to 26.5 in 2026, and Employer Reputation improved from 21.7 in 2025 to 26.2 in 2026 . This reflects growing trust and recognition within the international academic community and among key employers ."
What is IUB's rank in the QS World University Rankings Asia 2026 and South Asia?,The Islamia University of Bahawalpur has been ranked 434th in Asia and 111th in South Asia in the QS World University Rankings Asia 2026 . The university achieved an exceptional score of 92.8 in the International Research Network metric .
What improvements did IUB make in Academic and Employer Reputation for the QS Asia Rankings 2026?,"IUB demonstrated significant gains in perception-based metrics: Academic Reputation improved from 19.4 in 2025 to 26.5 in 2026, and Employer Reputation improved from 21.7 in 2025 to 26.2 in 2026 . This reflects growing trust and recognition within the international academic community and among key employers ."
What is IUB's global ranking for SDG 4 (Quality Education) in the Times Higher Education Impact Ranking 2026?,IUB catapulted from the 801–1000 band in 2025 to the highly competitive 301–400 band for SDG 4 (Quality Education) in the Times Higher Education Impact Ranking 2026 .
What is the IUB fee for NOC/Migration Certificate for MPhil students?,"The Migration/NOC fee for MPhil students at IUB is Rs. 3,500/- . The fee is non-refundable and must be deposited through a challan generated via the IUB website in any HBL branch ."
What is IUB's global rank in the Times Higher Education Interdisciplinary Science Rankings 2026?,"IUB has maintained its position by performing strongly in the Times Higher Education Interdisciplinary Science Rankings 2026, ranked 251–300 globally and securing 12th position among Pakistani universities in this category ."
What is the fee for BS Zoology at IUB Ahmadpur East Campus?,"The fee per semester for BS Zoology at IUB Ahmadpur East Campus is approximately Rs. 47,115 ."
What is the fee for NOC/Migration Certificate for PhD students at IUB?,"The Migration/NOC fee for PhD students at IUB is Rs. 6,000/- . The fee is non-refundable and must be deposited through a challan generated via the IUB e-portal in any HBL branch ."
What is IUB's global ranking for SDG 6 (Clean Water and Sanitation) in the THE Impact Ranking 2026?,"IUB jumped into the global Top 200 (101–200 band) for SDG 6 (Clean Water and Sanitation) in the Times Higher Education Impact Ranking 2026, rising significantly from the 301–400 band in 2025 ."
What is the fee for BS Physics at IUB Ahmadpur East Campus?,"The fee per semester for BS Physics at IUB Ahmadpur East Campus is approximately Rs. 47,115 ."
What is IUB's global ranking for SDG 1 (No Poverty) in the THE Impact Ranking 2026?,"IUB maintained its strong, high-ranking position in the 201–300 band for SDG 1 (No Poverty) in the Times Higher Education Impact Ranking 2026 ."
What is the fee for BS Commerce at IUB Ahmadpur East Campus?,"The fee per semester for BS Commerce at IUB Ahmadpur East Campus is approximately Rs. 43,015 ."
What is IUB's global rank in the Research Quality pillar of THE World University Rankings 2026?,"IUB achieved an impressive global rank of 330 in the Research Quality pillar, jumping 112 positions from 442 in 2025 to 330 worldwide in 2026 . The pillar score surged from 75.7 to 80.3 ."
"Has IUB participated in the Times Higher Education Impact Rankings, and what is the university's ranking for SDG 4 (Quality Education) in 2026?","Yes, IUB participated in the Times Higher Education Impact Rankings 2026 and achieved a score of 301-400 for SDG 4 (Quality Education), a significant improvement from the 801-1000 band in 2025 ."
What is IUB's global ranking in the Times Higher Education Impact Rankings 2026 for SDG 1 (No Poverty) and SDG 2 (Zero Hunger)?,IUB maintained strong positions in the 201-300 band for both SDG 1 (No Poverty) and SDG 2 (Zero Hunger) in the Times Higher Education Impact Rankings 2026 .
How did IUB perform in the Times Higher Education Impact Rankings 2026 for SDG 6 (Clean Water and Sanitation) and SDG 7 (Affordable and Clean Energy)?,IUB achieved a global ranking in the 101-200 band for SDG 6 (Clean Water and Sanitation) and the 101-200 band for SDG 7 (Affordable and Clean Energy) in the 2026 Impact Rankings .
"What is IUB's ranking for SDG 16 (Peace, Justice and Strong Institutions) in the Times Higher Education Impact Rankings 2026?","IUB surged from the 801-1000 rank in 2025 to the 401-600 band for SDG 16 (Peace, Justice and Strong Institutions) in the Times Higher Education Impact Rankings 2026 ."
What is the fee structure for BS programs at IUB's Liaquatpur Campus for Science programs?,"The fee per semester for BS Science programs at IUB Liaquatpur Campus is approximately Rs. 47,115 . This applies to programs including Biochemistry, Biotechnology, Botany, Chemistry, Physics, and Zoology."
What BS programs are available at IUB's Ahmadpur East Campus?,"The Ahmadpur East Campus offers BS programs including Economics, Commerce, English Language & Literature, Urdu, Applied Psychology, Education, Physical Education & Sports Sciences, Pakistan Studies, Islamic Studies, Computer Science, Information Technology, Information Security, and many others ."
Does IUB offer a BS program in Sports Sciences and Physical Education?,"Yes, IUB offers BS Sports Sciences & Physical Education at the Ahmadpur East Campus with a fee of approximately Rs. 43,015 per semester ."
Does IUB offer a BS program in Information Security?,"Yes, IUB offers BS Information Security at the Ahmadpur East Campus. The fee per semester for BS Information Security is approximately Rs. 49,665 ."
What SDGs did IUB demonstrate strong performance in within the Times Higher Education Impact Rankings 2026?,"IUB demonstrated strong performance across multiple SDGs in the THE Impact Rankings 2026, including SDG 1 (No Poverty) and SDG 2 (Zero Hunger) at 201-300, SDG 4 (Quality Education) at 301-400, SDG 6 and SDG 7 at 101-200, and SDG 16 at 401-600 ."
Does IUB offer a BS program in Chemistry at the Ahmadpur East Campus?,"Yes, IUB offers BS Chemistry at the Ahmadpur East Campus with a fee of approximately Rs. 47,115 per semester ."
How can I apply for a Migration Certificate from IUB for admission to another university?,"To apply for a Migration Certificate from IUB, download the form from the IUB website, attach attested copies of your last IUB result card/degree and CNIC, generate a fee challan through the IUB e-portal, deposit the fee in any HBL branch, and submit the complete application to the Registration & Migration Section ."
What is the procedure for a duplicate NOC from IUB if the original certificate is lost?,"For a duplicate NOC from IUB, you must submit: an affidavit for the lost NOC countersigned by a 1st Class Magistrate/Civil Judge, a Police Report (FIR) regarding the lost NOC, and a notification in one national newspaper about the lost NOC ."
Which registration codes are eligible to apply for NOC/Migration from IUB?,"Only applicants with registration codes IU-, IRYC-, IBNC-, HIU-, and TIU- can apply for NOC/Migration from IUB ."
What is the IUB fee per semester for BS English Language & Literature (Group-A) under the revised fee structure from Fall 2025?,"Under the revised fee structure effective from Fall 2025, the total fee for the first semester of BS English Language & Literature (Group-A) is Rs. 62,720. For the second and subsequent semesters, the fee is Rs. 49,210 ."
What is the IUB fee per semester for BS English Language & Linguistics (Group-B) from Fall 2025 onwards?,"The revised fee for BS English Language & Linguistics (Group-B) is Rs. 72,155 for the first semester, and Rs. 58,645 for the second and subsequent semesters, effective from the Fall 2025 session ."
Has IUB announced a fee reduction for programs at its sub-campuses in Bahawalnagar and Rahim Yar Khan?,"Yes, IUB announced a significant fee reduction in underperforming programs and sub-campuses, including Bahawalnagar and Rahim Yar Khan, on the occasion of the university's 100-year completion ."
What is the fee for the MPhil (Evening) program in the Department of English Literature at IUB?,"The total fee for the first semester of the MPhil (Evening) program in the Department of English Literature is Rs. 75,590, and for the second and subsequent semesters, it is Rs. 60,000 ."
What is the IUB fee for the PhD (Evening) program in the Department of English Literature?,"The total fee for the first semester of the PhD (Evening) program is Rs. 100,940, and for the second and subsequent semesters, it is Rs. 70,000 ."
What is IUB's global ranking in the QS World University Rankings: Sustainability 2026?,"IUB achieved the 847th position globally in the QS World University Rankings: Sustainability 2026, a significant leap from the 1181-1200 band in 2025 ."
What is IUB's national rank in Pakistan according to the QS Sustainability Rankings 2026?,IUB is ranked 9th in Pakistan according to the QS World University Rankings: Sustainability 2026 .
What is IUB's rank in Asia in the QS Sustainability Rankings 2026?,IUB has secured the 281st position in Asia in the QS World University Rankings: Sustainability 2026 .
"What overall score did IUB achieve in the QS Sustainability Rankings 2026, and how does it compare to the previous year?","IUB achieved an overall score of 57.2 in the QS Sustainability Rankings 2026, a significant increase from the previous year's score of 38.5 ."
What score did IUB achieve in the Knowledge Exchange metric of the QS Sustainability Rankings 2026?,"IUB demonstrated exceptional performance in Knowledge Exchange, achieving an impressive score of 82.2 in the QS Sustainability Rankings 2026 ."
What is IUB's score in the Health and Wellbeing metric of the QS Sustainability Rankings 2026?,"IUB earned a score of 74.6 in Health and Wellbeing, reflecting its dedication to student welfare and accessibility ."
What is IUB's score in the Social Impact category of the QS Sustainability Rankings 2026?,"IUB demonstrated exceptional strength in Social Impact, achieving a category score of 64.9 ."
What is IUB's score in the Equality metric of the QS Sustainability Rankings 2026?,"IUB scored 70.2 in Equality, reinforcing its commitment to inclusivity and diversity ."
What is IUB's score in the Environmental Research metric of the QS Sustainability Rankings 2026?,IUB proved its research focus by achieving an Environmental Research score of 70.1 .
What is IUB's score in the Good Governance metric of the QS Sustainability Rankings 2026?,"IUB demonstrated strong, ethical leadership through a Good Governance score of 63.3 ."
What is IUB's global ranking for the UN SDGs in the Times Higher Education Impact Ranking 2026?,The Islamia University of Bahawalpur has achieved a global ranking of 60–100 for the United Nations Sustainable Development Goals (SDGs) in the Times Higher Education Impact Ranking 2026 .
What is the IUB fee concession for students of affiliated colleges and alumni students?,IUB offers a 10% fee concession on the full fee for students of affiliated colleges and a 25% concession for alumni students .
What is the IUB refund policy for students?,The IUB refund policy is according to Notification No.326/F&D/Accts Dated.06/09/2021. Students are advised to check the official IUB website for the latest refund policy details .
Which SDGs did IUB show major improvement in for the Times Higher Education Impact Ranking 2026?,"IUB saw major improvements in SDG 9 (Industry, Innovation and Infrastructure), moving from 601–800 to 301–400, and in SDG 12 (Responsible Consumption and Production), climbing from 401–600 to the 201–300 band ."
What is IUB's ranking for SDG 11 (Sustainable Cities and Communities) in the THE Impact Ranking 2026?,"IUB secured upward mobility in SDG 11 (Sustainable Cities and Communities), shifting from 401–600 to 301–400 ."
What is the fee for BS Computer Science at the Liaquatpur Campus?,"The per semester fee for BS Computer Science at the Liaquatpur Campus is approximately Rs. 49,665 ."
What is the fee for BS Commerce at the Liaquatpur Campus?,"The per semester fee for BS Commerce at the Liaquatpur Campus is approximately Rs. 43,015 ."
What is the per semester fee for BS English Language & Literature at the Liaquatpur Campus?,"The per semester fee for BS English Language & Literature at the Liaquatpur Campus is approximately Rs. 43,015 ."
What is the fee for BS Information Technology at the Liaquatpur Campus?,"The per semester fee for BS Information Technology at the Liaquatpur Campus is approximately Rs. 49,665 ."
What is the per semester fee for BS Biochemistry at the Liaquatpur Campus?,"The per semester fee for BS Biochemistry at the Liaquatpur Campus is approximately Rs. 47,115 ."
How much does it cost per semester for BS Physics at the Liaquatpur Campus?,"The per semester fee for BS Physics at the Liaquatpur Campus is approximately Rs. 47,115 ."
What is the fee for BS Mathematics at the Liaquatpur Campus?,"The per semester fee for BS Mathematics at the Liaquatpur Campus is approximately Rs. 45,565 ."
How much is the semester fee for BS Statistics at the Liaquatpur Campus?,"The per semester fee for BS Statistics at the Liaquatpur Campus is approximately Rs. 45,565 ."
What is the fee for BS Applied Psychology at the Liaquatpur Campus?,"The per semester fee for BS Applied Psychology at the Liaquatpur Campus is approximately Rs. 44,015 ."
How much is the fee for BS Business Administration at the Liaquatpur Campus?,"The per semester fee for BS Business Administration at the Liaquatpur Campus is approximately Rs. 48,115 ."
What is the fee for BS Entrepreneurship at the Liaquatpur Campus?,"The per semester fee for BS Entrepreneurship at the Liaquatpur Campus is approximately Rs. 48,115 ."
How much does BS Information Security cost per semester at the Liaquatpur Campus?,"The per semester fee for BS Information Security at the Liaquatpur Campus is approximately Rs. 49,665 ."
What is the fee for BS Software Engineering at the Liaquatpur Campus?,"The per semester fee for BS Software Engineering at the Liaquatpur Campus is approximately Rs. 49,665 ."
How much is the per semester fee for BS Botany at the Liaquatpur Campus?,"The per semester fee for BS Botany at the Liaquatpur Campus is approximately Rs. 47,115 ."
What is the fee for BS Zoology at the Liaquatpur Campus?,"The per semester fee for BS Zoology at the Liaquatpur Campus is approximately Rs. 47,115 ."
How much is the fee for BS Chemistry at the Liaquatpur Campus?,"The per semester fee for BS Chemistry at the Liaquatpur Campus is approximately Rs. 47,115 ."
What is the fee for BS Economics at the Liaquatpur Campus?,"The per semester fee for BS Economics at the Liaquatpur Campus is approximately Rs. 43,015 ."
How much is the fee for BS Education at the Liaquatpur Campus?,"The per semester fee for BS Education at the Liaquatpur Campus is approximately Rs. 43,015 ."
What is the fee for BS Islamic Studies at the Liaquatpur Campus?,"The per semester fee for BS Islamic Studies at the Liaquatpur Campus is approximately Rs. 43,015 ."
How much is the fee for BS Pakistan Studies at the Liaquatpur Campus?,"The per semester fee for BS Pakistan Studies at the Liaquatpur Campus is approximately Rs. 43,015 ."
What is the fee for BS Political Science at the Liaquatpur Campus?,"The per semester fee for BS Political Science at the Liaquatpur Campus is approximately Rs. 43,015 ."
How much is the fee for BS Public Administration at the Liaquatpur Campus?,"The per semester fee for BS Public Administration at the Liaquatpur Campus is approximately Rs. 43,015 ."
What is the fee for BS Sports Sciences & Physical Education at the Liaquatpur Campus?,"The per semester fee for BS Sports Sciences & Physical Education at the Liaquatpur Campus is approximately Rs. 43,015 ."
How much is the fee for BS Urdu at the Liaquatpur Campus?,"The per semester fee for BS Urdu at the Liaquatpur Campus is approximately Rs. 43,015 ."
What is the IUB fee reduction policy for underperforming programs and sub-campuses?,"IUB announced a significant fee reduction in underperforming programs and sub-campuses, including Bahawalnagar and Rahim Yar Khan, on the occasion of the university's 100-year completion ."
Does IUB offer a fee concession for alumni students?,"Yes, IUB offers a 25% fee concession on the full fee for alumni students ."
Is there a fee concession for students of affiliated colleges at IUB?,"Yes, IUB offers a 10% fee concession on the full fee for students of affiliated colleges ."
What is the global rank of IUB in the Times Higher Education Impact Rankings 2026 for the UN SDGs?,The Islamia University of Bahawalpur has achieved a global ranking of 60-100 for the United Nations Sustainable Development Goals (SDGs) in the Times Higher Education Impact Ranking 2026 .
What is IUB's global rank in the QS World University Rankings: Sustainability 2026?,"IUB has achieved the 847th position globally in the QS World University Rankings: Sustainability 2026, a significant leap from the 1181-1200 band in 2025 ."
What is IUB's ranking for SDG 4 (Quality Education) in the THE Impact Ranking 2026?,IUB catapulted from the 801-1000 band in 2025 to the highly competitive 301-400 band for SDG 4 (Quality Education) in the Times Higher Education Impact Ranking 2026 .
"What is IUB's ranking for SDG 16 (Peace, Justice and Strong Institutions) in the THE Impact Ranking 2026?","IUB surged from the 801-1000 rank to the 401-600 band for SDG 16 (Peace, Justice and Strong Institutions) in the Times Higher Education Impact Ranking 2026 ."
What is IUB's ranking for SDG 6 (Clean Water and Sanitation) in the THE Impact Ranking 2026?,"IUB jumped into the global Top 200 (101-200 band) for SDG 6 (Clean Water and Sanitation), rising significantly from the 301-400 band in 2025 ."
What is IUB's ranking for SDG 7 (Affordable and Clean Energy) in the THE Impact Ranking 2026?,"IUB jumped into the global Top 200 (101-200 band) for SDG 7 (Affordable and Clean Energy), rising significantly from the 301-400 band in 2025 ."
"What is IUB's ranking for SDG 9 (Industry, Innovation and Infrastructure) in the THE Impact Ranking 2026?","IUB saw major improvement in SDG 9, moving from 601-800 to 301-400 in the Times Higher Education Impact Ranking 2026 ."
What is IUB's ranking for SDG 12 (Responsible Consumption and Production) in the THE Impact Ranking 2026?,IUB climbed from 401-600 to the 201-300 band for SDG 12 (Responsible Consumption and Production) .
What is IUB's global rank in the Research Quality pillar of the THE World University Rankings 2026?,"IUB achieved an impressive global rank of 330 in the Research Quality pillar, jumping 112 positions from 442 in 2025 ."
What is IUB's overall national rank in Pakistan according to the THE World University Rankings 2026?,IUB secured an impressive National Rank of 10 out of 48 ranked Pakistani universities in the Times Higher Education World University Rankings 2026 .
Does IUB offer fee installments for international students?,"The Islamia University of Bahawalpur offers a semester-based fee structure for international students, with an admission fee of $1000, and a semester fee of $2,000 (without practical labs) or $2,500 (with practical labs) ."
How much is the hostel fee for international students at IUB?,"IUB offers international students a hostel option with a standard menu for $500 and a special menu for $1,000 per semester ."
Where can I find the application form for NOC/Migration from IUB?,"You can download the application form for NOC/Migration from the IUB website or obtain it from the Registration & Migration Section at the Directorate of Academics in the Syed Tabish Alwari Building, Baghdad-ul-Jadeed Campus ."
What is the fee for NOC/Migration Certificate for an MPhil student at IUB?,"The Migration/NOC fee for MPhil students at IUB is Rs. 3,500 ."
What is the fee for NOC/Migration Certificate for a PhD student at IUB?,"The Migration/NOC fee for PhD students at IUB is Rs. 6,000 ."
What documents are required for an NOC/Migration Certificate from IUB?,"You must attach attested copies of your IUB Passed/Failed Result Card/Degree of the last examination(s), a photo copy of your CNIC, and the fee challan ."
What is the reason for applying for an NOC/Migration Certificate from IUB?,You can apply for an NOC/Migration Certificate for either Admission Purpose or Examination Purpose .
Where is the Registration & Migration Section located at IUB?,"The Registration & Migration Section is located in the Directorate of Academics, Syed Tabish Alwari Building, Baghdad-ul-Jadeed Campus ."
What is the contact email for the Registration & Migration Section at IUB?,You can contact the Registration & Migration Section via email at reg2mig.acadibub@gmail.com .
What is the contact telephone number for the Registration & Migration Section at IUB?,You can contact the Registration & Migration Section at +92-062-9255075 .
What is the fee for a Migration/NOC Certificate for BS/Master level students at IUB?,"The Migration/NOC fee for BS/Master level students at IUB is Rs. 3,000 . The fee is non-refundable and must be deposited through a challan generated via the IUB website in any HBL branch ."
How can I apply for a Medium of Instruction Certificate from IUB?,"To apply for a Medium of Instruction Certificate, you must submit the application form to the Registration & Migration Section at the Directorate of Academics along with attested copies of your IUB Complete Passed Transcript/Result Card and Degree, your CNIC, and the required fee challan . The section is located in the Syed Tabish Alwari Building, Baghdad-ul-Jadeed Campus ."
What is the contact email and phone number for the Registration & Migration Section at IUB?,You can contact the Registration & Migration Section via email at reg2mig.acadibub@gmail.com or by phone at +92-062-9255075 .
What documents are required for a Medium of Instruction Certificate at IUB?,"You must attach attested photocopies of: 1) Your IUB Complete Passed Transcript/Result Card and Degree of the last examination, 2) Your CNIC, and 3) The required fee challan (non-refundable) generated through the IUB e-portal . If you are a current student, your transcript/result card must also be signed by the Incharge Examination and Chairman/HOD of the department concerned ."
Which registration codes are eligible to apply for an NOC/Migration Certificate from IUB?,"Only applicants with the following registration codes can apply for NOC/Migration from the Directorate of Academics: IU-, IRYC-, IBNC-, HIU-, and TIU- ."
What is the fee for a Migration/NOC Certificate for PhD students at IUB?,"The Migration/NOC fee for PhD students at IUB is Rs. 6,000 . The fee is non-refundable and must be deposited through a challan generated via the IUB e-portal in any HBL branch ."
What is the procedure for obtaining a duplicate NOC from IUB if the original is lost?,"For a duplicate NOC, you must submit: 1) An affidavit for the lost NOC countersigned by a 1st Class Magistrate/Civil Judge, 2) A Police Report (FIR) regarding the lost NOC, and 3) A notification in one national newspaper about the lost NOC ."
What is the fee for a Migration/NOC Certificate for MPhil students at IUB?,"The Migration/NOC fee for MPhil students at IUB is Rs. 3,500 ."
How can I apply for a Migration Certificate from IUB to another university?,"To apply for a Migration Certificate, download the form from the IUB website, attach attested copies of your IUB Passed/Failed Result Card/Degree and CNIC, generate a fee challan through the IUB e-portal, deposit the fee in any HBL branch, and submit the complete application to the Registration & Migration Section . The application must also be signed by the Director Campus or Chairperson ."
Can I apply for migration to IUB from a private sector university?,"Yes, migration from HEC-recognized private sector universities is allowed. However, there is a non-refundable processing fee of Rs. 30,000. If migration is granted, the applicant must also deposit Self-Finance dues of the concerned department along with regular semester fees ."
How many credits can be transferred to IUB for a migrated student?,A migrated student is required to complete at least 50% of the curriculum at IUB to be eligible for a degree . The accumulative credits accepted for transfer cannot exceed one-half (50%) of the total credits required to complete the program .
Who can approve a migration application at IUB?,"On the recommendations of the Migration Committee, the Vice-Chancellor may approve the migration of a student, generally under the conditions specified in the university regulations ."
Does IUB allow migration if a student is a distance learning student?,No. No migration shall be allowed into the university if the applicant is a student of a distance learning or weekend program .
Can a student apply for migration into IUB for a reserved seat category?,No. No migration shall be allowed against seats reserved for admission on special categories .
What is the last date to submit a migration application to IUB?,No application for migration shall be entertained after the 2nd week of a regular semester .
"I am a faculty member, what should I do if I need to apply for an official leave of absence or research leave?","Faculty leave applications are handled by the Administration Division of the Registrar's office. You should contact the Admin-II / Faculty Section, which deals with the service matters of teaching staff. The procedures for various types of leave, such as earned leave, sick leave, or research leave, are governed by university regulations. You should submit a formal application through your department head to the Additional Registrar (Admin) ."
"I am a faculty member. How can I report a grievance, complaint, or administrative issue?","The Islamia University of Bahawalpur has established a General Complaint Redressal Committee (GCRC) to address grievances from faculty members. You can submit a complaint electronically using your MyIUB login credentials through the dedicated portal, or via the official email address. A notable feature of the process is that anonymous complaints are not entertained, so you must sign your grievance and provide your name, designation, CNIC, and contact information ."
"As a faculty member, how do I apply for a Faculty Development Grant or funding for specialized training?","IUB has strategic partnerships with institutions like Meezan Bank to fund a Faculty Development Grant aimed at advancing faculty expertise, particularly in Islamic finance. These grants fund specialized training programs and workshops. For other research or teaching grants, you should contact the Office of Research, Innovation and Commercialization (ORIC) ."
"As a faculty member, what is the procedure for promotion to the rank of Associate Professor or Professor?","The university follows specific criteria for promotions. While comprehensive promotion criteria are outlined by the Higher Education Commission and the university's statutes, the process typically involves an evaluation of your research publications, teaching, and administrative service. For Professor-level positions, a national or international reputation in your field is expected. Faculty are reviewed by an academic committee after submitting a dossier for the next rank . For candidates seeking promotion based on specific criteria, the university may refer to guidelines set by the relevant academic bodies."
Where can I find the official university policy on research integrity and managing research data?,"The official policy on Research Integrity is published on the IUB website under the 'Research' section. The policy mandates that faculty, staff, and students must adhere to the highest standards of ethics and integrity. Fabrication, falsification, and plagiarism are considered research misconduct and are grounds for disciplinary action. There is also a Research Data Management Policy requiring proper handling of data for auditing, intellectual property, and academic supervision purposes ."
"How can I, as a faculty member, apply for the Faculty Development Grant offered by IUB in partnership with Meezan Bank, and what does it cover?","IUB has signed a Memorandum of Understanding with Meezan Bank to provide a Faculty Development Grant aimed at promoting academic excellence and knowledge-sharing, particularly in Islamic and conventional banking . For details on the application process and eligibility criteria, you should contact the Office of Research, Innovation and Commercialization (ORIC) or your department head."
"As a faculty member, what is the procedure for submitting a formal grievance or complaint at IUB, and what are the requirements for the submission?","IUB has established a General Complaint Redressal Committee (GCRC) to handle grievances from students and faculty. You can submit your complaint electronically through the MyIUB platform or via a dedicated email address. However, all complaints must include your signature, name, designation, CNIC No./IUB card, and contact information, as anonymous complaints are not entertained ."
I am looking to enhance my teaching with AI. What resources or training opportunities does IUB provide for its faculty?,"IUB supports faculty development in this area. For instance, Engr. Qaiser Ijaz, Assistant Professor, recently completed a Master Training Program on 'Reimagine Teaching with Artificial Intelligence' and is now certified to train other university teachers on integrating AI into teaching and learning practices . You can contact the Quality Enhancement Cell (QEC) or your department head to learn about upcoming training sessions."
Where can I access the official university policies regarding research integrity and data management as a faculty member at IUB?,"The official policies on Research Integrity and Research Data Management are available on the IUB website. The Research Integrity policy mandates that faculty adhere to the highest standards of ethics and integrity, and the data management policy is designed to ensure that valuable data is not lost, provide a basis for handling research misconduct allegations, and assist in the protection of intellectual property ."
"As a faculty member, what are the university's expectations for research output and contribution to the university's global ranking?","IUB is actively working to elevate its global rankings, with the Quality Enhancement Cell (QEC) hosting training sessions for Chairpersons and Focal Persons on strategies to achieve this goal. These strategies are in line with the vision of Vice Chancellor Prof. Dr. Muhammad Kamran . For specific expectations on research output, you should consult your respective department head or the QEC."
"I am a faculty member. How do I apply for a Faculty Development Grant at IUB, and what does the program entail?","IUB has partnered with Meezan Bank to provide a Faculty Development Grant aimed at promoting academic excellence and knowledge-sharing, particularly in Islamic and conventional banking . This partnership will enhance faculty capacity through specialized training programs, professional workshops, and knowledge-sharing sessions . For details on the application process and eligibility, you should contact the Office of Research, Innovation and Commercialization (ORIC) or the Department of Islamic and Conventional Banking ."
"I am a faculty member. What is the procedure for submitting a formal grievance at IUB, and what are the requirements?","IUB has established a General Complaint Redressal Committee (GCRC) to handle grievances from both students and faculty . You can submit your complaint electronically through the MyIUB platform or via a dedicated email address . All complaints must include your signature, name, designation, CNIC No./IUB card, and contact information, as anonymous complaints are not entertained ."
"I am a faculty member. What is IUB's policy on research integrity, and what constitutes research misconduct?","IUB has a Research Integrity policy that mandates faculty, staff, and students to adhere to the highest standards of ethics and integrity . Fabrication, falsification, and plagiarism are considered research misconduct and are grounds for disciplinary action . The university also has a Research Data Management Policy to ensure valuable data is not lost and to provide a basis for handling allegations of research misconduct ."
I am a faculty member. Where can I report a plagiarism concern at IUB?,"You can report plagiarism concerns to the Directorate of IT at IUB via email at ddit@iub.edu.pk or plagiarism@iub.edu.pk . IUB follows the HEC Plagiarism Policy, which outlines investigation procedures and proportional punitive actions for offenses ."
I am a faculty member. Are there any professional development opportunities available for integrating Artificial Intelligence into my teaching and research?,"IUB supports faculty development in this area. The university is actively working to integrate AI into academic programs, and faculty members have opportunities for training. For instance, an IUB Assistant Professor recently completed a Master Training Program on 'Reimagine Teaching with Artificial Intelligence' and is now certified to train other university teachers on integrating AI into teaching and learning practices . You can contact the Quality Enhancement Cell (QEC) or your department head to inquire about upcoming training sessions."
What is the role of the Quality Enhancement Cell (QEC) at IUB in supporting faculty development?,"The Quality Enhancement Cell (QEC) at IUB plays a vital role in ensuring academic quality and faculty development. It organizes training sessions for faculty and administrative staff on various topics, including Outcome-Based Education and strategies to improve the university's global ranking . For specific information on upcoming programs, you should contact the QEC directly."
"How can I, as a faculty member, contribute to IUB's global ranking improvement efforts, and what support is available?","IUB is actively working to elevate its global rankings, with the QEC hosting training sessions for Chairpersons and Focal Persons on strategies to achieve this goal. This is in line with the vision of Vice Chancellor Prof. Dr. Muhammad Kamran . You can support this effort by focusing on research publications, collaborations, and teaching quality, and by staying informed through your department head and the QEC."
How do I access the official university policies on research and academic integrity as a faculty member at IUB?,"The official policies, including Research Integrity, Research Data Management, and the Plagiarism Policy, are available on the IUB website. The Research Integrity policy requires faculty to adhere to the highest standards of ethics, and the Data Management policy is designed to ensure data is preserved for auditing and intellectual property protection ."
I am a faculty member at IUB. How can I request a Turnitin Instructor Account to check for plagiarism in my students' submissions and my own research papers?,"To obtain a Turnitin Instructor Account, you need to send an email to librarian@iub.edu.bd with your name, designation, and department. Once approved, you will receive an activation invitation. Turnitin is used to generate Similarity Reports for term papers, theses, and research reports, and is intended for course-related submissions. Permanent faculty and researchers are eligible for an instructor account. The Library monitors usage to ensure compliance with institutional license limits, and accounts may be suspended for non-academic or excessive use."
"As a faculty member, how can I get training on using Turnitin effectively for my courses and research supervision at IUB?","The IUB library offers periodic training sessions for faculty members and researchers on Turnitin usage. Keep an eye on announcements via email or the IUB library portal. Additionally, faculty can use Turnitin Draft Coach to check similarity, get citation support, and grammar suggestions for student drafts before final submission. For any questions, you can contact the library staff, including Md. Shahajada Masud Anowarul Haque, the Librarian, at librarian@iub.edu.bd."
What is the official policy on research integrity and data management for faculty members at IUB?,"IUB has a Research Integrity policy requiring faculty, staff, and students to adhere to the highest standards of ethics and integrity. Fabrication, falsification, and plagiarism are defined as research misconduct and are grounds for disciplinary action. The university also has a Research Data Management Policy to ensure valuable data is preserved, provide a basis for handling research misconduct allegations, assist in protecting intellectual property, and assure auditors of robust academic supervision. These policies are available on the IUB website."
"Where can I, as a faculty member, get details about the IUB General Complaint Redressal Committee (GCRC) and submit a formal complaint?","The General Complaint Redressal Committee (GCRC) handles faculty grievances. A user-friendly complaint portal is available on the MyIUB platform, and a dedicated email address has also been established. You must submit your complaint with your signature, name, designation, CNIC/IUB card number, and contact information, as anonymous complaints are not entertained. You can find the committee's contact details on the university's official website."
"How can I contribute to improving IUB's global ranking as a faculty member, and what training is available?","The Quality Enhancement Cell (QEC) organizes training sessions like 'Strategies to Elevate Ranking of IUB' for Chairpersons and Focal Persons across different faculties. These sessions are designed to align with the Vice Chancellor's vision to elevate IUB's global standing. You can contribute by focusing on high-quality research, publications, and teaching, and by consulting with your department head and the QEC for faculty development programs."
What is the Research Integrity policy at IUB and what constitutes research misconduct?,"IUB has a Research Integrity policy that requires faculty, staff, and students to adhere to the highest standards of ethics and integrity in research. Research misconduct is defined as fabrication, falsification, plagiarism, or other wrongdoing in proposing, designing, performing, recording, supervising, or reviewing research, or in reporting research results. Such misconduct is unacceptable and is grounds for disciplinary action ."
What is the purpose of the Research Data Management Policy at IUB?,"The Research Data Management Policy at IUB is designed to ensure that valuable research data are not lost. It provides a basis to answer allegations of research misconduct or questions about results obtained, assists in the protection of intellectual property, and assures auditors and industry that robust academic supervision is in place. Correct data handling can also allow limited access to others for certain datasets, such as in large cohort studies ."
What is the General Complaint Redressal Committee (GCRC) at IUB and what is its role?,"The Islamia University of Bahawalpur has established the General Complaint Redressal Committee (GCRC) to improve the resolution of grievances for students and faculty. Under the guidance of Prof. Dr. Saeed Ahmad Buzdar, the committee receives and addresses complaints and concerns from both students and faculty members. The goal is to ensure the expeditious handling of issues in accordance with university regulations and within stipulated timeframes ."
How can I submit a complaint to the GCRC at IUB?,"A user-friendly complaint redressal portal is integrated within the MyIUB platform, empowering students and faculty to electronically submit their grievances using their MyIUB login credentials. A dedicated email address has also been established to facilitate efficient communication between the committee and university stakeholders ."
Does IUB accept anonymous complaints through the GCRC?,"No, a notable decision by the GCRC is the unanimous decision not to entertain anonymous complaints. All grievances, irrespective of submission method (portal, email, or hard copy), must bear the signature of the complainant and include details such as name, designation, CNIC/IUB card number, and contact information to maintain transparency and accountability ."
What information must I include when submitting a grievance to the GCRC?,"When submitting a grievance, you must include your signature, name, designation, CNIC No./IUB card (for employees), or student's Name, Roll No., Program, Session, Department, Campus details, along with IUB card/CNIC (for students), in addition to contact information ."
How does the GCRC raise awareness about its functions among the IUB community?,"The GCRC is dedicated to raising awareness and facilitating outreach initiatives to educate the IUB community about its establishment and functions. Information regarding mandate, procedures, and contact details is disseminated through official communications, faculty-level meetings, student orientation programs, the university's official website, and prominently displayed notice boards ."
"How can I, as a faculty member, request a Turnitin Instructor Account at IUB?","To obtain a Turnitin Instructor Account, you need to send an email to librarian@iub.edu.bd with your name, designation, and department. Once approved, you will receive an activation invitation. Turnitin is used to generate Similarity Reports for term papers, theses, and research reports. Permanent faculty and researchers are eligible for an instructor account ."
Who is eligible for a Turnitin Instructor Account at IUB?,"All permanent faculty members and researchers across IUB and its affiliated institutes are eligible to get an Instructor account. Contractual faculty, research assistants, and teaching assistants on a semester-by-semester basis are also eligible ."
I cannot find any classes or assignments on my Turnitin Instructor Account at IUB. What should I do?,"If you cannot find any classes or assignments on your Turnitin Instructor Account, this may happen due to account inactivity or a security lock. You should email librarian@iub.edu.bd to request reactivation of your account ."
What training sessions has the Quality Enhancement Cell (QEC) organized at IUB?,"The Quality Enhancement Cell (QEC) has organized high-impact training sessions titled 'Strategies to Elevate Ranking of IUB' for Chairpersons and Focal Persons across various faculties, including the Faculty of Agriculture & Environment, Faculty of Pharmacy, Faculty of Medicine & Allied Health Sciences, and Faculty of Engineering & Technology ."
What strategic initiative has IUB undertaken to elevate its global rankings?,"In line with the vision of Vice Chancellor Prof. Dr. Muhammad Kamran, IUB is actively empowering its faculties with a strategic roadmap to elevate the institution's global rankings. The Quality Enhancement Cell (QEC) has hosted training sessions titled 'Strategies to Elevate Ranking of IUB' for faculty members ."
Has IUB signed any Memorandum of Understanding (MoU) to support faculty development?,"Yes, IUB signed a Memorandum of Understanding (MoU) with Meezan Bank, securing a Faculty Development Grant aimed at promoting academic excellence and knowledge-sharing within the field of Islamic and conventional banking. The MoU was signed by Prof. Dr. Jawad Iqbal, Dean of the Faculty of Management Sciences and Commerce, and Abrar Hussain, Area Manager of Meezan Bank ."
How will the MoU between IUB and Meezan Bank benefit faculty members?,"The collaboration will enhance the capacity of faculty members through a series of specialized training programs, professional workshops, and knowledge-sharing sessions. These activities align with the University's vision to advance financial literacy and equip its academic community with essential insights in Islamic finance ."
What events will be facilitated through the IUB-Meezan Bank partnership?,"The partnership will facilitate two significant upcoming events: an Islamic Finance Awareness Seminar and a Digital Account Opening Activity for IUB students, faculty, and staff. These initiatives underscore Meezan Bank's commitment to supporting financial inclusion and IUB's dedication to equipping its academic community with hands-on experience in digital and Islamic banking ."
Who represented IUB and Meezan Bank at the MoU signing ceremony?,"The MoU was signed by Prof. Dr. Jawad Iqbal, Dean of the Faculty of Management Sciences and Commerce, and Abrar Hussain, Area Manager of Meezan Bank. The ceremony was also attended by Prof. Dr. Areeba Khan, Dr. Waseem ul Hameed, Mufti Muhammad Shoaib, Muhammad Naveed ul Hassan, and others ."
Where can I find the official university policies on research integrity and data management as a faculty member at IUB?,"The official policies on Research Integrity and Research Data Management are available on the IUB website. The Research Integrity policy requires faculty to adhere to the highest standards of ethics, and the Data Management policy is designed to ensure data is preserved for auditing and intellectual property protection ."
What is the significance of the Faculty Development Grant provided by Meezan Bank to IUB?,"The Faculty Development Grant from Meezan Bank is significant because it will directly benefit both educators and students, enriching their understanding of Islamic finance principles. It affirms IUB's role as a leader in Islamic finance education, preparing students for impactful careers in the banking and finance sectors ."
How do I apply for a Turnitin Instructor Account at IUB?,"To apply for a Turnitin Instructor Account, send an email to librarian@iub.edu.bd with your name, designation, and department. Once approved, you will receive an activation invitation. Turnitin is used to generate Similarity Reports for academic submissions ."
I am a faculty member at IUB. How can I contribute to IUB's global ranking improvement efforts?,"IUB is actively working to elevate its global rankings, with the QEC hosting training sessions for Chairpersons and Focal Persons on strategies to achieve this goal. You can support this effort by focusing on research publications, collaborations, and teaching quality, and by staying informed through your department head and the QEC ."
"What is the procedure for submitting a formal grievance at IUB, and what are the requirements?","IUB has established a General Complaint Redressal Committee (GCRC) to handle grievances from both students and faculty. You can submit your complaint electronically through the MyIUB platform or via a dedicated email address. All complaints must include your signature, name, designation, CNIC No./IUB card, and contact information, as anonymous complaints are not entertained ."
"What is IUB's policy on research misconduct, and what are the consequences?","Research misconduct at IUB is defined as fabrication, falsification, plagiarism, or other wrongdoing in proposing, designing, performing, recording, supervising, or reviewing research. Such misconduct is unacceptable and is grounds for disciplinary action against faculty, staff, and students ."
How can I report a plagiarism concern at IUB?,"You can report plagiarism concerns to the Directorate of IT at IUB via email at ddit@iub.edu.pk or plagiarism@iub.edu.pk. IUB follows the HEC Plagiarism Policy, which outlines investigation procedures and proportional punitive actions for offenses."
I am a faculty member. How do I access the official university policies on academic integrity and research ethics?,"The official policies, including Research Integrity, Research Data Management, and the Plagiarism Policy, are available on the IUB website. The Research Integrity policy requires faculty to adhere to the highest standards of ethics, and the Data Management policy is designed to ensure data is preserved for auditing and intellectual property protection ."
What resources does IUB provide for faculty development and professional growth?,"IUB provides various resources for faculty development, including the Faculty Development Grant from Meezan Bank, training sessions organized by the Quality Enhancement Cell (QEC) on elevating university rankings, and access to Turnitin Instructor Accounts for plagiarism checking. The university also partners with institutions for specialized training programs ."
What is the IUB Turnitin support email for requesting an Instructor Account?,"To request a Turnitin Instructor Account, you should email librarian@iub.edu.bd with your name, designation, and department. Once approved, you will receive an activation invitation ."
What strategic sessions has the QEC organized for the Faculty of Pharmacy at IUB?,The Quality Enhancement Cell (QEC) organized a high-impact training session titled 'Strategies to Elevate Ranking of IUB' specifically designed for the Chairpersons of the Faculty of Pharmacy and the Faculty of Medicine & Allied Health Sciences .
Has IUB received a grant for faculty development in Islamic finance?,"Yes, IUB signed a Memorandum of Understanding with Meezan Bank, securing a Faculty Development Grant aimed at promoting academic excellence and knowledge-sharing within the field of Islamic and conventional banking. The grant will enhance faculty capacity through specialized training programs and workshops ."
How does IUB ensure transparency and accountability in the grievance resolution process?,"The GCRC has committed to transparency and accessibility by making the committee's constitution, membership details, and contact information available on the university's official website and social media platforms. All complaints require the complainant's signature and identification details, and anonymous complaints are not entertained ."
What is the role of the Quality Enhancement Cell (QEC) in improving IUB's global ranking?,"The Quality Enhancement Cell (QEC) has organized training sessions titled 'Strategies to Elevate Ranking of IUB' for Chairpersons and Focal Persons across various faculties. These sessions aim to empower faculties with a strategic roadmap to elevate the institution's global standing, in line with the Vice Chancellor's vision ."
"How can I, as a faculty member, request a Turnitin reactivation at IUB?","If your Turnitin account is inactive or locked, you should email librarian@iub.edu.bd to request reactivation. Account inactivity or a security lock may prevent you from accessing classes or assignments ."
What initiatives has the IUB-Meezan Bank partnership undertaken for students and faculty?,"The partnership will facilitate an Islamic Finance Awareness Seminar and a Digital Account Opening Activity for IUB students, faculty, and staff. These initiatives aim to provide hands-on experience in digital and Islamic banking ."
Who is the Incharge of the Faculty of Physical and Mathematical Sciences at IUB?,Prof. Dr. Saeed Ahmad Buzdar serves as the Incharge of the Faculty of Physical and Mathematical Sciences at IUB. He also provides expert guidance to the General Complaint Redressal Committee (GCRC) .
What is the Institute of Business Management and Administrative Sciences at IUB?,"The Institute of Business Management and Administrative Sciences at IUB houses the Department of Management Sciences. Prof. Dr. Areeba Khan, who represented IUB at the MoU signing with Meezan Bank, is affiliated with this department ."
Where can I find the IUB Research Integrity policy?,"The IUB Research Integrity policy is available on the IUB website under the 'Research' section. It mandates faculty, staff, and students to adhere to the highest standards of ethics and integrity, and defines research misconduct as grounds for disciplinary action ."
What is the purpose of the Meezan Bank Faculty Development Grant at IUB?,"The Meezan Bank Faculty Development Grant aims to promote academic excellence and knowledge-sharing within the field of Islamic and conventional banking. It will enhance faculty capacity through specialized training programs, professional workshops, and knowledge-sharing sessions ."
How can I stay informed about GCRC procedures and contact details at IUB?,"The GCRC disseminates information regarding mandate, procedures, and contact details through official communications, faculty-level meetings, student orientation programs, the university's official website, and prominently displayed notice boards. This proactive approach ensures the university community is well-informed ."
What is the role of the Department of Islamic and Conventional Banking at IUB?,The Department of Islamic and Conventional Banking houses the Center of Islamic Finance and Social Equity. It collaborates with Meezan Bank for the Faculty Development Grant and other initiatives. Dr. Owais Shafique is the Head of the Department .
Has IUB conducted training sessions for the Faculty of Engineering & Technology on ranking strategies?,"Yes, the Quality Enhancement Cell (QEC) organized a high-impact training session titled 'Strategies to Elevate Ranking of IUB' for the Chairpersons of the Faculty of Engineering & Technology ."
What is the email address for submitting a request for a Turnitin Instructor Account at IUB?,"To request a Turnitin Instructor Account, you should email librarian@iub.edu.bd with your name, designation, and department ."
How does the Research Data Management Policy at IUB protect intellectual property?,The Research Data Management Policy at IUB assists in the protection of intellectual property by ensuring that valuable data is properly managed and preserved. This provides a basis to answer allegations of research misconduct and assures auditors of robust academic supervision .
What events are planned under the IUB-Meezan Bank partnership?,"The partnership will facilitate an Islamic Finance Awareness Seminar and a Digital Account Opening Activity for IUB students, faculty, and staff. These events aim to promote financial inclusion and provide hands-on experience in digital and Islamic banking ."
How can I contact the GCRC at IUB?,"The GCRC can be contacted through the user-friendly complaint redressal portal integrated within the MyIUB platform, where you can submit grievances using your login credentials. A dedicated email address has also been established for communication with the committee ."
What are the Terms of Reference (TORs) for the GCRC at IUB?,The GCRC has been tasked with developing comprehensive Terms of Reference (TORs) that will provide a detailed elucidation of the mandate and scope of the committee. The TORs will encompass the design of both online and offline complaint and appeal forms to ensure clarity and precision in addressing issues .
What is the role of the Center of Inclusive and Sustainable Finance at IUB?,"The Center of Inclusive and Sustainable Finance, housed within the Department of Islamic and Conventional Banking, collaborates with Meezan Bank for the Faculty Development Grant and other initiatives. It works alongside the Center of Islamic Finance and Social Equity to advance financial literacy and Islamic finance education ."
I am a faculty member and need a Turnitin account to check my students' theses for plagiarism. How can I obtain one at IUB?,"All permanent faculty members and researchers at IUB are eligible for a Turnitin Instructor account. To get one, simply send an email to librarian@iub.edu.bd with your name, designation, and department. You will then receive an activation link. Contractual faculty and teaching assistants are also eligible to apply ."
"As a student, I need to submit my thesis but my Turnitin Instructor account seems to be locked or inactive. What should I do?",This may happen due to account inactivity or a security lock. You should email librarian@iub.edu.bd to request a reactivation of your account .
I have a serious complaint about university administration or a faculty member. What is the official procedure to report it at IUB?,"The Islamia University of Bahawalpur has established a General Complaint Redressal Committee (GCRC) to handle such matters. You can submit your grievance electronically through the integrated portal on the MyIUB platform. A dedicated email address has also been established for this purpose . Please note that anonymous complaints are not accepted. Your submission must include your name, CNIC/IUB card number, and contact information."
"I heard IUB signed a partnership to help faculty grow in Islamic finance. How can I, as a faculty member, benefit from this?","IUB has signed an MoU with Meezan Bank to secure a Faculty Development Grant. This collaboration will enhance faculty capacity through specialized training programs, professional workshops, and knowledge-sharing sessions in Islamic and conventional banking . You can contact your department head or the Center of Islamic Finance and Social Equity for more details on upcoming training opportunities."
What is the official university policy on research misconduct at IUB and what are the consequences for students?,"IUB mandates that all faculty, staff, and students adhere to the highest standards of ethics and Research Integrity. Fabrication, falsification, and plagiarism are defined as Research Misconduct. Such actions are unacceptable and are grounds for disciplinary action ."
"As a researcher, what does IUB require regarding data management for my projects?","IUB's Research Data Management Policy is designed to ensure that valuable data are not lost. It provides a basis to answer allegations of misconduct, assists in the protection of intellectual property, and assures auditors that robust academic supervision is in place ."
"I am a student. I have been facing a problem and want to file a grievance, but I want to remain anonymous. Will that be allowed?","No, a notable decision by the GCRC is the unanimous decision not to entertain anonymous complaints. To maintain transparency and accountability, your grievance must bear your signature and include details such as your name, roll number, program, department, and contact information ."
What events are planned as part of the IUB-Meezan Bank partnership that I can attend?,"The partnership between IUB and Meezan Bank will facilitate two significant events: an Islamic Finance Awareness Seminar and a Digital Account Opening Activity for IUB students, faculty, and staff ."
I am a faculty member. I am concerned that my research data might be lost. Is there a policy to protect it?,"Yes, IUB's Research Data Management Policy is in place to protect your work. It ensures that valuable data are not lost, assists in protecting intellectual property, and provides a basis to answer allegations of research misconduct ."
I am a researcher at IUB. What is the university's policy on managing research data and why is it important?,"IUB's Research Data Management Policy ensures valuable data are not lost, provides a basis to answer allegations of research misconduct, assists in the protection of intellectual property, and assures auditors and industry that robust academic supervision is in place ."
I am a faculty member at IUB and need to check student submissions for plagiarism. How can I get a Turnitin Instructor Account?,"All permanent faculty members and researchers across IUB are eligible for a Turnitin Instructor account. You can request one by sending an email to librarian@iub.edu.bd with your name, designation, and department. Once approved, you will receive an activation link ."
I have been appointed as a contractual faculty member at IUB. Am I eligible for a Turnitin Instructor Account?,"Yes, contractual faculty members are also eligible for a Turnitin Instructor account at IUB ."
I cannot find my classes or assignments on my Turnitin Instructor Account. What should I do?,This may happen due to account inactivity or a security lock. Please email librarian@iub.edu.bd to request reactivation of your account .
What research and academic integrity training does IUB provide regarding the use of Artificial Intelligence (AI) in research?,"While IUB has introduced AI-backed academic programs, the university's formal policies regarding AI ethics in research are still evolving. The university has revised thesis regulations, but may not yet have a specific AI ethics policy ."
I am a student and want to submit a formal complaint about an issue at IUB. What is the procedure and where can I find the GCRC?,"You can submit your complaint through the dedicated portal on the MyIUB platform or via a dedicated email address. Anonymous complaints are not accepted. Your submission must include your signature, name, roll number, CNIC/IUB card number, and contact information ."
Who oversees the General Complaint Redressal Committee (GCRC) at IUB?,"The GCRC operates under the expert guidance of Prof. Dr. Saeed Ahmad Buzdar, Incharge Faculty of Physical and Mathematical Sciences ."
Does the IUB General Complaint Redressal Committee (GCRC) accept anonymous complaints?,"No, the GCRC has a unanimous policy to not entertain anonymous complaints. All grievances must bear the complainant's signature and include their CNIC/IUB card number or student details to maintain transparency and accountability ."
"Where can I find information about the GCRC, including its members and contact details?","The GCRC has made its constitution, membership details, and contact information available on the university's official website. Information is also disseminated through official communications, faculty meetings, student orientation programs, and notice boards ."
What is the Center of Islamic Finance (CIF) at IUB and who established it?,"The Center of Islamic Finance (CIF) was inaugurated by Vice Chancellor Prof. Dr. Muhammad Kamran and established in collaboration with the Department of Islamic and Conventional Banking and Meezan Bank Limited. It serves as a hub for education, research, and industry engagement in Islamic financial disciplines ."
How does IUB collaborate with Meezan Bank to support faculty development?,"IUB has signed a Memorandum of Understanding (MoU) with Meezan Bank, securing a Faculty Development Grant aimed at promoting academic excellence and knowledge-sharing within the field of Islamic and conventional banking. This partnership provides faculty with specialized training programs and workshops ."
What events has the IUB-Meezan Bank partnership facilitated for students and faculty?,"The partnership will facilitate two significant events: an Islamic Finance Awareness Seminar and a Digital Account Opening Activity for IUB students, faculty, and staff. These initiatives aim to promote financial inclusion and provide hands-on experience in digital and Islamic banking ."
Who represented IUB at the MoU signing ceremony with Meezan Bank?,"The MoU was signed by Prof. Dr. Jawad Iqbal, Dean of the Faculty of Management Sciences and Commerce, representing IUB. Representatives from Meezan Bank included Mufti Zubair Ahmed (Member of the Shariah Board), Abid Hussain Malik (Distribution Head), and Eijaz Nadeem (Regional General Manager) ."
What are the future plans for the Center of Islamic Finance at IUB?,"The Center of Islamic Finance will provide academic and professional training and create pathways for FinTech innovation, Green Finance, and ethical banking practices. The goal is to position Bahawalpur and Pakistan as leaders in socially responsible and Shariah-compliant financial solutions ."
How does IUB’s Research Data Management Policy protect my work as a researcher?,IUB's Research Data Management Policy ensures valuable data are not lost and provides a basis to answer questions about research results. It also helps protect intellectual property and assures auditors that robust academic supervision is in place .
What is the General Complaint Redressal Committee (GCRC) at IUB and how can it help me?,The GCRC is a committee established to resolve grievances for students and faculty. It ensures issues are handled expeditiously according to university regulations. You can submit complaints through a dedicated portal on MyIUB or via a dedicated email address .
Can I submit an anonymous complaint to the IUB GCRC?,"No. The GCRC has a unanimous policy not to entertain anonymous complaints. All grievances must bear your signature and include details like your name, CNIC/IUB card number, and contact information to maintain transparency ."
I am a faculty member. How can I get a Turnitin Instructor Account at IUB?,"All permanent faculty members and researchers are eligible for a Turnitin Instructor Account. You can request one by sending an email to librarian@iub.edu.bd with your name, designation, and department ."
Can students get an individual Turnitin account at IUB?,"No. Students do not receive individual Turnitin accounts. Instead, students submit assignments through Turnitin portals set up by their course instructors ."
How can students use Turnitin Draft Coach at IUB?,"Students can use Turnitin Draft Coach, a Google Docs and Microsoft Word add-on, to check similarity, get citation support, and improve grammar before final submission. It can be accessed through the Extensions menu in Google Docs or the toolbar in Microsoft Word Online ."
What is the acceptable similarity percentage in Turnitin?,"There is no fixed acceptable percentage. Instructors interpret the Similarity Report based on academic policy and context, and a match does not automatically imply plagiarism ."
Does IUB have a partnership with Meezan Bank and what does it offer to faculty?,"Yes, IUB signed an MoU with Meezan Bank, securing a Faculty Development Grant for academic excellence in Islamic and conventional banking. It offers faculty specialized training, workshops, and knowledge-sharing sessions ."
Which events are planned under the IUB-Meezan Bank partnership?,"The partnership will facilitate an Islamic Finance Awareness Seminar and a Digital Account Opening Activity for IUB students, faculty, and staff to promote financial inclusion and hands-on banking experience ."
Is there any international research collaboration IUB has signed for agricultural sciences?,"Yes, IUB signed an MoU with the Institute of Urban Agriculture, Chinese Academy of Agricultural Sciences (CAAS). The collaboration focuses on sustainable agriculture, joint research, academic exchange, and resource sharing ."
I am a contractual faculty member. Am I eligible for a Turnitin account at IUB?,"Yes, contractual faculty members, research assistants, and teaching assistants on a semester-by-semester basis are eligible to get an Instructor account at IUB ."
What should I do if I cannot find my classes or assignments on my Turnitin Instructor Account?,This may happen due to account inactivity or a security lock. You should email librarian@iub.edu.bd to request reactivation of your account .
How can faculty members contribute to IUB's global ranking improvement?,"Faculty can support IUB's global ranking by focusing on high-quality research, publications, and teaching. The Quality Enhancement Cell (QEC) organizes training sessions on 'Strategies to Elevate Ranking of IUB' for faculty members."
What is the policy on research misconduct at IUB and what are the consequences for faculty and students?,"IUB mandates that all faculty, staff, and students adhere to the highest standards of ethics and research integrity. Research Misconduct, defined as fabrication, falsification, plagiarism, or other wrongdoing in proposing, designing, performing, recording, supervising or reviewing research, is unacceptable and is grounds for disciplinary action ."
"As a researcher at IUB, why is it important to follow the Research Data Management Policy?","The Research Data Management Policy ensures valuable data are not lost, provides a basis to answer allegations of research misconduct, assists in the protection of intellectual property, and assures auditors that robust academic supervision is in place ."
I am a student with a serious complaint at IUB. What is the official procedure to file a grievance?,"You can submit your complaint through the dedicated portal on the MyIUB platform or via a dedicated email address. Anonymous complaints are not accepted. Your submission must include your signature, name, roll number, CNIC/IUB card number, and contact information ."
I am a faculty member and need a Turnitin account. How can I get one at IUB?,"All permanent faculty members and researchers are eligible for a Turnitin Instructor account. You can request one by sending an email to librarian@iub.edu.bd with your name, designation, and department ."
I heard IUB signed a partnership to help faculty grow in Islamic finance. How can I benefit from this?,"IUB has signed an MoU with Meezan Bank to secure a Faculty Development Grant. This collaboration will provide specialized training programs, professional workshops, and knowledge-sharing sessions in Islamic and conventional banking ."
What events are planned as part of the IUB-Meezan Bank partnership?,"The partnership will facilitate an Islamic Finance Awareness Seminar and a Digital Account Opening Activity for IUB students, faculty, and staff to promote financial inclusion and hands-on banking experience ."
What training is the Quality Enhancement Cell (QEC) providing to faculty at IUB?,The QEC has organized training sessions on 'Strategies to Elevate Ranking of IUB' for Chairpersons and Focal Persons across various faculties. They also conduct workshops on Outcome-Based Education (OBE) to align academic practices with international standards .
How can faculty members contribute to IUB's global ranking improvement efforts?,"Faculty can contribute by focusing on high-quality research, publications, and teaching. The QEC organizes training sessions on strategies to elevate IUB's global ranking ."
How are affiliated college teachers being trained at IUB?,"IUB has organized training workshops on the Outcome-Based Education Framework for teachers of affiliated colleges to bring teaching quality at par with the main campuses, as per Vice Chancellor Prof. Dr. Muhammad Kamran's vision ."
Does IUB conduct career development seminars for students?,"Yes, the Faculty of Veterinary and Animal Sciences, in collaboration with QEC, conducted a seminar titled 'From Vet to Hired: Mastering Job Hunt & Interview Skills' led by Mr. Muhammad Ahmad, Deputy Director QEC, providing students with practical career insights ."
What is the official definition of Research Misconduct at IUB and what are its consequences?,"Research Misconduct at IUB is defined as fabrication, falsification, plagiarism, or other wrongdoing in proposing, designing, performing, recording, supervising, or reviewing research, or in reporting research results. Such misconduct is unacceptable and is grounds for disciplinary action ."
How does the Research Data Management Policy at IUB protect researchers and their work?,"The policy ensures that valuable data are not lost, provides a basis to answer allegations of research misconduct or questions about results, assists in the protection of intellectual property, and assures auditors and industry that robust academic supervision is in place ."
What is the General Complaint Redressal Committee (GCRC) at IUB and what are its functions?,"The GCRC is a committee established to transform grievance resolution for students and faculty. It receives and addresses complaints, ensures expeditious handling of issues per university regulations, and has developed Terms of Reference (TORs) to clarify its mandate and scope ."
How can I submit a complaint to the GCRC?,A user-friendly complaint redressal portal has been integrated within the MyIUB platform. Students and faculty can submit grievances electronically using their MyIUB login credentials. A dedicated email address has also been established for efficient communication .
How can I obtain a Turnitin Instructor Account at IUB as a faculty member?,"Send an email to librarian@iub.edu.bd with your name, designation, and department. Once approved, you will receive an activation invitation. All permanent faculty members and researchers across IUB and its affiliated institutes are eligible ."
Can contractual faculty and research assistants get a Turnitin account at IUB?,"Yes, contractual faculty, research assistants, and teaching assistants on a semester-by-semester basis are also eligible for a Turnitin Instructor Account ."
What should I do if my Turnitin Instructor Account is inactive or locked?,This may happen due to account inactivity or a security lock. You should email librarian@iub.edu.bd to request reactivation of your account .
Does IUB provide training on Turnitin for faculty members?,"Yes, IUB Library offers periodic training sessions for faculty members and researchers on Turnitin usage ."
What is the Centre of Islamic Finance (CIF) at IUB and who established it?,"The Centre of Islamic Finance was inaugurated by Vice Chancellor Prof. Dr. Muhammad Kamran and established in collaboration with the Department of Islamic and Conventional Banking and Meezan Bank Limited. It serves as a hub for education, research, and industry engagement in Islamic financial disciplines ."
What is the purpose of the IUB-Meezan Bank Faculty Development Grant?,"The MoU secured a Faculty Development Grant aimed at promoting academic excellence and knowledge-sharing within the field of Islamic and conventional banking. It will enhance faculty capacity through specialized training programs, professional workshops, and knowledge-sharing sessions ."
What events are planned under the IUB-Meezan Bank partnership for students and faculty?,"Two significant events will be facilitated: an Islamic Finance Awareness Seminar and a Digital Account Opening Activity for IUB students, faculty, and staff, promoting financial inclusion and hands-on experience in digital and Islamic banking ."
Who is the founder and patron of the Centre of Islamic Finance at IUB?,"Prof. Dr. Jawad Iqbal, Dean of the Faculty of Management Sciences and Commerce and Director of the Institute of Business Management and Administrative Sciences, attended the ceremony as the Founder and Patron of the Centre of Islamic Finance. His visionary efforts were instrumental in setting up this centre ."
What future pathways does the Centre of Islamic Finance aim to create?,"According to Dr. Owais Shafique, In-Charge of the Department of Islamic and Conventional Banking and Focal Person of the Centre, the centre will provide academic and professional training and create pathways for FinTech innovation, Green Finance, and ethical banking practices ."
How is IUB improving education quality in affiliated colleges?,The Quality Enhancement Cell (QEC) and Directorate of Affiliation are organizing training workshops on the Outcome-Based Education (OBE) framework for principals and teachers of government and private affiliated colleges in Bahawalpur district .
What training sessions has the QEC organized to improve IUB's global ranking?,"The Quality Enhancement Cell (QEC) has hosted training sessions titled 'Strategies to Elevate Ranking of IUB' for Chairpersons and Focal Persons across various faculties, including the Faculty of Agriculture & Environment, Faculty of Pharmacy, and Faculty of Engineering & Technology ."
I am a student and have a complaint about university administration. What is the official grievance procedure at IUB and where should I submit it?,"IUB has established a General Complaint Redressal Committee (GCRC) to handle grievances from both students and faculty. You can submit your complaint electronically through a dedicated portal on the MyIUB platform or via a dedicated email address. Please note that anonymous complaints are not entertained; your submission must include your signature, name, roll number, program, department, and contact information ."
I am a faculty member and need to request a Turnitin Instructor Account to check student submissions for plagiarism. How can I do this?,"To obtain a Turnitin Instructor Account, you need to send an email to librarian@iub.edu.bd with your name, designation, and department. Once approved, you will receive an activation link. All permanent faculty members, researchers, and contractual faculty are eligible for an instructor account ."
My Turnitin Instructor Account seems to be locked or I cannot see my classes and assignments. What should I do?,This may happen due to account inactivity or a security lock. You should email librarian@iub.edu.bd to request reactivation of your account .
What training sessions does IUB offer for faculty development and quality enhancement in teaching?,"IUB’s Quality Enhancement Cell (QEC) organizes various training workshops for faculty and department heads, including sessions on the Outcome-Based Education (OBE) framework to align academic practices with international standards, as well as training on Self-Assessment Report (SAR) development as per PREE standards ."
What is the Centre of Islamic Finance (CIF) at IUB and what does it offer to students and faculty?,"The Centre of Islamic Finance (CIF) was inaugurated at IUB in collaboration with Meezan Bank Limited. It serves as a hub for education, research, and industry engagement in Islamic financial disciplines. It aims to provide academic and professional training and create pathways for FinTech innovation, Green Finance, and ethical banking practices ."
"How can I, as a faculty member, contribute to improving IUB's global ranking?","Faculty can contribute by focusing on high-quality research, publications, and teaching. The Quality Enhancement Cell (QEC) has organized training sessions titled 'Strategies to Elevate Ranking of IUB' for Chairpersons and Focal Persons across various faculties, empowering them with a strategic roadmap to elevate the institution's global standing ."
Does IUB offer training for teachers from affiliated colleges to improve education quality?,"Yes, IUB has organized training workshops on the Outcome-Based Education (OBE) framework specifically for teachers of affiliated colleges. This initiative aims to bring the quality of education and teaching in affiliated colleges on par with the university's main campuses ."
What is the General Complaint Redressal Committee's policy on anonymous complaints at IUB?,"The GCRC has a unanimous policy not to entertain anonymous complaints. To maintain transparency and accountability, all grievances must bear the signature of the complainant and include their name, designation, CNIC No./IUB card, and other identifying details ."
What are the 'Terms of Reference' (TORs) for the GCRC at IUB?,The GCRC has been tasked with developing comprehensive Terms of Reference (TORs) that will provide a detailed elucidation of the mandate and scope of the committee. The TORs will encompass the design of both online and offline complaint and appeal forms to ensure clarity and precision in addressing issues .
Where can I find information about the members and contact details of the GCRC?,"The GCRC has made its constitution, membership details, and contact information available on the university's official website. Information is also disseminated through official communications, faculty meetings, student orientation programs, and notice boards ."
How can I contact the General Complaint Redressal Committee (GCRC) at IUB if I prefer not to use the online portal?,"The GCRC is committed to transparency and accessibility. While a user-friendly digital portal has been integrated into the MyIUB platform, the committee also handles hard copy submissions. All complaints, whether online, via email, or hard copy, must follow the GCRC's non-anonymity policy and include details like your name, CNIC/IUB card number, and contact information. Details about the committee and its members are also available on the official IUB website ."
"I am a student and I have a complaint, but I wish to remain anonymous. Is this allowed by the GCRC?","No, the GCRC has a unanimous and strict policy not to entertain anonymous complaints. This decision was made to maintain transparency and accountability in the grievance resolution process. Your grievance must bear your signature and include your full name, roll number, program, department, and contact information ."
"As a faculty member at IUB, how can I ensure my department's teaching methods are aligned with international standards and HEC guidelines?","IUB is actively working to align its academic practices with international standards. The university, under the vision of the Vice Chancellor, has organized training workshops on the Outcome-Based Education (OBE) framework for faculty members across all campuses and affiliated colleges. The Quality Enhancement Cell (QEC) conducts these workshops to familiarize deans, department heads, and teachers with modern, purposeful teaching methodologies as per HEC guidelines . You should contact your department head or the QEC for information on upcoming training sessions."
Has IUB signed any collaborations recently to enhance research and training in specific fields?,"Yes, IUB has recently strengthened its partnerships for academic and professional development. The university has signed a Memorandum of Understanding (MoU) with Meezan Bank Limited, which led to the inauguration of the Center of Islamic Finance (CIF) . The partnership aims to provide academic and professional training and create pathways for FinTech innovation and ethical banking practices."
What is the goal of the training workshops on Outcome-Based Education (OBE) being held at various IUB campuses?,"The primary goal is to enhance the quality of education and bring teaching standards across all IUB campuses and affiliated colleges up to an international level. According to Vice Chancellor Prof. Dr. Muhammad Kamran, these workshops are designed to equip teachers with modern, result-oriented teaching methods that align with the standards of the Higher Education Commission and global best practices ."
What is the Centre of Islamic Finance (CIF) at IUB and what is its purpose?,"The Centre of Islamic Finance was inaugurated at IUB's Baghdad-ul-Jadeed Campus in collaboration with Meezan Bank Limited. Its purpose is to serve as a hub for education, research, and industry engagement in Islamic financial disciplines. The centre aims to provide professional training and develop pathways for innovation in Islamic and ethical finance, positioning IUB as a leader in this field ."
What is the General Complaint Redressal Committee (GCRC) at IUB and what is its purpose?,"The GCRC is a committee established to transform grievance resolution for students and faculty. It receives and addresses complaints and concerns, ensuring expeditious handling of issues in strict accordance with university regulations. It is chaired by Prof. Dr. Saeed Ahmad Buzdar, Incharge Faculty of Physical and Mathematical Sciences ."
How can I submit a grievance to the GCRC at IUB?,"You can submit your grievance through a user-friendly complaint redressal portal integrated within the MyIUB platform using your login credentials. A dedicated email address has also been established for this purpose. Alternatively, you may submit a hard copy ."
Does the IUB GCRC accept anonymous complaints?,"No, the GCRC has a unanimous policy not to entertain anonymous complaints. All grievances must bear the complainant's signature and include specific details such as name, designation, CNIC/IUB card number (for employees), or student roll number and program, along with contact information ."
What is the Centre of Islamic Finance (CIF) at IUB and who inaugurated it?,"The Centre of Islamic Finance was inaugurated by Vice Chancellor Prof. Dr. Muhammad Kamran. It was established in collaboration with the Department of Islamic and Conventional Banking and Meezan Bank Limited. The centre serves as a hub for education, research, and industry engagement in Islamic financial disciplines ."
Who is the Founder and Patron of the Centre of Islamic Finance at IUB?,"Prof. Dr. Jawad Iqbal, Dean of the Faculty of Management Sciences and Commerce and Director of the Institute of Business Management and Administrative Sciences, is the Founder and Patron of the Centre. His efforts were instrumental in establishing this centre at IUB ."
What training workshops has IUB organized for faculty development?,"IUB has organized various training workshops including the Outcome-Based Education (OBE) framework training for faculty across all campuses and affiliated colleges, organized by the Quality Enhancement Cell (QEC). The university has also conducted specialized workshops like the Analog & Digital IC Design Workshop in collaboration with Cadence IC Design Lab at the Faculty of Engineering ."
Who is the head of the General Complaint Redressal Committee (GCRC) at IUB and what is its purpose?,"The GCRC operates under the expert guidance of Prof. Dr. Saeed Ahmad Buzdar, Incharge of the Faculty of Physical and Mathematical Sciences . The committee was established to transform grievance resolution for both students and faculty, ensuring issues are handled expeditiously in accordance with university regulations within stipulated timeframes."
What is the policy on anonymous complaints at IUB's GCRC and why was this decision made?,"The GCRC has a unanimous policy not to entertain anonymous complaints. This decision was made to maintain transparency and accountability. All grievances, whether submitted via the portal, email, or hard copy, must bear the complainant's signature and include details such as name, CNIC/IUB card number, and contact information ."
Where can I find information about the GCRC members and how to contact them?,"The GCRC has made its constitution, membership details, and contact information available on the university's official website. A dedicated complaint redressal portal has also been integrated within the MyIUB platform for electronic submission of grievances ."
What is the Centre of Islamic Finance (CIF) at IUB and who was instrumental in its establishment?,"The Centre of Islamic Finance (CIF) was inaugurated by Vice Chancellor Prof. Dr. Muhammad Kamran at the Baghdad-ul-Jadeed Campus. Prof. Dr. Jawad Iqbal, Dean of the Faculty of Management Sciences and Commerce, serves as its Founder and Patron, and his efforts were instrumental in setting up this centre ."
What is the purpose of the Outcome-Based Education (OBE) training workshops being organized by IUB?,"The OBE training workshops are designed to bring the quality of education and teaching in affiliated colleges on par with university campuses. According to Vice Chancellor Prof. Dr. Muhammad Kamran, these workshops aim to inform teachers about modern, purposeful teaching methodologies as per HEC guidelines and global trends ."
What BS programs does IUB offer for Fall 2026 admissions?,"IUB is offering admissions in over 140 BS programs across its main and sub-campuses for Fall 2026, including programs in Engineering, Sciences, Arts, Law, Allied Health Sciences, Social Sciences, Management Sciences, Agriculture, and Veterinary . You can visit the Central Admission Cell at Abbasia Campus or the IUB website for a complete list."
Where is the Registrar Office located at IUB?,"The Registrar Office is located in the main administrative block at the Abbasia Campus. You can contact them at 062-9250235 or via email at registrar@iub.edu.pk for transcripts, degree certificates, and other official documents ."
When does course registration typically start at IUB?,Course registration dates are announced on the student portal and academic calendar. You should check your student portal and the IUB website at the beginning of each semester for the exact registration schedule.
Can I change my section after the semester has started?,"Section changes are usually permitted only during the add/drop period announced on the academic calendar. After this period, changes are generally not allowed except in exceptional circumstances with department approval."
How can I check my attendance record as a student?,"You can check your attendance record on your IUB-LMS account or through the student portal. Many instructors also provide attendance updates directly to students. If you notice an error, contact your course instructor immediately."
Why is my fee challan not showing in the student portal?,"Fee challans are generated during the fee submission period. If yours is not showing, ensure the fee submission window is open. If the problem persists, try clearing your browser cache or contact the Treasurer's Office at 062-9250245 for assistance."
Where can I find the academic calendar for the current semester?,"The official academic calendar is available on the IUB website under the 'Academics' section. It contains important dates including the start of classes, exam schedules, holidays, and registration deadlines."
Who should I contact about my transcript?,"For transcript inquiries, you should contact the Examination Division at 062-9250241 or controller@iub.edu.pk. They handle transcripts, degree certificates, and all examination-related matters ."
What documents are required for admission to a BS program at IUB?,"The specific documents required vary by program. Generally, you will need your educational certificates, CNIC/B-Form, passport-sized photographs, and a character certificate. Always check the official admission checklist on the IUB website for your specific program."
How can a faculty member submit examination marks?,"Faculty members submit examination marks through the IUB-LMS or the designated examination portal. The exact procedure is communicated by the Examination Division at the start of each exam session. For assistance, contact the Examination Division at 062-9250241."
Where can faculty access the IUB-LMS and manage their courses?,"Faculty members can access the IUB-LMS through the official LMS website using their university credentials. Once logged in, they can manage course content, upload materials, create assignments, and track student progress."
How can I create a course on IUB-LMS as a faculty member?,"Course creation on IUB-LMS is typically handled by the academic department. Faculty members should request course creation through their department head or the LMS administrator. Once created, faculty can manage all course content and student activities."
How can faculty report a student attendance issue?,"Faculty members should report student attendance issues directly through the IUB-LMS or student portal. For technical issues, contact the IUB IT Help Desk. For policy-related concerns, consult the attendance policy in the university regulations."
Where can a faculty member submit a research proposal at IUB?,"Faculty members can submit research proposals to the Office of Research, Innovation and Commercialization (ORIC) at IUB. ORIC supports research by mobilizing resources from funding bodies and establishing institutional collaborations ."
How can faculty apply for research funding at IUB?,"Faculty members can apply for research funding through ORIC, which helps mobilize resources from national and international funding bodies. Contact ORIC for information on current funding opportunities and application procedures."
What is the procedure for submitting a thesis as a student at IUB?,"The thesis submission procedure is detailed by your department and the postgraduate studies office. It typically involves a submission form, an originality report (plagiarism check), and final approval from your supervisor. Contact your department head for specific guidelines."
How can a faculty member contact the examination department at IUB?,"Faculty members can contact the Examination Division at 062-9250241 or via email at controller@iub.edu.pk for matters related to examinations, marks submission, and result-related issues ."
How can a faculty member submit a formal complaint at IUB?,Faculty members can submit complaints through the General Complaint Redressal Committee (GCRC) via the MyIUB portal. The committee ensures issues are handled expeditiously. Anonymous complaints are not accepted; all submissions must include the complainant's signature and identification details .
What are the research integrity requirements for faculty at IUB?,"IUB mandates that all faculty, staff, and students adhere to the highest standards of ethics and research integrity. Fabrication, falsification, and plagiarism are considered research misconduct and are grounds for disciplinary action. Full policies are available on the IUB website."
I forgot my portal password. What should I do?,"Use the password recovery option on the student portal login page. Follow the instructions to verify your identity and set a new password. If you face issues, contact the IUB IT Help Desk."
My IUB portal password isn't working.,"First, ensure you are entering the correct username and password. If you still cannot log in, use the 'Forgot Password' option to reset it. If the problem persists, contact the IUB IT Help Desk."
I can't log into my IUB portal.,"Please ensure you are using the correct username and password. Try clearing your browser's cache. If the issue persists, use the 'Forgot Password' feature. If you are still locked out, contact the IUB IT Help Desk."
IUB portal ka password reset kaise karun?,Student portal login page par 'Forgot Password' link par click karein. Apni identity verify karne ke baad aap naya password set kar sakte hain. Agar issue solve nahi hota to IUB IT Help Desk se contact karein.
Forgot portal password.,"Use the 'Forgot Password' feature on the student portal login page. Follow the verification steps to reset your password. For further assistance, contact the IUB IT Help Desk."
My IUB account is locked.,"Your account may be locked after multiple failed login attempts. Please wait for a few minutes or use the 'Forgot Password' option. For immediate help, please contact the IUB IT Help Desk."
I cannot access my student account.,"Check if you are entering the correct username and password. If you have forgotten your password, use the recovery option. If the problem continues, contact the IUB IT Help Desk for account support."
Where can I find information about IUB's Fall 2026 admission programs?,"You can find comprehensive information about Fall 2026 admission programs on the official IUB website or by visiting the Central Admission Cell at Abbasia Campus. Over 140 BS programs, 101 MPhil programs, and 61 PhD programs are being offered ."
What is the IUB Helpline Center contact number for general queries?,"The IUB Helpline Center can be contacted at 0346-9255555, 0347-9255555, or 062-9255580. This helpline assists with general university-related inquiries, including admissions and IT support ."
How can I get a character certificate from IUB?,"Character certificates are issued by the Directorate of Students Affairs. You need to submit a formal application, and the certificate is usually issued within a few working days. Contact the DSA office for the specific procedure ."
Fall 2026 admissions ke liye IUB mein kitne programs hain aur konsi campuses mein admissions ho rahi hain?,"Fall 2026 admissions campaign ke under IUB mein 140 se zyada BS, 101 MPhil aur 61 PhD programs mein admissions ho rahi hain. Admissions Bahawalpur, Bahawalnagar aur Rahim Yar Khan campuses mein available hain ."
Central Admission Cell kis campus mein hai aur wahan konsi facilities available hain?,"Central Admission Cell Abbasia Campus mein established kiya gaya hai. E-portal application, photocopying, document verification aur banking facilities ek hi jagah under one roof available hain. Candidates ke liye air-conditioned seating aur cold water facilities bhi provide ki gayi hain ."
Registrar Office se kaunsi services milti hain aur contact kya hai?,"Registrar Office transcripts, enrollment certificates, degree certificates aur official documents issue karta hai. Contact: 062-9250235, email: registrar@iub.edu.pk ."
Examination Division se kaunsi services le sakta hoon aur contact kya hai?,"Examination Division exam schedules, results, rechecking, aur transcripts handle karta hai. Contact: 062-9250241, email: controller@iub.edu.pk ."
General Complaint Redressal Committee (GCRC) kya hai aur yeh kis liye banaya gaya hai?,GCRC students aur faculty members ke grievances resolve karne ke liye establish kiya gaya hai. Committee complaints receive karti hai aur university regulations ke mutabiq issues ko stipulated timeframes mein resolve karne ka goal rakhti hai .
Kya GCRC mein anonymous complaint submit ki ja sakti hai?,"Nahi, GCRC anonymous complaints entertain nahi karta. Transparency aur accountability ke liye all complaints must bear complainant's signature aur details such as name, CNIC/IUB card number include karni hain ."
Centre of Islamic Finance (CIF) kahan inaugurated hua hai aur kis ke collaboration mein?,"Centre of Islamic Finance (CIF) Baghdad-ul-Jadeed Campus mein inaugurated hua hai. Yeh Department of Islamic and Conventional Banking, IBMAS aur Meezan Bank Limited ke collaboration mein establish kiya gaya hai ."
Outcome-Based Education (OBE) workshop IUB mein kyun organize ki gayi?,OBE workshop Quality Enhancement Cell (QEC) ke zariye organize ki gayi hai. Iska maqsad university ke academic practices ko international standards ke mutabiq lana aur education quality enhance karna hai .
Students societies mein join karne ke kya faide hain?,"Student societies students ko soft skills, social intelligence aur leadership qualities develop karne ke opportunities provide karti hain. Students co-curricular activities aur university events mein participate kar sakte hain ."
RYK campus mein kaunsi nayi facility available hai?,"Rahim Yar Khan Campus Women Empowerment Summit 2024 ka aghaz kiya gaya hai, jis mein Directorate of Students Affairs aur IUB Character Building Society ne NISA Award Ceremony organize ki ."
Faculty of Law kis campus mein hai aur kaunsay programs offer hain?,Faculty of Law Abbasia Campus mein hai. LLB programs offer kiye jate hain. Recently faculty building mein expansion ki gayi hai with new classrooms and faculty rooms .
PhD programs ki admissions RYK campus mein kaunsi fields mein hain?,RYK Campus mein PhD Education aur PhD Islamic Studies programs ki admissions open hain. Dono programs ne regular HEC NOCs obtain kar liye hain .
IUB Engineering programs ki fee kya hai?,"BS Engineering programs ki fee Rs. 65,000 per semester hai. Engineering aur Technology ke all BS programs ke liye ye fee hai ."
Faculty members ke liye Turnitin account kaise obtain kar sakte hain?,"Faculty members librarian@iub.edu.bd par email karke Turnitin Instructor Account request kar sakte hain. Name, designation aur department mention karna hoga ."
Research project funding ke liye kaunsa department contact karein?,"Office of Research, Innovation and Commercialization (ORIC) research funding ke liye contact karein. ORIC national aur international funding bodies se resources mobilize karne mein help karta hai ."
Bahawalnagar Campus mein kaunsi BS programs available hain?,"Bahawalnagar Campus mein BS programs available hain including Agriculture, Applied Psychology, Biochemistry, Biotechnology, Business Administration, Computer Science, Economics, Education, English Language & Literature, Islamic Studies, Law (LLB), aur Mathematics ."
What are the unique educational programs at IUB not offered at other universities in South Punjab?,"IUB has introduced many new educational programs aligned with market needs, including some unique programs not offered at other universities in South Punjab ."
IUB kaisay students ko national aur international job market ke liye prepare kar raha hai?,IUB qualified teachers ke zariye excellent research aur market needs ke mutabiq students ko prepare kar raha hai. Career counseling bhi provide ki ja rahi hai regarding job opportunities in national and global market .
Women Empowerment Summit kahan organize hui aur kis ne participate kiya?,Women Empowerment Summit IUB Rahim Yar Khan Campus mein organize hui. IUB Character Building Society aur Directorate of Students Affairs ne event organize kiya .
Research project Pakistan Science Foundation se kitne rupees ka mila aur kis department ko?,"Pakistan Science Foundation se Rs 5 million ka research project Professor Dr. Umar Farooq (Chairman Physiology) aur unki team ko mila hai. Project Pioneering Cattle Health through AI and Mobile Technology"" par hai ."""
What is the General Complaint Redressal Committee (GCRC) at IUB and what does it do?,"The GCRC is a committee established to improve grievance resolution for students and faculty. It receives complaints from both students and faculty members and ensures expeditious handling in accordance with university regulations within stipulated timeframes. The committee is guided by Prof. Dr. Saeed Ahmad Buzdar, Incharge Faculty of Physical and Mathematical Sciences ."
Does the GCRC accept anonymous complaints?,"No, the GCRC has a unanimous policy not to entertain anonymous complaints. This decision was made to maintain transparency and accountability. All grievances, whether submitted via portal, email, or hard copy, must bear the complainant's signature and include specific identification details ."
Where can I find information about the GCRC members and contact details?,"The GCRC has made its constitution, membership details, and contact information available on the university's official website and various social media platforms. Information is also disseminated through official communications, faculty meetings, student orientation programs, and notice boards ."
What is the purpose of the Centre of Islamic Finance (CIF) at IUB?,"The CIF serves as a hub for education, research, and industry engagement in Islamic financial disciplines. It aims to provide academic and professional training and create pathways for FinTech innovation, Green Finance, and ethical banking practices in line with global trends and local needs ."
What is the Outcome-Based Education (OBE) workshop at IUB and why is it important?,"The OBE workshop is a training initiative organized by the Quality Enhancement Cell (QEC) to align IUB's academic practices with international standards and enhance education quality. It aims to familiarize deans and department heads with modern, purposeful teaching methodologies in line with HEC guidelines and global best practices ."
Who gave lectures at the OBE training workshop at IUB?,"Vice Chancellor Professor Dr. Muhammad Kamran delivered two lectures on outcome-based education versus traditional teaching methods. Engineer Dr. Shahab Ahmed Niazi, Chairman of the Department of Electronics Engineering, also gave a lecture on Bloom's Taxonomy and its application in outcome-based education ."
Has IUB received any major research funding recently?,"Yes, Professor Dr. Umar Farooq, Chairman of the Department of Physiology, and his team have received a research project worth Rs 5 million from the Pakistan Science Foundation for pioneering cattle health research through AI and mobile technology. Other team members include Dr. Asjad Amin and Dr. Musadiq Idrees ."
Which departments at IUB are involved in the Rs 5 million research project on cattle health?,"The research project involves the Department of Physiology, Faculty of Veterinary and Animal Sciences (led by Prof. Dr. Umar Farooq), the Department of Information and Communication Engineering (Dr. Asjad Amin), and the Department of Physiology (Dr. Musadiq Idrees). The project is under the Directorate of ORIC ."
What facilities are available at the IUB Admission Cell for Fall 2026 applicants?,"The Admission Cell at Abbasia Campus provides e-portal application support, photocopying, document verification, and banking facilities all under one roof. Air-conditioned seating and cold drinking water facilities are also available for candidates and their families. Career counseling is provided regarding job opportunities in national and international markets ."
Which IUB faculty member participated in the Empowering Women Leaders Summit in Islamabad?,"Prof. Dr. Shazia Anjum, Dean of the Faculty of Chemical and Biological Sciences, participated in the summit organized by Michigan State University in Islamabad. The program focused on developing skills in communication, strategic planning, organization management, conflict resolution, and career planning for women leaders ."
Who attended the inauguration of the Centre of Islamic Finance at IUB?,"The inauguration was attended by Vice Chancellor Prof. Dr. Muhammad Kamran, Prof. Dr. Jawad Iqbal, Mufti Zubair Ahmed (Member of Shariah Board, Meezan Bank), Abid Hussain Malik, Eijaz Nadeem, and representatives from the State Bank of Pakistan including Rass Masood and Nouman Ali ."
What is the Women Empowerment Summit at IUB?,"The Women Empowerment Summit 2024 was organized by the IUB Character Building Society and the Directorate of Students Affairs. The event included the NISA Award Ceremony, celebrating women's achievements and contributions to society ."
Has the GCRC developed its Terms of Reference (TORs) yet?,"The committee has been tasked with developing comprehensive Terms of Reference (TORs) that will provide a detailed elucidation of the mandate and scope of GCRC, and encompass the design of both online and offline complaint and appeal forms ."
How does the GCRC raise awareness about its functions?,"The GCRC disseminates information through official communications, faculty-level meetings, student orientation programs, the university's official website, and prominently displayed notice boards. This ensures the university community is well-informed about the committee's mandate, procedures, and contact details ."
Are complaints submitted to the GCRC handled within a specific timeframe?,"Yes, the overarching goal of GCRC is to ensure the expeditious handling of issues in strict accordance with university regulations and within stipulated timeframes ."
What is the role of ORIC in supporting research projects at IUB?,"The Office of Research, Innovation and Commercialization (ORIC) supports research by helping mobilize resources from funding bodies. The recent Rs 5 million research project from the Pakistan Science Foundation was awarded under the Directorate of ORIC ."
Why was the General Complaint Redressal Committee (GCRC) established at IUB?,"The GCRC was established to improve the resolution of grievances for both students and faculty members, ensuring expeditious handling of issues in accordance with university regulations within stipulated timeframes."
Who provides expert guidance to the IUB GCRC?,"The GCRC operates under the expert guidance of Prof. Dr. Saeed Ahmad Buzdar, who serves as the Incharge of the Faculty of Physical and Mathematical Sciences at IUB."
How will the GCRC ensure transparency and accessibility for the IUB community?,"The GCRC has committed to making its constitution, membership details, and contact information available on the university's official website and social media platforms. A complaint redressal portal is also being integrated within the MyIUB platform."
Can I submit a complaint anonymously to the IUB GCRC?,"No, the GCRC does not entertain anonymous complaints. All grievances must bear the complainant's signature and include specific details to maintain transparency and accountability."
What information must I include when submitting a complaint to the GCRC?,"For employees, the complaint must include name, designation, CNIC No./IUB card; for students, it must include name, Roll No., Program, Session, Department, Campus details, and IUB card/CNIC, along with contact information."
What is the role of the NISA Award Ceremony at IUB?,The NISA Award Ceremony is a momentous event organized by the IUB Character Building Society and the Directorate of Students Affairs to celebrate women's achievements and contributions to society.
Who was the chief guest at the IUB Women Empowerment Summit and NISA Award Ceremony?,"The chief guest of the ceremony was Prof. Dr. Muhammad Kamran, Vice Chancellor of Islamia University Bahawalpur."
Who were the notable attendees at the Women Empowerment Summit and NISA Award Ceremony?,"The ceremony was attended by Prof. Dr. Muhammad Kamran (Vice Chancellor), Munawar Hussain (Additional Commissioner Bahawalpur Division), Prof. Dr. Rubina Bhatti (Dean Faculty of Social Sciences), Anila Halal, Dr. Sheikh Safina Sadiq, Dr. Adnan Bukhari, and other distinguished guests."
Who are the key university officials involved in the Rs 5 million research project from the Pakistan Science Foundation?,"Prof. Dr. Muhammad Kamran (Vice Chancellor), Prof. Dr. Muhammad Khalid Mansoor (Dean, Faculty of Veterinary and Animal Sciences), Prof. Dr. Muhammad Amjad (Dean, Faculty of Engineering), and Prof. Dr. Muhammad Atif (Director ORIC) have congratulated the research team on this project."
Which IUB faculty members are part of the research team for the Rs 5 million Pakistan Science Foundation project?,"The research team includes Prof. Dr. Umar Farooq (Chairman, Department of Physiology), Dr. Asjad Amin (Associate Professor, Department of Information and Communication Engineering), and Dr. Musadiq Idrees (Assistant Professor, Department of Physiology)."
What is the focus of the Rs 5 million research project awarded to IUB's Veterinary and Animal Sciences team?,"The project, titled 'Pioneering Cattle Health through AI and Mobile Technology,' focuses on using artificial intelligence and mobile technology to improve cattle health."
What are the goals of the GCRC regarding community awareness at IUB?,"The GCRC aims to raise awareness and facilitate outreach initiatives to educate the IUB community about its establishment, functions, mandate, procedures, and contact details through official communications, meetings, orientation programs, and notice boards."
"Does the GCRC accept complaints submitted via hard copy, or only through the online portal?","The GCRC accepts complaints via all three methods: the online portal, a dedicated email address, and hard copy submissions."
Will my personal information be protected when I submit a complaint to the GCRC?,"While the GCRC requires personal identification to maintain transparency and accountability, the committee operates under university regulations to ensure proper handling of sensitive information."
What is the status of the Terms of Reference (TORs) for the IUB GCRC?,"The committee has been tasked with developing comprehensive Terms of Reference (TORs) to provide a detailed explanation of its mandate and scope, including the design of both online and offline complaint and appeal forms."
Who is Dr. Noveen Javed and what is her role at IUB?,Dr. Noveen Javed serves as the Advisor of the IUB Character Building Society.
General Complaint Redressal Committee (GCRC) kya hai aur iska kya maqsad hai?,GCRC ko students aur faculty members ke grievances ko resolve karne ke liye establish kiya gaya hai. Committee Prof. Dr. Saeed Ahmad Buzdar ki guidance mein complaints receive karti hai aur university regulations ke mutabiq stipulated timeframes mein issues ko handle karti hai .
What is the General Complaint Redressal Committee (GCRC) at IUB?,"The GCRC was established to improve grievance resolution for students and faculty. It operates under Prof. Dr. Saeed Ahmad Buzdar, Incharge Faculty of Physical and Mathematical Sciences, and handles complaints per university regulations within stipulated timeframes ."
Kya GCRC mein online complaint submit ki ja sakti hai?,"Jee han, GCRC ne MyIUB platform mein complaint redressal portal integrate kiya hai jahan students aur faculty apne login credentials se grievances submit kar sakte hain ."
Can I submit a complaint to the GCRC through an online portal?,"Yes, the GCRC has integrated a user-friendly complaint redressal portal within the MyIUB platform, allowing students and faculty to submit grievances using their MyIUB login credentials ."
GCRC mein anonymous complaint submit karna allowed hai?,"Nahi, GCRC anonymous complaints ko entertain nahi karta. Transparency aur accountability ke liye all complaints must bear complainant's signature and include identification details such as name, CNIC/IUB card number, or student roll number ."
Are anonymous complaints allowed at GCRC?,"No, the GCRC does not entertain anonymous complaints. All grievances must include the complainant's signature and specific identification details to maintain transparency and accountability ."
GCRC ke members aur contact details kahan se mil sakte hain?,"GCRC ki constitution, membership details aur contact information university ki official website aur social media platforms par available hain ."
Where can I find the GCRC members and their contact information?,"The GCRC's constitution, membership details, and contact information are available on the university's official website and various social media platforms ."
Center of Islamic Finance (CIF) IUB mein kab aur kahan inaugurated hua?,Center of Islamic Finance (CIF) September 2025 mein Baghdad-ul-Jadeed Campus par inaugurated hua. Yeh Department of Islamic and Conventional Banking aur Meezan Bank Limited ke collaboration mein establish kiya gaya .
When and where was the Center of Islamic Finance (CIF) inaugurated at IUB?,"The Center of Islamic Finance (CIF) was inaugurated in September 2025 at the Baghdad-ul-Jadeed Campus, established in collaboration with Meezan Bank Limited ."
Center of Islamic Finance (CIF) ke Founder aur Patron kaun hain?,"Prof. Dr. Jawad Iqbal, Dean Faculty of Management Sciences and Commerce aur Director IBMAS, CIF ke Founder aur Patron hain. Unki efforts is centre ki establishment mein key thi ."
Who is the Founder and Patron of the Center of Islamic Finance?,"Prof. Dr. Jawad Iqbal, Dean of the Faculty of Management Sciences and Commerce, serves as the Founder and Patron of the Center of Islamic Finance, and his efforts were instrumental in its establishment ."
Outcome-Based Education (OBE) workshop ka maqsad kya hai?,"OBE workshop ka maqsad faculty members ko modern teaching methodologies se familiarize karna hai, jisse teaching standards ko international level par laya ja sake aur affiliated colleges mein bhi quality education implement ho ."
OBE workshop IUB Bahawalnagar Campus mein kab organize hui?,"OBE workshop Bahawalnagar Campus mein Quality Enhancement Cell (QEC) ne organize ki thi, jisme Vice Chancellor Prof. Dr. Muhammad Kamran ne detailed lecture diya ."
Which IUB faculty member received a Rs 5 million research project from the Pakistan Science Foundation?,"Prof. Dr. Umar Farooq, Chairman Department of Physiology, and his team received a Rs 5 million research project from the Pakistan Science Foundation for 'Pioneering Cattle Health through AI and Mobile Technology' ."
IUB team for the Pakistan Science Foundation research project mein kaun shamil hai?,"Team mein Prof. Dr. Umar Farooq (Chairman Physiology), Dr. Asjad Amin (Associate Professor, Information and Communication Engineering), aur Dr. Musadiq Idrees (Assistant Professor, Physiology) shamil hain ."
Women Empowerment Summit 2024 kahan organize hui aur kis ne participate kiya?,Women Empowerment Summit IUB Rahim Yar Khan Campus mein organize hui. IUB Character Building Society aur Directorate of Students Affairs ne event organize kiya .
Which society at IUB organized the Women Empowerment Summit 2024?,"The IUB Character Building Society, under the Directorate of Students Affairs, successfully organized the Women Empowerment Summit 2024 and the NISA Award Ceremony ."
NISA Award Ceremony kya hai aur iska maqsad kya hai?,NISA Award Ceremony women achievements aur society mein contributions ko celebrate karne ke liye IUB Character Building Society aur DSA ne organize kiya .
OBE workshop affiliated colleges ke teachers ke liye kyun important hai?,"OBE workshop affiliated colleges ke teachers ko modern teaching methodologies se aware karta hai, jisse quality education unify ho aur teaching standards university campuses aur affiliated colleges mein ek jaisi ho sakain ."
Research project 'Pioneering Cattle Health through AI and Mobile Technology' kis field mein hai?,"Research project veterinary sciences aur livestock health improvement par focus karta hai, using artificial intelligence and mobile technology for cattle health management ."
Who congratulated the IUB research team for the Pakistan Science Foundation project?,"Vice Chancellor Prof. Dr. Muhammad Kamran, Dean Faculty of Veterinary and Animal Sciences Prof. Dr. Muhammad Khalid Mansoor, Dean Faculty of Engineering Prof. Dr. Muhammad Amjad, and Director ORIC Prof. Dr. Muhammad Atif congratulated the team ."
GCRC mein complaint submit karne ke liye kaunsi details provide karni hain?,"Complaint mein complainant ka signature, name, designation, CNIC No./IUB card (employees ke liye) ya student ka name, Roll No., Program, Session, Department, Campus details, aur contact information include karni hain ."
What details are required when submitting a complaint to the GCRC at IUB?,"The complaint must include the complainant's signature, name, designation, CNIC No./IUB card (for employees) or student name, Roll No., Program, Session, Department, Campus details, and contact information ."
Center of Islamic Finance (CIF) kis department ke collaboration mein establish hua?,"CIF Department of Islamic and Conventional Banking, Institute of Business Management and Administrative Sciences (IBMAS), aur Meezan Bank Limited ke collaboration mein establish hua ."
Which departments collaborated to establish the Center of Islamic Finance at IUB?,"The Center of Islamic Finance was established through collaboration between the Department of Islamic and Conventional Banking, IBMAS, and Meezan Bank Limited ."
Centre of Islamic Finance ka future vision kya hai?,"CIF academic aur professional training provide karega aur FinTech innovation, Green Finance, aur ethical banking practices ke liye pathways create karega ."
What is the future vision of the Centre of Islamic Finance at IUB?,"The Centre will provide academic and professional training and create pathways for FinTech innovation, Green Finance, and ethical banking practices in line with global trends ."
OBE workshop ka Vice Chancellor ne kya role play kiya?,"Vice Chancellor Prof. Dr. Muhammad Kamran ne OBE workshop mein detailed lecture diya, jisme unhone outcome-based education aur traditional teaching methods ke farq ko explain kiya ."
OBE workshop ke trainers kaun the?,"Vice Chancellor Prof. Dr. Muhammad Kamran aur Engineer Dr. Shahab Ahmed Niazi, Chairman Department of Electronics Engineering, ne workshops mein training di ."
IUB Meezan Bank ke saath MoU ka kya maqsad hai?,"MoU ka maqsad Islamic aur conventional banking mein Faculty Development Grant secure karna hai, jise faculty ki training aur knowledge-sharing ke liye use kiya jayega ."
Women Empowerment Summit 2024 mein kaunsi achievements celebrate ki gayin?,IUB Character Building Society aur DSA ne NISA Award Ceremony organize ki jis mein women achievements aur society contributions ko highlight kiya gaya .
Pakistan Science Foundation research grant ki total amount kya hai?,Pakistan Science Foundation ne Rs 5 million ka research grant Professor Dr. Umar Farooq aur unki team ko project 'Pioneering Cattle Health through AI and Mobile Technology' ke liye award kiya .
GCRC ne complaint redressal ke liye kaunsi digital platforms establish ki hain?,GCRC ne MyIUB platform mein complaint portal integrate kiya hai aur dedicated email address bhi establish ki hai .
Which IUB campus hosted the Women Empowerment Summit 2024?,The Women Empowerment Summit 2024 was hosted at IUB's Rahim Yar Khan Campus and was organized by the IUB Character Building Society and the Directorate of Students Affairs .
Who is the key contact for GCRC complaints at IUB?,"The GCRC operates under Prof. Dr. Saeed Ahmad Buzdar, Incharge Faculty of Physical and Mathematical Sciences. The committee contact details are available on the official IUB website ."
What is the purpose of the NISA Award Ceremony at IUB?,The NISA Award Ceremony aims to celebrate and honor women's achievements and contributions to society. It was organized by the IUB Character Building Society and the Directorate of Students Affairs .
Does IUB have a Character Building Society and what does it do?,"Yes, IUB has a Character Building Society under the Directorate of Students Affairs. It organized the Women Empowerment Summit 2024 and the NISA Award Ceremony to celebrate women's achievements ."
Who was the Additional Commissioner Bahawalpur who attended the Women Empowerment Summit?,"Munawar Hussain, Additional Commissioner Bahawalpur Division, attended the Women Empowerment Summit 2024 as a distinguished guest ."
What training opportunities does ORIC provide for faculty at IUB?,"ORIC has organized capacity-building seminars for faculty, including a session on 'Professional Development in line with HEC-ORIC KPIs' for the Faculty of Social Sciences ."
Has IUB received any research recognition from Pakistan Science Foundation before?,"IUB's Faculty of Veterinary and Animal Sciences team, led by Prof. Dr. Umar Farooq, has been awarded a Rs 5 million research project from the Pakistan Science Foundation for innovative cattle health research using AI ."
Which faculty members from the Faculty of Engineering are involved in the cattle health research project?,"Dr. Asjad Amin, Associate Professor in the Department of Information and Communication Engineering at the Faculty of Engineering, is part of the research team for the cattle health project ."
What is the role of the Department of Information and Communication Engineering in the cattle health research project?,Dr. Asjad Amin from the Department of Information and Communication Engineering is contributing his expertise in AI and mobile technology to the cattle health research project funded by the Pakistan Science Foundation .
Is the Centre of Islamic Finance (CIF) at IUB open to students from all departments or only specific disciplines?,"The Centre of Islamic Finance is open to all students across IUB who are interested in Islamic finance, banking, and related fields. It aims to provide academic and professional training and create pathways for FinTech innovation, Green Finance, and ethical banking practices . Students from any discipline can benefit from its educational and professional development activities."
How can I contribute to the work being done at the Centre of Islamic Finance?,"The Centre of Islamic Finance supports research and training in the field of Islamic finance. You can contribute by participating in its programs, engaging in research activities, or sharing your expertise. For specific opportunities, please contact the Department of Islamic and Conventional Banking or visit the university's official website ."
I'm having trouble with my IUB Gmail account. What should I do?,"If you are having trouble with your IUB Gmail account, you should contact the IUB IT Help Desk. They can assist with password issues, account access, and other technical problems ."
I cannot find my courses on IUB-LMS. What should I do?,"If your registered courses are not showing on IUB-LMS, first check your course registration status in the student portal. If your registration is confirmed and the courses are still missing, contact the IUB IT Help Desk for assistance."
I am a faculty member. How can I request a change to my class schedule?,"Faculty members should submit a formal request for schedule changes to their department head, who will then coordinate with the office of the Controller of Examinations regarding adjustments to the class schedule ."
Where can I find information about IUB's policies on research misconduct and ethics?,"IUB's Research Integrity policy is available on the university website. It outlines the standards of ethics expected of all faculty, staff, and students, and defines fabrication, falsification, and plagiarism as research misconduct, which are grounds for disciplinary action ."
How can I check my IUB result online?,Your result is published on the IUB website and student portal. You can log in to the student portal using your student ID and password to view your semester result. The official result is also published on the IUB website and department notice boards.
How can I as a teacher get students enrolled in my course on IUB-LMS?,Student enrollment in IUB-LMS courses is typically managed by the academic department. Teachers should coordinate with the LMS administrator or department head to ensure students are properly enrolled in their courses. Any discrepancies can be reported to the IT Help Desk.
What should I do if I lose my IUB student card?,"If you lose your IUB student ID card, you should immediately report it to the relevant office (usually the Directorate of Students Affairs). You will need to fill out an application and pay a fee for a replacement card. Contact the DSA office for the exact procedure."
How can I contact the Career Counseling and Placement Center (CCPC) at IUB?,"The Directorate of Career Counseling and Placement Center (CCPC) is headed by Director Muhammad Shahid Afzal Durrani. Their office is located in the Syed Tabish Alwari Building, Baghdad ul Jadeed Campus. You can contact them at shahid.durrani@iub.edu.pk ."
Where can I find information about IUB's partnership with Meezan Bank for the Islamic Finance initiative?,Information about the IUB-Meezan Bank partnership and the Center of Islamic Finance is available on the IUB website. The MoU was signed to secure a Faculty Development Grant aimed at promoting academic excellence and knowledge-sharing in Islamic finance .
What is the General Complaint Redressal Committee's stance on anonymous complaints?,"The GCRC has a strict policy not to entertain anonymous complaints. This decision was made to maintain transparency and accountability. All complaints must include the complainant's signature and specific identification details such as name, designation, or CNIC No ."
Can a student submit a complaint to the GCRC on behalf of another student?,"The GCRC policy requires complaints to include the signature and identification details of the complainant. A student may submit a complaint on behalf of another student, but they should include their own identification details and the details of the student they are representing. All complaints are subject to the GCRC's non-anonymity policy ."
Are complaints submitted to the GCRC handled confidentially?,"The GCRC operates under university regulations to ensure the proper handling of sensitive information. While the committee requires personal identification for transparency, it is expected to handle complaints with the necessary discretion to protect the privacy of those involved."
Where can faculty members find official university policies regarding academic leave and sabbaticals?,Official university policies regarding academic leave and sabbaticals are available on the IUB website or through the Registrar's Office. Faculty members should consult the relevant policies and contact the Admin-II/Faculty Section for specific inquiries .
Are there any scholarships available for students enrolled in the Centre of Islamic Finance programs?,"IUB provides various scholarships and financial aid programs for students, and the Directorate of Financial Assistance can provide information on available opportunities. Students interested in Islamic Finance programs should contact the Department of Islamic and Conventional Banking and the Financial Aid Office for scholarship details ."
I am a faculty member. How can I ensure my students have access to IUB research journals?,"ORIC manages 23 HEC-recognized journals for IUB. You can direct your students to these journals through the IUB library's digital resources. For specific inquiries, contact the library or ORIC ."
What is the procedure for faculty members to report a technical problem with the IUB-LMS?,"Faculty members can report technical problems with IUB-LMS by contacting the IUB IT Help Desk or sending an email to the LMS support team at lms@iub.edu.pk. For login issues, the IUB Helpline can also assist at 0346-9255555 ."
How can a faculty member apply for a research grant through ORIC?,"Faculty members can apply for research funding through ORIC, which helps mobilize resources from national and international funding bodies. They should contact ORIC for information on current funding opportunities, eligibility criteria, and application procedures ."
What is the purpose of the Outcome-Based Education (OBE) workshop at IUB?,"The OBE workshop aims to familiarize faculty members with modern teaching methodologies, aligning academic practices with international standards and bringing affiliated colleges' education quality on par with university campuses ."
OBE workshop mein Vice Chancellor ka kya role tha?,"Vice Chancellor Prof. Dr. Muhammad Kamran ne OBE workshop mein detailed lecture diya, jisme unhone outcome-based education aur traditional teaching methods ke farq ko explain kiya. Unhon ne purposeful aur standards-aligned pedagogy ki importance par zor diya ."
IUB ko Pakistan Science Foundation se kitne rupees ka research grant mila?,IUB ko Pakistan Science Foundation se Rs 5 million ka research grant mila hai. Yeh grant Professor Dr. Umar Farooq aur unki team ko 'Pioneering Cattle Health through AI and Mobile Technology' project ke liye award kiya gaya .
How much research funding did IUB receive from the Pakistan Science Foundation?,"IUB received a research project worth Rs 5 million from the Pakistan Science Foundation, awarded to Professor Dr. Umar Farooq and his team for 'Pioneering Cattle Health through AI and Mobile Technology' ."
Pakistan Science Foundation research project mein kaunsi faculties shamil hain?,"Is research project mein Faculty of Veterinary and Animal Sciences (Prof. Dr. Umar Farooq), Faculty of Engineering (Dr. Asjad Amin, Associate Professor, Information and Communication Engineering), aur Department of Physiology (Dr. Musadiq Idrees) shamil hain ."
Which faculties are involved in the Pakistan Science Foundation research project?,"The research project involves the Faculty of Veterinary and Animal Sciences (Prof. Dr. Umar Farooq), Faculty of Engineering (Dr. Asjad Amin), and the Department of Physiology (Dr. Musadiq Idrees) ."
Women Economic Empowerment Expo IUB mein kab organize hui?,"2nd Women's Economic Empowerment Expo IUB mein Department of Economics, Faculty of Social Sciences ne organize ki. Vice Chancellor Prof. Dr. Muhammad Kamran ne expo ka inauguration kiya ."
General Complaint Redressal Committee (GCRC) ki Terms of Reference (TORs) kya hain?,GCRC comprehensive Terms of Reference (TORs) develop kar rahi hai jo committee ke mandate aur scope ko clarify karegi. TORs online aur offline complaint forms ko design karegi .
Centre of Islamic Finance kis department mein establish hua?,"CIF Department of Islamic and Conventional Banking, Institute of Business, Management and Administrative Sciences (IBMAS), Baghdad-ul-Jadeed Campus mein establish hua hai ."
What is the status of the Terms of Reference (TORs) for the GCRC at IUB?,"The committee has been tasked with developing comprehensive Terms of Reference (TORs) to provide a detailed clarification of its mandate and scope, including the design of both online and offline complaint and appeal forms ."
Does GCRC accept complaints via email?,"Yes, GCRC ke liye ek dedicated email address established kiya gaya hai. Students aur faculty email ke zariye bhi complaints submit kar sakte hain ."
Can I submit a complaint to the GCRC via email?,"Yes, a dedicated email address has been established for the GCRC to facilitate efficient communication between the committee and the university community ."
GCRC complaint portal MyIUB platform par integrate kab hoga?,GCRC ne MyIUB platform mein user-friendly complaint redressal portal integrate karne ka decision liya hai. Students aur faculty apne MyIUB login credentials se grievances submit kar sakain gay .
Will the GCRC have an online complaint portal?,"Yes, the GCRC has decided to integrate a user-friendly complaint redressal portal within the MyIUB platform, allowing students and faculty to submit grievances using their MyIUB login credentials ."
GCRC ki membership details kahan available hain?,"GCRC ne committee ki constitution, membership details, aur contact information university ki official website aur social media platforms par available karne ka decision liya hai ."
Where can I find GCRC membership details?,"The GCRC has made its constitution, membership details, and contact information available on the university's official website and various social media platforms to ensure transparency and accessibility ."
GCRC students ko awareness kaise provide karega?,"GCRC awareness aur outreach initiatives ke zariye IUB community ko committee ke establishment, functions, mandate, aur contact details ke baare mein inform karega. Information official communications, faculty meetings, orientation programs, aur notice boards ke zariye disseminate ki jayegi ."
How will GCRC raise awareness among students?,"The GCRC is dedicated to raising awareness through official communications, faculty-level meetings, student orientation programs, the university's official website, and prominently displayed notice boards to ensure the community is well-informed ."
Can students submit complaints through class representatives?,"The GCRC has established a formal complaint submission process through the MyIUB portal, dedicated email, and hard copy. While class representatives may assist students, complaints must include the complainant's identification details ."
Students ke liye complaint form kahan se milega?,GCRC comprehensive Terms of Reference (TORs) develop kar rahi hai jo online aur offline complaint forms ko design karegi. Ye forms university website par available honge .
Can I submit a hard copy complaint to GCRC?,"Yes, GCRC hard copy complaints bhi accept karta hai. All complaints must include complainant's signature and identification details, regardless of submission method ."
Kya IUB mein ragging ke liye koi committee hai?,GCRC ragging complaints bhi receive aur address karta hai. Committee students aur faculty dono ke grievances ko handle karta hai .
GCRC meeting kab aur kahan hui?,"GCRC ki emergent meeting September 8, 2023 ko hui, jisme committee members ne transparency, accessibility, aur anonymous complaints ke baray mein decisions liye ."
When was the GCRC meeting held at IUB?,"An emergent meeting of the General Complaint Redressal Committee was held on September 8, 2023, attended by all committee members, where several pivotal decisions were reached ."
GCRC ke chairman kaun hain?,"GCRC Prof. Dr. Saeed Ahmad Buzdar, Incharge Faculty of Physical and Mathematical Sciences ki expert guidance mein kaam karta hai ."
Students ki grievances kitne time mein resolve hoti hain?,"GCRC ka overarching goal stipulated timeframes mein issues ko handle karna hai, strict accordance with university regulations ."
How long does it take for GCRC to resolve a complaint?,The GCRC aims to ensure expeditious handling of issues in strict accordance with university regulations and within stipulated timeframes .
Faculty ki grievances ke liye alag committee hai?,GCRC students aur faculty dono ke liye ek hi committee hai. Both can submit complaints through the same process .
GCRC ke email address ke baare mein kya maloom hai?,GCRC ne ek dedicated email address establish karne ka decision liya hai taake committee aur university stakeholders ke darmiyan efficient communication ho sakay .
Will GCRC have a dedicated email address?,"Yes, the GCRC has decided to establish a dedicated email address to facilitate efficient communication between the committee and the diverse stakeholders of the university ."
GCRC ki Terms of Reference (TORs) kya cover karengi?,TORs committee ke mandate aur scope ko clarify karengi aur online aur offline complaint aur appeal forms ko design karengi .
Can I appeal a GCRC decision?,GCRC comprehensive Terms of Reference (TORs) develop kar rahi hai jo complaint aur appeal forms ko design karegi. Is se appeal process clear ho jayega .
What is IUB's zero-tolerance policy on harassment and how does it operate?,"IUB has a strict zero-tolerance policy on any kind of harassment. A Center for Anti-Harassment and Discrimination has been established at the university to address such matters. The Anti-Harassment Committee investigates complaints, and the Vice Chancellor has directed deans to submit reports promptly for thorough investigation . For reporting incidents, you should contact the Anti-Harassment Committee or the Center for Anti-Harassment and Discrimination directly."
How can I submit a complaint to the General Complaint Redressal Committee (GCRC) at IUB?,"You can submit a complaint through the user-friendly complaint redressal portal integrated within the MyIUB platform, by email, or via hard copy. All complaints must include your name, signature, CNIC/IUB card number, and contact details as anonymous complaints are not accepted ."
Who is the head of the GCRC at IUB and what is the committee's purpose?,"The GCRC operates under the expert guidance of Prof. Dr. Saeed Ahmad Buzdar, Incharge Faculty of Physical and Mathematical Sciences. The committee addresses complaints from both students and faculty members to ensure expeditious handling in accordance with university regulations ."
Where can I find the contact information for GCRC members?,"The GCRC has made its constitution, membership details, and contact information available on the university's official website and various social media platforms to ensure transparency and accessibility for all stakeholders ."
"Does IUB accept complaints via email, and what is the process?","Yes, the GCRC has established a dedicated email address to facilitate efficient communication. When submitting a complaint via email, you must include your signature, name, CNIC/IUB card number, and contact details as per the committee's non-anonymity policy ."
What is the commitment of IUB's GCRC regarding transparency?,"The GCRC is committed to transparency and accessibility. It has decided to make its constitution, membership details, and contact information available on the university's official website and social media platforms ."
What information is required when submitting a complaint to the GCRC?,"Complaints must include the complainant's signature, name, designation, CNIC/IUB card number (for employees), or student's Name, Roll No., Program, Session, Department, and Campus details, along with contact information ."
When was the GCRC established at IUB and what was its goal?,The GCRC was established in September 2023 to improve grievance resolution for students and faculty. Its goal is to ensure expeditious handling of issues in accordance with university regulations and within stipulated timeframes .
What are the Terms of Reference (TORs) for the GCRC?,The GCRC is developing comprehensive Terms of Reference (TORs) to provide a detailed explanation of its mandate and scope. These TORs will encompass the design of both online and offline complaint and appeal forms .
What is IUB's policy on anti-harassment and discrimination?,IUB has a zero-tolerance policy on any kind of harassment. The university has established a Center for Anti-Harassment and Discrimination to address such matters. The Anti-Harassment Committee investigates complaints and ensures thorough action .
Does IUB have a dedicated anti-harassment committee?,"Yes, IUB has an Anti-Harassment Committee that investigates complaints related to harassment and discrimination. The committee operates under the university's zero-tolerance policy and follows HEC guidelines for handling such matters ."
Can faculty members also submit complaints to the GCRC?,"Yes, the GCRC is specifically established to address complaints and concerns from both students and faculty members, ensuring that all university stakeholders have access to grievance resolution mechanisms ."
What is the significance of the GCRC being established at IUB?,"The establishment of the GCRC represents a progressive step toward improving grievance resolution at IUB. It demonstrates the university's commitment to transparency, accessibility, and the expeditious handling of complaints from students and faculty ."
How can students submit hard copy complaints to the GCRC?,"Students can submit hard copy complaints to the GCRC. All hard copy complaints must include the student's signature, Name, Roll No., Program, Session, Department, and Campus details, along with contact information ."
Is there a specific format for GCRC complaints?,"The GCRC is developing comprehensive Terms of Reference (TORs) that will encompass the design of both online and offline complaint forms, providing a clear and precise format for submissions ."
Where will GCRC information and updates be posted?,"Information regarding the GCRC mandate, procedures, and contact details will be posted on the university's official website, social media platforms, and prominently displayed notice boards across campuses ."
How does the GCRC ensure transparency in handling complaints?,"The GCRC ensures transparency by requiring all complaints to include the complainant's identification details, making committee information publicly available, and establishing clear Terms of Reference for its operations ."
Are GCRC meetings open to the public?,"GCRC meetings are typically internal, but the committee disseminates its decisions and developments through official communications and university platforms to keep the community informed ."
Can a student submit a complaint on behalf of another student?,"While a student may assist another in submitting a complaint, the GCRC requires the complaint to include the complainant's signature and identification details. The student filing the complaint must identify themselves ."
Does the GCRC handle complaints about faculty conduct?,"Yes, the GCRC addresses complaints from both students and faculty members, including concerns about faculty conduct, in accordance with university regulations ."
Is there an appeal process for GCRC decisions?,"The GCRC is developing Terms of Reference (TORs) that will design both online and offline appeal forms, establishing a clear and precise appeal process for decisions ."
How can I check my admission merit list status at IUB?,Merit lists are uploaded on the official IUB website under the admissions section. You will need your application number or CNIC to view your result. Check the specific portal for your program.
I am on the waiting list for admission. What should I do next?,"If you are on the waiting list, you should regularly check the IUB website and your student portal for updates. The admission office may contact you if a seat becomes available."
How do I accept my admission offer at IUB?,"To accept your admission offer, log in to the IUB admission portal and follow the instructions to confirm your seat. You may also need to pay the admission fee within the specified deadline."
My admission application has incorrect information. How can I correct it?,"If you have submitted incorrect information in your admission application, contact the IUB Admission Cell immediately. They will guide you on the correction procedure. Do not submit a new application unless instructed."
Can I submit a duplicate admission application at IUB?,"Submitting duplicate applications is generally discouraged. If you have submitted two applications, contact the Admission Cell to clarify which one should be processed. They will guide you on the next steps."
How can I track my admission application status at IUB?,"You can track your admission application status by logging into the official IUB admission portal. The status will show as 'Submitted', 'Under Review', 'Selected', or 'Rejected'. For any issues, contact the Admission Cell."
Does IUB conduct admission interviews for all programs?,"Admission interviews are not required for all programs. Some departments may conduct interviews for specific programs, especially at the postgraduate level. Check the program-specific admission criteria on the IUB website."
When will the admission entry test result be announced at IUB?,The entry test result is announced on the IUB website and student portal. Keep checking the admission section for updates. Contact the Directorate of Academics if you have any concerns.
How is the admission merit calculated at IUB?,Merit is typically calculated based on your academic record and entry test performance. The exact formula may vary by program. Check the admission advertisement or contact the Admission Cell for the specific merit calculation criteria.
Does IUB have reserved seats for minority students?,"IUB follows government policies regarding reserved seats for minority and special quota students. For specific quota information, check the admission advertisement or contact the Admission Cell."
Can I cancel my admission after confirmation at IUB?,"Yes, you can cancel your admission by submitting a formal application to the Admission Cell. The refund policy, if applicable, will be governed by university rules. Contact the Admission Cell for the specific procedure."
Can I defer my admission to the next semester at IUB?,Admission deferral may be allowed in exceptional circumstances. You must submit a formal application to the Admission Cell explaining your reason. The decision will be made by the relevant authority.
Can I provisionally take admission if I am awaiting my final results?,"Yes, IUB allows provisional admission for students awaiting final results. You must submit an undertaking that you will provide the final result within the specified deadline. Failure to do so may result in admission cancellation."
Why was my admission application rejected?,"Admission applications may be rejected for various reasons including incomplete documentation, failure to meet eligibility criteria, or low merit ranking. You can contact the Admission Cell for specific feedback on your application."
My admission application is incomplete. What should I do?,"If your admission application is incomplete, you will likely receive a notification from the Admission Cell. Submit the missing documents as soon as possible within the specified deadline to avoid rejection."
How do I confirm that my admission fee payment was received at IUB?,"Log in to your student portal to check your fee payment status. You can also keep your bank challan receipt as proof. If the payment is not reflected within a few days, contact the Accounts Office or Treasurer's Office."
I am having technical problems with the admission portal. What should I do?,"If you are having technical problems with the admission portal, first try clearing your browser cache or using a different browser. If the problem persists, contact the IUB IT Help Desk for assistance."
What is the duration of the BS Computer Science program at IUB?,"The duration of the BS Computer Science program at IUB is typically 4 years, comprising 8 semesters. However, the exact duration may vary depending on your course load and academic progress. Check the program curriculum on the IUB website for details."
Where is the Computer Science department located at IUB?,"The Computer Science department is part of the Faculty of Computing at IUB. The main offices and classrooms are located on the Baghdad-ul-Jadeed Campus. For specific location details, refer to the campus map on the IUB website."
How can I contact the Computer Science department at IUB?,The Computer Science department contact details can be found on the IUB website under the faculty/department directory. You may also contact the department through the main IUB helpline at 0346-9255555.
Who is the program coordinator for BS Economics at IUB?,"The program coordinator for BS Economics can be contacted through the Department of Economics, Faculty of Social Sciences. For specific contact information, please visit the departmental page on the IUB website or contact the Faculty office."
What are the eligibility criteria for the MBA program at IUB?,"The eligibility criteria for the MBA program vary by specialization. Generally, applicants must hold a Bachelor's degree with a minimum CGPA. For specific eligibility requirements, please check the program page on the IUB website or contact the Department of Management Sciences."
Does IUB offer evening or weekend programs?,"The availability of evening or weekend programs varies by program and semester. IUB has introduced weekend programs for MPhil degrees. For current program offerings, check the IUB website or contact the Directorate of Advanced Studies and Research ."
What are the specialization options available in the BS Psychology program at IUB?,"The BS Psychology program may offer specializations such as Clinical Psychology, Educational Psychology, or Organizational Psychology. For current specialization options, check the program curriculum on the IUB website or contact the Department of Psychology."
How many credit hours are required to complete the BS English program at IUB?,"The total credit hours required for the BS English program at IUB are typically 130-136, spread across 8 semesters. For the exact credit-hour requirements, consult the program curriculum on the IUB website."
Where can I find the course catalog for IUB programs?,"The course catalog for IUB programs is available on the university website under the academics section. It provides detailed information about program structures, course descriptions, and degree requirements."
How can I check my degree progress at IUB?,You can check your degree progress by reviewing your academic record in the student portal. Your advisor can also help you track your progress towards completing the degree requirements.
How many credit hours do I have remaining to complete my degree?,"You can calculate your remaining credit hours by comparing your completed credits against your program's total requirements. This information is available in your student portal. For personalized assistance, contact your academic advisor."
What are the prerequisite courses for the Machine Learning course at IUB?,"The prerequisite courses for Machine Learning typically include Programming Fundamentals, Data Structures, and Probability & Statistics. For specific prerequisites, check the course description in the course catalog or contact the department offering the course."
My two courses have a timetable conflict. What should I do?,"If you have a timetable conflict, you should contact your academic advisor or the department offering the courses. They may suggest alternative sections or courses. In some cases, you may need to drop one of the courses."
A course section I need is closed. Can I still register?,Closed sections may still have limited seats available. You should contact the department offering the course to inquire about possible seat openings or waitlisting. You may also choose an alternative section or course.
Can I add a course after the add/drop deadline at IUB?,"Adding a course after the add/drop deadline is generally not permitted. In exceptional circumstances, you may submit a petition to the department. Late adds are subject to approval and may require the instructor's consent."
Can I drop a course after the withdrawal deadline at IUB?,Dropping a course after the withdrawal deadline is generally not allowed. You would need to submit a petition with a valid reason to the department. Late withdrawal may result in a 'W' grade on your transcript.
How can I change my course section at IUB?,"Section changes are permitted during the add/drop period. To change your section, you must process the change through the student portal within the allowed timeframe. After the add/drop period, section changes require department approval."
How do I repeat a course I previously failed at IUB?,"To repeat a failed course, you must re-register for the course when it is next offered. The failed grade will remain on your transcript, but the new grade will be included in your CGPA calculation. Check the academic regulations for details."
How can I get academic advising at IUB?,"You can get academic advising from your assigned academic advisor, who is typically a faculty member from your department. You can also seek guidance from the Directorate of Academics for general academic planning."
How can I create a semester study plan at IUB?,You can create a semester study plan in consultation with your academic advisor. The plan should outline the courses you intend to take each semester to ensure timely graduation. The course catalog can help you plan your schedule.
Where can I find a degree audit form or system at IUB?,Degree audits are typically available through the student portal. It allows you to track your progress toward degree completion by comparing completed courses against program requirements. Contact your advisor for assistance.
The student portal keeps logging me out. What should I do?,"If the student portal keeps logging you out, clear your browser cache and cookies. Ensure you are using a supported browser. If the problem persists, contact the IUB IT Help Desk for assistance."
My student portal says my account is temporarily locked. How can I unlock it?,"Your account may be locked for security reasons. Please wait a few minutes and try again. If the lock persists, use the 'Forgot Password' or account recovery option. Contact the IT Help Desk if you need further assistance."
My student information is incorrect in the portal. How can I fix it?,"If your student information is incorrect, you should contact the Registrar's Office to request a correction. You may need to provide supporting documents. In some cases, you can update certain information through the student portal."
Why are my fees not showing correctly in the student portal?,"If your fees are not showing correctly, there may be a synchronization issue. Wait for 24-48 hours after payment. If the problem persists, contact the Treasurer's Office with your payment receipt."
My registration information is missing from the student portal. What should I do?,"If your registration information is missing, check your registration status. You may have registration holds or outstanding dues. If the issue continues, contact the Registrar's Office or your department office."
How do I get notifications from the student portal?,You can manage your notification preferences in the student portal settings. Ensure your contact information is up to date to receive important alerts. Check the portal regularly for official announcements.
My student portal is not working on my mobile device. What should I do?,"If the student portal is not working on your mobile device, try using a different browser or ensure you have a stable internet connection. The portal may also be accessible through a mobile app if available. Contact the IT Help Desk for assistance."
Can I submit my assignment after the deadline on IUB-LMS?,Submitting an assignment after the deadline is generally not permitted unless you have prior approval from your instructor. Late submissions may receive a penalty. Contact your instructor directly if you have a valid reason for the delay.
Why is my quiz not opening on IUB-LMS?,"If your quiz is not opening, check your internet connection and browser compatibility. Ensure you are using a supported browser and have the latest updates. If the problem persists, contact your instructor or the LMS support."
Some course content is missing on my IUB-LMS. What should I do?,"If course content is missing on IUB-LMS, first check with your instructor to confirm if the content has been uploaded. Refresh the page or try a different browser. If the issue continues, report it to the LMS support."
The discussion forum is not working on my IUB-LMS. What should I do?,"If the discussion forum is not working, try refreshing the page or using a different browser. Ensure you have a stable internet connection. If the problem persists, contact the IT Help Desk."
How do I check my attendance record on IUB-LMS?,"You can check your attendance record on IUB-LMS by navigating to the attendance section for the course. If attendance is not visible, contact your instructor for a manual check."
I am having trouble submitting a file on IUB-LMS. What file formats are supported?,"IUB-LMS supports common file formats including PDF, DOC, DOCX, PPT, and JPG. If you are having trouble, check that your file meets the size and format requirements. Contact LMS support if the problem continues."
The video lecture is not playing on IUB-LMS. What should I do?,"If a video lecture is not playing, check your internet connection and browser compatibility. Ensure you have the latest media player or browser updates. If the problem persists, contact the IT Help Desk."
How can I download lecture materials from IUB-LMS?,"You can download lecture materials from IUB-LMS by selecting the file and clicking the download option. If the download option is not available, the instructor may not have enabled download permissions. Contact your instructor for assistance."
How can a teacher upload course material on IUB-LMS?,Teachers can upload course material on IUB-LMS by navigating to the course page and selecting 'Add Content' or 'Upload Material'. The exact steps are available in the teacher training manual. Contact LMS support for assistance.
How can a teacher create assignments on IUB-LMS?,"Teachers can create assignments on IUB-LMS by navigating to the 'Assignments' section and selecting 'Create Assignment'. The instructor can set deadlines, grade criteria, and submission requirements. Contact LMS support if you need help."
How can a teacher grade assignments on IUB-LMS?,Teachers can grade assignments on IUB-LMS by navigating to the assignment submission page and entering grades for each student. The grades may be automatically synced with the gradebook. Contact LMS support for detailed instructions.
How can faculty access student enrollment information at IUB?,"Faculty can access student enrollment information for their courses through the IUB-LMS or the faculty portal. For detailed enrollment reports, contact the department office or the Registrar's Office."
How can a teacher record attendance on IUB-LMS?,Teachers can record attendance by navigating to the attendance section of the course page and selecting the date. They can mark students as present or absent. Contact LMS support if you encounter issues.
How can faculty correct an attendance entry on IUB-LMS?,"To correct an attendance entry, teachers can edit the attendance record directly on the LMS if the functionality is enabled. Otherwise, they must contact the department office for assistance."
How can a teacher submit internal assessment marks at IUB?,Teachers can submit internal assessment marks through the designated examination portal or LMS. The specific procedure is communicated by the Examination Division at the start of each semester.
How can faculty submit final grades at IUB?,Faculty submit final grades through the examination portal or LMS within the specified deadline. The exact process is outlined in the guidelines provided by the Examination Division.
How can a teacher request correction of submitted marks at IUB?,"To request a correction of submitted marks, the teacher must contact the Examination Division with a valid reason. Any changes to submitted marks require approval from the relevant authority."
How can faculty access examination schedules at IUB?,Faculty can access examination schedules through the IUB website or the faculty portal. The Examination Division also communicates important schedule information to departments.
How can a teacher report an examination issue at IUB?,"If a teacher encounters an examination issue, they should contact the Examination Division immediately. The division provides support for issues such as exam paper problems, room changes, or student misconduct."
How can faculty request academic leave at IUB?,Faculty can request academic leave by submitting a formal application through their department head to the Registrar's Office. The application should include the reason and duration of leave. Contact the Admin Section for details.
How can faculty update their profile information at IUB?,Faculty can update their profile information by contacting the Human Resources Department or the Registrar's Office. Some updates may be possible through the faculty portal.
How can faculty access university policies at IUB?,University policies are available on the IUB website under the relevant sections. Faculty can also contact the Registrar's Office or the Quality Enhancement Cell (QEC) for policy-related inquiries.
What programs are offered by IUB?,"IUB offers a wide range of undergraduate, graduate, and postgraduate programs across its 15 faculties, including Arts and Languages, Social Sciences, Computing, Engineering and Technology, Law, Management Sciences and Commerce, Medicine and Allied Health Sciences, Pharmacy, Agriculture and Environment, Veterinary and Animal Sciences, Physical and Mathematical Sciences, Chemical and Biological Sciences, Islamic and Arabic Studies, Education, and Online and Distance Education ."
Which programs are available at Baghdad ul Jadeed Campus?,"The Baghdad ul Jadeed Campus hosts most faculties including Arts and Languages, Social Sciences, Computing, and Management Sciences. It also houses the Sir Sadiq Muhammad Khan Library and the Directorate of Students Affairs ."
Which faculty offers BS programs in computing at IUB?,"The Faculty of Computing at IUB offers BS programs in Computer Science, Information Technology, Software Engineering, Information Systems, Digital Media, Networks and Telecommunications, and Internet of Things ."
What departments are under the Faculty of Engineering at IUB?,"The Faculty of Engineering and Technology at IUB includes departments such as Telecommunication Engineering, Electrical Engineering Technology, Biomedical Engineering Technology, Intelligent Systems and Robotics, Information Engineering Technology, Aviation Sciences, and Aircraft Maintenance ."
Where is the Department of Information and Communication Engineering located?,The Department of Information and Communication Engineering is part of the Faculty of Engineering and Technology at IUB. The department offices are located on the Baghdad ul Jadeed Campus .
Which office handles admission queries at IUB?,The IUB Admission Cell handles admission-related queries and can be contacted at 062-9255858. The Directorate of Academics also assists with admission matters and can be reached at 062-9255075 .
Where is the Registrar's Office at IUB?,"The Registrar's Office is located at the Abbasia Campus. You can contact them at 062-9250235 or via email at registrar@iub.edu.pk for transcripts, enrollment certificates, degree certificates, and other official documents ."
Where can I contact the Accounts Office at IUB?,The Treasurer's Office (Accounts Division) handles financial matters and can be contacted at 062-9250245 or via email at treasurer@iub.edu.pk. The office is located at the Abbasia Campus .
Where is the Controller of Examinations at IUB?,"The Examination Division (Controller of Examinations) is located at the Abbasia Campus. You can contact them at 062-9250241 or 062-9250243, and via email at controller@iub.edu.pk ."
Which campus has the main library at IUB?,"The main library, Sir Sadiq Muhammad Khan Library, is located at the Baghdad ul Jadeed Campus. It serves as a dynamic hub of knowledge, innovation, and academic excellence ."
Where is the scholarship office at IUB?,"The Directorate of Financial Assistance (DFA) manages scholarship programs at IUB. The DFA is located in the Syed Tabish Alwari Building, Baghdad ul Jadeed Campus. You can contact them at 0092-62-9255066 or via email at dfa@iub.edu.pk ."
Where can students submit complaints at IUB?,"Students can submit complaints through the General Complaint Redressal Committee (GCRC) via the MyIUB portal, dedicated email, or hard copy. Anonymous complaints are not accepted. The committee is guided by Prof. Dr. Saeed Ahmad Buzdar, Incharge Faculty of Physical and Mathematical Sciences ."
What services does the IUB library provide?,"The IUB Library provides open access e-books, a 'Corner for Special People' with computers, printer, and scanner for students with special needs, and a Group Discussion Area for collaborative study. Professional library staff are available to assist students with research and academic needs ."
How can students contact the Career Counseling Center at IUB?,"The Career Counseling and Placement Center (CCPC) is headed by Director Muhammad Shahid Afzal Durrani. Their office is located in the Syed Tabish Alwari Building, Baghdad ul Jadeed Campus. You can contact them at shahid.durrani@iub.edu.pk ."
Where can faculty submit research-related requests at IUB?,"Faculty members can submit research-related requests to the Office of Research, Innovation and Commercialization (ORIC) at IUB. ORIC supports research by mobilizing resources from funding bodies and establishing institutional collaborations ."
What services does the Career Counseling and Placement Center provide to IUB students?,"The CCPC provides career counseling for graduating students, training and skills development, and helps create opportunities for internships and placements. The center also arranges expert talks and seminars for academic and soft skills development ."
Where can I find the academic calendar for IUB?,"The official academic calendar is available on the IUB website under the 'Academics' section. It contains important dates including the start of classes, exam schedules, holidays, and registration deadlines."
Which campus has the Faculty of Social Sciences at IUB?,"The Faculty of Social Sciences is located at the Abbasia Campus. It includes departments such as Economics, Sociology, Social Work, Political Science, and Psychology ."
Where can I find official IUB announcements?,"Official IUB announcements are published on the university website, student portal, and official social media channels. Important notifications are also displayed on departmental notice boards."
How can I verify an official IUB notice?,"To verify an official IUB notice, check the university website for the same notification. If you are unsure, contact the relevant administrative office for confirmation."
Where can I find IUB official forms?,IUB official forms are available on the university website under the relevant sections. Some forms are also available through the student portal or at the respective administrative offices.
Which office handles academic records at IUB?,"The Registrar's Office handles academic records, transcripts, enrollment certificates, degree certificates, and other official documents at IUB ."
Which office handles financial matters at IUB?,"The Treasurer's Office handles financial matters including fee challans, payment issues, refunds, and financial holds ."
Which office handles student affairs at IUB?,"The Directorate of Students Affairs (DSA) handles student affairs including hostel matters, student societies, sports, and student support services ."
Which office handles admission matters at IUB?,The IUB Admission Cell handles admission matters. The Directorate of Academics also assists with admission-related queries .
Which office handles hostel matters at IUB?,The Directorate of Students Affairs (DSA) handles hostel matters. The hostel wardens also assist with day-to-day hostel issues .
What undergraduate programs does IUB offer?,"IUB offers BS programs in fields including Arts and Languages, Social Sciences, Computing, Engineering and Technology, Law, Management Sciences, Medicine and Allied Health Sciences, Pharmacy, Agriculture and Environment, Veterinary and Animal Sciences, Physical and Mathematical Sciences, and Chemical and Biological Sciences ."
What postgraduate programs does IUB offer?,"IUB offers MPhil, MS, MSc (Hons), MBA, LLM, and PhD programs across various academic departments in disciplines ranging from Natural Sciences, Social Sciences, Business & Management, to Arts and Humanities ."
Which departments offer engineering programs at IUB?,"The Faculty of Engineering and Technology at IUB offers programs through its departments including Telecommunication Engineering, Electrical Engineering Technology, Biomedical Engineering Technology, Intelligent Systems and Robotics, Information Engineering Technology, Aviation Sciences, and Aircraft Maintenance ."
Where is the Faculty of Medicine and Allied Health Sciences located?,"The Faculty of Medicine and Allied Health Sciences is primarily located at the Khawaja Fareed Campus, offering programs including Public Health, Forensic Science, and other allied health disciplines ."
What research support services does IUB provide to students and faculty?,"IUB provides research support through the Office of Research, Innovation and Commercialization (ORIC), which helps mobilize research funding, supports research collaborations, and protects intellectual property. The library also provides research databases and journal access ."
Where is the Accounts Office located at IUB?,The Treasurer's Office (Accounts Division) is located at the Abbasia Campus. You can contact them at 062-9250245 or via email at treasurer@iub.edu.pk for fee-related queries .
Which campus has the Faculty of Agriculture and Environment at IUB?,"The Faculty of Agriculture and Environment is primarily located at the Bagh-e-Jinnah Campus. This campus specializes in agriculture, veterinary, and related sciences ."
Where is the Directorate of Students Affairs (DSA) located?,"The Directorate of Students Affairs (DSA) is located in the Syed Tabish Alwari Building, Baghdad ul Jadeed Campus. You can contact them at 0092-62-9255560 or via email at dsaf@iub.edu.pk ."
Where can I find the IUB Helpline Center?,"The IUB Helpline Center can be contacted at 0346-9255555, 0347-9255555, or 062-9255580. The center assists with general university-related inquiries ."
Which office handles degree verification requests at IUB?,The Registrar's Office handles degree verification requests. You can contact them at 062-9250235 or via email at registrar@iub.edu.pk .
"Where is the Office of Research, Innovation and Commercialization (ORIC) located?",The ORIC office is located at IUB. Prof. Dr. Muhammad Atif is the Director of ORIC. You can visit their office on campus or check the IUB website for specific location details.
How can I find the contact information for a specific department at IUB?,Department contact information is available on the IUB website under the faculty/department directory. You can also contact the main IUB Helpline at 0346-9255555 for assistance.
Where can I find a campus map for IUB?,"A campus map for IUB is available on the university website. It shows the locations of academic buildings, administrative offices, hostels, and other facilities."
Which campus has the Faculty of Law at IUB?,The Faculty of Law is located at the Abbasia Campus. The faculty building has been expanded with new classrooms and faculty rooms .
Where is the Quality Enhancement Cell (QEC) located at IUB?,"The Quality Enhancement Cell (QEC) is located at the Syed Tabish Alwari Block, BJC, IUB, Bahawalpur. Prof. Dr. M. Asadullah Madni is the Director QEC ."
Where is the Central Admission Center located for admissions at IUB?,"The Central Admission Center for IUB admissions is located at the Abbasia Campus. It provides one-window facilities including e-portal application, document verification, and banking services ."
Which office handles student financial assistance at IUB?,"The Directorate of Financial Assistance (DFA) handles student financial assistance and scholarships. The DFA is located in the Syed Tabish Alwari Building, Baghdad ul Jadeed Campus ."
Where can I get a No Dues certificate from at IUB?,A No Dues certificate is obtained from the Registrar's Office after clearing all financial and other obligations with the university. You must get clearance from various offices before the certificate is issued.
Where can I find the IUB academic calendar for the current year?,"The IUB academic calendar is available on the university website under the 'Academics' section. It includes important dates for admissions, registration, exams, and holidays."
Where is the Examination Division located at IUB?,The Examination Division (Controller of Examinations) is located at the Abbasia Campus. You can contact them at 062-9250241 or controller@iub.edu.pk .
Which office at IUB handles official transcripts?,The Examination Division handles official transcripts. You can apply for transcripts through the Examination Division at the Abbasia Campus .
Where can I find IUB official policies?,"IUB official policies are available on the university website. The policies cover areas including academic integrity, research, student conduct, and administrative procedures."
Which office handles faculty HR matters at IUB?,"The Human Resources Department or Registrar's Office (Admin Section) handles faculty HR matters including appointments, promotions, and leave. Faculty should contact the Admin-II/Faculty Section for service matters."
Where is the IT Help Desk located at IUB?,"The IUB IT Help Desk is located on campus. For IT-related issues, you can contact the Directorate of Information Technology at 062-9255858 or 062-9255062 ."
Which campus has the Institute of Chemistry at IUB?,The Institute of Chemistry is part of the Faculty of Chemical and Biological Sciences at IUB. It is located at the Baghdad ul Jadeed Campus .
What services does the Quality Enhancement Cell (QEC) provide?,The Quality Enhancement Cell (QEC) is responsible for upholding quality assurance standards at IUB and implementing Higher Education Commission (HEC) policies. It ensures academic programs meet benchmarks and enhances the educational experience .
How can I find out about upcoming IUB events and seminars?,Upcoming events and seminars are announced on the IUB website and departmental notice boards. The Directorate of Students Affairs also coordinates many student events and activities.
Where is the IUB Information Center located?,"The IUB Information Center is located in the basement of Sir Sadiq Muhammad Khan Library, Baghdad-ul-Jadeed Campus. It operates under the Directorate of Communication and Public Relations ."
Which office handles fee payment verification at IUB?,"The Treasurer's Office handles fee payment verification. If your fee payment is not reflected in the portal, contact the Treasurer's Office at 062-9250245 with your payment receipt ."
Where is the Department of Computer Science located at IUB?,The Department of Computer Science is part of the Faculty of Computing at IUB. The department is located at the Baghdad ul Jadeed Campus .
What are the library timings at IUB?,"Library timings are available on the library website. For specific timings, it is best to check the official library website or contact the library helpdesk ."
Which office issues enrollment certificates at IUB?,The Registrar's Office issues enrollment certificates. You need to submit a formal application to the Registrar's Office for enrollment verification .
Where is the Department of English Language and Literature located at IUB?,The Department of English Language and Literature is part of the Faculty of Arts and Languages at IUB. The department is located at the Baghdad ul Jadeed Campus .
Which campus has the Faculty of Pharmacy at IUB?,The Faculty of Pharmacy is located at the Khawaja Fareed Campus. This campus also houses the Faculty of Medicine and Allied Health Sciences .
How can I contact the Accounts Office at the RYK Campus?,The Registrar's Office at the RYK Campus can be contacted at 0689230824. The Accounts Office at the RYK Campus can be reached through the main campus or the central Treasurer's Office at 062-9250245 .
What career guidance services does IUB offer to its students?,"IUB offers career guidance through the Career Counseling and Placement Center (CCPC). The center provides career counseling for graduating students, training and skills development, and helps create opportunities for internships and placements ."
Can I submit an anonymous complaint to the GCRC?,"No, the GCRC does not entertain anonymous complaints. All complaints must include the complainant's signature and specific identification details to maintain transparency and accountability ."
What is the procedure for submitting a complaint at IUB?,"You can submit your complaint through the MyIUB platform, via email, or through hard copy. All complaints must include the complainant's signature, name, designation (or student details), and contact information. Anonymous complaints are not accepted ."
Where is the General Complaint Redressal Committee located at IUB?,"The GCRC is guided by Prof. Dr. Saeed Ahmad Buzdar, Incharge Faculty of Physical and Mathematical Sciences. The committee can be contacted through the complaint portal on MyIUB or via dedicated email. Details about the committee are available on the university website ."
How can students get involved in research at IUB?,Students can get involved in research by contacting their department head or a faculty member whose research interests them. Many departments offer research opportunities and final-year projects .
How can students access research journals at IUB?,"Students can access research journals through the IUB digital library or the Sir Sadiq Muhammad Khan Library. The library provides access to online journals, e-books, and academic databases using student credentials ."
What is the process for submitting a research proposal at IUB?,"Faculty and researchers can submit research proposals through the Office of Research, Innovation and Commercialization (ORIC). ORIC supports research by mobilizing resources from funding bodies and establishing collaborations ."
How can undergraduate students apply for research funding at IUB?,Undergraduate research funding opportunities are typically announced by the relevant department or ORIC. Students should contact their department head or ORIC for information on available funding opportunities .
Where can students find research supervisors at IUB?,Students can find research supervisors by identifying faculty members working in their area of interest. They can approach them via email or during their office hours. The department can also provide guidance on available supervisors.
What is the process for thesis submission at IUB?,"The thesis submission procedure is detailed by the department and the postgraduate studies office. It typically involves a submission form, an originality report (plagiarism check), and final approval from the supervisor. Contact the department head for specific guidelines."
How can students check the status of their thesis submission at IUB?,Students can check the status of their thesis submission by contacting their supervisor or the postgraduate studies office. Updates are typically provided through the department or student portal.
What research ethics guidelines does IUB follow?,"IUB follows the research ethics guidelines outlined by the Higher Education Commission (HEC). The university has a Research Integrity policy that mandates adherence to the highest standards of ethics and integrity. Fabrication, falsification, and plagiarism are considered research misconduct ."
How can students check the status of their scholarship application at IUB?,"Students can check the status of their scholarship application by contacting the Directorate of Financial Assistance (DFA). The DFA office is located in the Syed Tabish Alwari Building, Baghdad ul Jadeed Campus ."
What documents are required for scholarship applications at IUB?,"The documents required vary by scholarship type. Generally, students need to submit their academic records, CNIC, income certificates, and other supporting documents as specified in the scholarship advertisement. Contact the Directorate of Financial Assistance for specific requirements."
Can I apply for multiple scholarships at IUB?,"Students may be eligible to apply for multiple scholarships, but the university's policy on receiving multiple scholarships may vary. Contact the Directorate of Financial Assistance for specific guidance on scholarship combinations."
How can students appeal a scholarship decision at IUB?,Students who wish to appeal a scholarship decision should contact the Directorate of Financial Assistance. The appeal process is outlined in the scholarship guidelines provided by the DFA.
What is the process for scholarship renewal at IUB?,Scholarship renewal typically requires maintaining the minimum academic performance specified for the scholarship. Students should contact the Directorate of Financial Assistance for specific renewal criteria and deadlines.
How can students request a fee receipt at IUB?,"Students can download fee receipts from the student portal after payment confirmation. If a receipt is missing, contact the Treasurer's Office at 062-9250245 for assistance."
What is the process for financial clearance at IUB?,Financial clearance requires clearing all outstanding dues and obligations with the university. Students must visit the Accounts Office to verify their financial status and obtain clearance.
How can students request a financial statement at IUB?,"Students can request a financial statement from the Treasurer's Office. The statement provides details of fee payments, outstanding dues, and other financial transactions."
How can students use the IUB library for research?,"Students can use the IUB library for research by accessing its physical and digital collections. The library provides access to books, journals, databases, and study spaces. The 'Corner for Special People' is also available for students with special needs ."
Can students borrow books from the IUB library?,"Yes, registered students can borrow books from the IUB library using their student ID card. Borrowing limits and durations are governed by library rules. Contact the library helpdesk for specific borrowing policies."
What is the process for returning books to the IUB library?,Books can be returned to the library circulation desk during library hours. Late returns may incur fines as per library policy. Contact the library helpdesk for specific return procedures.
How can students access e-books from the IUB library?,Students can access e-books through the IUB digital library using their student credentials. The digital library provides open access e-books and online academic resources.
What study spaces are available at the IUB library?,The IUB library offers study spaces including quiet study areas and a Group Discussion Area on the ground floor near the computer lab. The library also has a 'Corner for Special People' for students with special needs .
How can students print or photocopy at the IUB library?,"The IUB library provides printing and photocopying facilities. The 'Corner for Special People' is equipped with computers, a printer, and a scanner. Contact the library helpdesk for specific printing and photocopying services."
Where is the IUB library's main entrance located?,"The main entrance to the Sir Sadiq Muhammad Khan Library is located at the Baghdad ul Jadeed Campus. The library serves as a dynamic hub of knowledge, innovation, and academic excellence ."
How can students get help with research at the IUB library?,Students can get research help at the IUB library by contacting the reference desk or library staff. Professional library staff are available to assist students with research and academic needs.
Where can I find my examination roll number slip at IUB?,"Your roll number slip is available on the student portal before exams. You can download and print it from there. If it is missing, contact the Examination Division immediately."
Can I apply for a supplementary examination at IUB?,Supplementary examinations may be available in specific cases. You need to contact the Examination Division for the policy and procedure regarding supplementary exams.
What should I do if I have a clash between two exams at IUB?,"If you have an exam clash, immediately contact the Examination Division. They will guide you on the procedure for rescheduling or managing the clash."
Where can I find the seating plan for my exam at IUB?,The seating plan is typically displayed on the department notice board and may also be available on the student portal. Contact the Examination Division if you cannot find it.
How can I get my exam form corrected at IUB?,"If you need to correct your examination form, contact the Examination Division as soon as possible. They will guide you on the correction procedure. Corrections may not be possible after the deadline."
What is the procedure for a practical examination at IUB?,"Practical examinations are scheduled by the department. The procedure, including the date, time, and venue, is communicated by the department. Contact your department for specific practical exam details."
How can I apply for a special examination arrangement at IUB?,"If you require special examination arrangements due to a disability or other valid reason, contact the Examination Division or the Accessibility Center for assistance. They will guide you on the procedure."
What should I do if my result is withheld at IUB?,"If your result is withheld, it may be due to outstanding dues, incomplete requirements, or disciplinary issues. Contact the Examination Division or the Registrar's Office to resolve the issue."
Where can I find my exam center information at IUB?,"Your exam center information is available on your roll number slip. If you cannot find it, contact the Examination Division for assistance."
Can I change my exam center at IUB?,"Exam center changes are generally not permitted. In exceptional circumstances, you may contact the Examination Division to inquire about a possible change."
What should I do if I cannot appear for an exam due to a medical emergency?,"If you cannot appear for an exam due to a medical emergency, inform your department and the Examination Division as soon as possible. You may need to provide a medical certificate. The university will decide on any make-up exam or alternative arrangement."
How can I request special consideration for an exam at IUB?,Special consideration requests for exams must be submitted to the Examination Division with supporting documentation. The request will be reviewed by the relevant authority.
What are the rules for using calculators or other devices in exams at IUB?,The rules for using calculators and devices in exams are specified by the Examination Division. Some exams allow calculators while others do not. Check the exam instructions for specific rules.
How can I report exam misconduct at IUB?,"If you observe any exam misconduct, you should report it to the Examination Division or the invigilator. The university has procedures for investigating and addressing misconduct."
How can I get my result corrected at IUB?,"If you believe there is an error in your result, you should contact the Examination Division. You may need to submit a formal application for result correction. The process will be explained by the Examination Division."
What is the procedure for an exam appeal at IUB?,"If you wish to appeal an exam decision, you must submit a formal appeal to the Examination Division or the relevant committee. The appeal procedure is outlined in university regulations. Contact the Examination Division for details."
How can I get my answer script rechecked at IUB?,"To request a recheck of your answer script, submit a formal application to the Examination Division within the prescribed time frame. A fee may be required. Contact the Examination Division for the specific process."
What is the procedure for a viva examination at IUB?,"Viva examinations are typically conducted by the department. The procedure, including the date, time, and venue, is communicated by the department. Contact your department for specific viva exam details."
How can I get my thesis evaluated at IUB?,Thesis evaluation is handled by the postgraduate studies office and the department. The procedure is detailed in the thesis submission guidelines. Contact your supervisor or the postgraduate studies office for specific evaluation procedures.
What is the process for a thesis defense at IUB?,The thesis defense process is outlined by the department. It typically involves a presentation and oral examination by a panel. Contact your department for specific thesis defense requirements.
How can I report an issue with my exam venue at IUB?,"If you have an issue with your exam venue, report it to the Examination Division or the invigilator immediately. They will assist you in resolving the issue."
Where can I find the date sheet for my exams at IUB?,The date sheet is published on the IUB website and student portal. It is also displayed on department notice boards. Contact the Examination Division if you cannot find it.
Can I request a change to my exam schedule at IUB?,"Exam schedule changes are generally not permitted. In exceptional circumstances, you may contact the Examination Division to inquire about a possible change. Any change would be subject to approval."
How can I get a duplicate roll number slip at IUB?,"If you lose your roll number slip, you can download and print a new copy from the student portal. If you are unable to do so, contact the Examination Division for assistance."
What is the process for an absent status in my result at IUB?,"If you have an absent status in your result, it indicates that you did not appear for the exam. If this is an error, contact the Examination Division immediately with supporting documentation."
How can I get a transcript of my academic record from IUB?,"To get a transcript, you need to apply to the Examination Division. The application form and fee details are available on the IUB website. Contact the Examination Division for the specific procedure."
Where can I find the examination regulations at IUB?,"The examination regulations are published on the IUB website and in the student handbook. They cover all aspects of the examination process, including conduct, grading, and policies."
How can I contact the Examination Division at IUB?,"The Examination Division can be contacted at 062-9250241 or 062-9250243, and via email at controller@iub.edu.pk. The office is located at the Abbasia Campus."
What is the procedure for submitting a grievance about an exam at IUB?,"If you have a grievance about an exam, you should contact the Examination Division or the General Complaint Redressal Committee (GCRC). The procedure is outlined in university regulations."
How can I request a re-evaluation of my exam paper at IUB?,"To request a re-evaluation of your exam paper, submit a formal application to the Examination Division within the prescribed time. A fee may be required. Contact the Examination Division for the specific process."
What is the policy for make-up exams at IUB?,Make-up exams may be allowed in exceptional circumstances such as a medical emergency. You must inform the department and Examination Division immediately and provide supporting documentation. The university will decide on any make-up exam arrangement.
How are grades calculated for practical exams at IUB?,"Grades for practical exams are typically calculated based on performance in the practical examination, which may include lab work, viva, and other components. The specific grading criteria are detailed in the course outline."
How can I check my exam marks online at IUB?,"You can check your exam marks by logging into the student portal. The marks are usually published after the official result announcement. If you cannot find your marks, contact the Examination Division."
What is the process for collecting my degree certificate at IUB?,"Degree certificates are issued by the Registrar's Office. After the final result is announced and you have cleared all dues, you will be notified to collect your degree certificate. Contact the Registrar's Office for the specific procedure."
How can I get a duplicate degree certificate from IUB?,"If you need a duplicate degree certificate, contact the Registrar's Office. You will need to submit a formal application and pay a fee. The process will be explained by the Registrar's Office."
Where can I find information about convocation at IUB?,"Information about convocation is announced on the IUB website and through the Registrar's Office. Students eligible for graduation are notified about the convocation date, registration, and other details."
How can I reset my LMS password?,"For IUB-LMS password problems, use the available password recovery or account-recovery option provided by the IUB-LMS system. If you cannot recover your account, contact the relevant IUB IT/LMS support for assistance."
I forgot my LMS password. What should I do?,"For IUB-LMS password problems, use the available password recovery or account-recovery option provided by the IUB-LMS system. If you cannot recover your account, contact the relevant IUB IT/LMS support for assistance."
I have forgotten my LMS password what can I do?,"For IUB-LMS password problems, use the available password recovery or account-recovery option provided by the IUB-LMS system. If you cannot recover your account, contact the relevant IUB IT/LMS support for assistance."
"LMS ka password bhool gaya hoon, kya karun?","For IUB-LMS password problems, use the available password recovery or account-recovery option provided by the IUB-LMS system. If you cannot recover your account, contact the relevant IUB IT/LMS support for assistance."
How do I recover my IUB LMS account?,"For IUB-LMS password problems, use the available password recovery or account-recovery option provided by the IUB-LMS system. If you cannot recover your account, contact the relevant IUB IT/LMS support for assistance."
My LMS password is not working.,"For IUB-LMS password problems, use the available password recovery or account-recovery option provided by the IUB-LMS system. If you cannot recover your account, contact the relevant IUB IT/LMS support for assistance."
