ticket_id,description,category,priority
PR-1050,What is the usual format of the mid-term examination? Please look into this.,Examination,Low
PR-1006,"Dear concerned team, the portal loads a little slowly on mobile sometimes; just wanted to mention it, not urgent.",Portal Technical Issue,Low
PR-0296,"Hi, the result declaration system crashed for the entire batch of 554 students just minutes before the scheduled announcement time, and everyone is waiting anxiously. Awaiting your response.",Result,Critical
PR-0553,Just wanted to confirm the general thesis submission format guidelines. Kindly advise.,Thesis,Low
PR-1023,When I open the fee section on the portal it appears empty and does not load any data. Please look into this.,Portal Technical Issue,Medium
PR-0305,"Dear concerned team, i was declared eligible on the merit list for BS Software Engineering but my admission fee challan is not generating, and within 24 hours is the last date to pay and confirm my seat.",Admission,High
PR-1398,"Sir, my credit transfer approval, required by Friday to secure my admission abroad before their deadline expires, has still not been processed despite three urgent escalations this week. Thank you.",Other,Critical
PR-0989,"Kindly note: My thesis defense is in two days and the portal will not let me download my approved supervisor sign-off, without which the committee will not allow me to defend. Please look into this.",Thesis,Critical
PR-0319,I would like to request my monthly payslip copies for the last few months for my personal records. Regards.,Employee Services,Medium
PR-0491,"Sir, there is a spelling mistake in my name on my student portal record; my correct name is Iqra Bibi. Could this be corrected? Thank you.",Name Correction,Medium
TCK-0415,How can I request a bonafide/enrollment certificate from the university?,Certificate / Verification,Low
TCK-0285,My thesis file was rejected by the portal for an unspecified reason and the resubmission deadline is in two days; I need urgent guidance. Roll No: S24BBDATS1M8237,Thesis,High
PR-0736,"Dear concerned team, there is an unusual, time-sensitive situation affecting hundreds of students across multiple departments that doesn't fit any specific category, and it needs immediate institutional attention today.",Other,Critical
TCK-0028,My name shows an extra letter on my printed student card. Please correct it before reprinting. Roll No: F24BBSIT3M3749,Name Correction,Medium
PR-1551,Kindly note: I need my final transcript urgently as I am applying for a Master's program abroad and the application portal closes by Friday. Kindly help.,Transcript,High
PR-0871,"The payroll system for the entire faculty has failed this cycle and salaries have not been disbursed to anyone, with rent and utility deadlines due this week for many staff members. Awaiting your response.",Employee Services,Critical
PR-1187,"My admission offer will be automatically cancelled at midnight by Friday if I do not submit my documents, but the document upload portal is showing a server error for every applicant right now. Please look into this.",Admission,Critical
TCK-0459,*As-Salaam-Alaikum* By mistakenly I apply for clearance for ADP I’ll apply after my 4th semester result need to Reset My clearance Portion Thanks,Clearance,Medium
TCK-0117,I need to update my CNIC number on my submitted admission application form; the system does not allow edits. Please assist.,Admission,Medium
PR-1144,My examination is scheduled to start in less than an hour and the admit card generation system has been down for our entire session since early this morning. Regards.,Examination,Critical
PR-1045,"Hi, my admission application fee was paid but the status still shows 'Pending Payment' on the portal. Kindly advise.",Admission,Medium
PR-0041,Kindly note: The Wi-Fi router in one of the blocks has been intermittent for several days; could it be checked? Thank you.,Infrastructure / Maintenance,Medium
PR-0470,"My degree application shows 'Submitted' status even though I paid the challan over a week ago, and I would like to know if this is normal processing time.",Degree,Medium
TCK-0120,"Just want to know the normal degree processing time, thanks.",Degree,Low
PR-0848,"My name correction request has been pending for nearly two months, and it is now blocking my degree printing needed before by Friday.",Name Correction,High
PR-1422,"My Directorate of Academics clearance has been pending for more than two months even though my other clearances were completed long ago, and I need my final transcript for a job that starts in two days.",Clearance,High
PR-0821,"Sir, my profile shows a completely wrong CNIC that is blocking my degree attestation submission, which is due at the HEC office within 24 hours, and I cannot correct it myself. Thank you.",Profile Update,Critical
PR-0564,"My scholarship-covered fee challan is still showing unpaid even though the scholarship office confirmed disbursement a couple of days ago, and a late fee surcharge starts today. Thank you.",Fee & Challan,High
TCK-0380,"My transcript request has been pending for more than 20 days despite the fee being paid, and I need it for a scholarship submission this week. Name: Farhan Sadiq, Roll No: F21BLLB4M2291",Transcript,High
PR-0779,My examination is scheduled to start in less than an hour and the admit card generation system has been down for our entire session since early this morning. Please look into this.,Examination,Critical
PR-1175,Kindly note: My examination is scheduled to start in less than an hour and the admit card generation system has been down for our entire session since early this morning. Kindly help.,Examination,Critical
TCK-0325,My semester fee payment deadline is today and the challan generation option has completely disappeared from my portal since this morning; I risk being dropped from the semester if I cannot pay today. Roll No: S24BBAGRI5M5345,Fee & Challan,Critical
PR-1474,"The telephone line of the Hostel Office at Baghdad-ul-Jadeed Campus is not functioning, and this is adversely affecting the ongoing admission campaign whose deadline is by Friday. Thank you.",Infrastructure / Maintenance,High
PR-0287,"Hi, my degree application shows 'Submitted' status even though I paid the challan a couple of days ago, and I would like to know if this is normal processing time. Awaiting your response.",Degree,Medium
PR-1102,"Dear concerned team, is it possible to link two of my accounts together, or should I just keep using them separately?",Account & Login,Low
TCK-0069,Kya open merit list already declare ho chuki hai is saal ki?,Admission,Low
PR-0412,"Respected Sir/Madam, the telephone line of the Examination Department at Khanpur Campus is not functioning, and this is adversely affecting the ongoing admission campaign whose deadline is by tomorrow morning.",Infrastructure / Maintenance,High
TCK-0121,"Result kab tak ayega, please batayen.",Result,Low
PR-0817,"The entire fee payment gateway has been down since last night for all students, and by tomorrow morning is the final date to submit semester fees without a late fine. Regards.",Fee & Challan,Critical
PR-1063,"Sir, despite paying all dues on time, I have faced continuous delays across multiple offices regarding my final clearance, now jeopardizing my job joining date tomorrow. Kindly advise.",Complaint,High
PR-0818,"Our whole department's final semester result system is showing 'no data found' for every single student, and it is blocking all of us from applying for graduation clearance before by Friday. Kindly help.",Result,Critical
PR-1155,"Sir, none of the 159 students in our batch can log in to the portal since last night, and by Friday is the final date for exam form submission with no extension announced. Thank you.",Account & Login,Critical
PR-1197,What is the recommended word count for a thesis final draft? Kindly advise.,Thesis,Low
PR-1259,"Kindly note: I paid my urgent degree processing fee of Rs. 16,000 but the transaction has completely vanished from both my bank statement and the portal, and my visa appointment is by tomorrow morning. Kindly help.",Fee & Challan,Critical
PR-1316,"My scholarship disbursement has been delayed by more than two months, and I need this amount to clear my semester fee challan before the due date by tomorrow morning, otherwise I risk being dropped. Kindly help.",Scholarship,High
TCK-0038,"I need an official letter of recommendation urgently for a scholarship application closing in two days, and my department has not responded to my request submitted a few days ago. Roll No: S23BLLB1M6129",Other,High
TCK-0242,The dark mode toggle on the portal doesn't seem to save my preference.,Portal Technical Issue,Low
PR-0802,"Dear concerned team, my name correction request has been pending for nearly two months, and it is now blocking my degree printing needed before this week.",Name Correction,High
PR-0677,"My admission has been put on hold because my HEC equivalence certificate has not been verified yet, and classes for BS Information Technology start this week.",Admission,High
PR-1090,"Sir, has the result declaration date been finalized yet for this semester? Kindly advise.",Result,Low
TCK-0100,Please confirm if my course load this semester meets the minimum credit hour requirement. Roll No: S25BBSEEN7M5415,Course Registration,Medium
PR-0929,"Hi, my profile shows a completely wrong CNIC that is blocking my degree attestation submission, which is due at the HEC office in two days, and I cannot correct it myself.",Profile Update,Critical
PR-1308,"My thesis submission is blocked on the portal due to a missing field error, and my defense is scheduled this week.",Thesis,High
PR-0321,What is the normal degree processing time for BS Statistics graduates? Regards.,Degree,Low
PR-0748,"My clearance was rejected without any specified reason, and this is now delaying my degree collection needed for a job joining date this week. Regards.",Clearance,High
PR-0126,"Hi, my account shows an 'Access Restricted' message on the dashboard, though I can still use the mobile app in the meantime. Kindly advise.",Account & Login,Medium
PR-0581,"Sir, my admission has been put on hold because my HEC equivalence certificate has not been verified yet, and classes for BS Physical Education & Sports Sciences start this week.",Admission,High
PR-0883,How can employees generally check their leave balance?,Employee Services,Low
PR-0055,"Hi, i paid my semester fee of Rs. 22,000 on a couple of days ago and the amount was deducted from my account, but the portal still shows the challan as unpaid, and the late fee deadline is within 24 hours. Please look into this.",Fee & Challan,High
PR-0582,"Dear concerned team, when does the admission form submission usually open for the next intake?",Admission,Low
PR-0054,"Kindly note: I have a visa interview in two days and the embassy has specifically asked for my original transcript, which I still do not have despite requesting it almost two weeks ago.",Transcript,Critical
TCK-0416,"I keep getting logged out mid-way while filling a long form on the portal, losing all my entered data. Roll No: S22BBMEDS4M5871",Portal Technical Issue,Medium
PR-1383,"Sir, the notification bell on my dashboard shows a count but clicking it does not open any notifications.",Portal Technical Issue,Medium
PR-1344,"My transcript request submitted about a week ago is still pending, and I would like an update on the expected completion date.",Transcript,Medium
PR-1199,"Kindly note: I paid my semester fee of Rs. 42,000 on about a week ago and the amount was deducted from my account, but the portal still shows the challan as unpaid, and the late fee deadline is within 24 hours. Regards.",Fee & Challan,High
PR-0773,"Sir, what is the recommended word count for a thesis final draft? Please look into this.",Thesis,Low
PR-0914,"Dear concerned team, my result shows an F grade in Computer Architecture that I'm confident is incorrect, and this is affecting my scholarship eligibility review scheduled this week. Please look into this.",Result,High
PR-1183,"Hi, small feedback: the waiting area could use a bit more seating, just a general comment. Regards.",Complaint,Low
TCK-0258,"Due to the mismatch between my student name and my national ID card name, I am facing rejection at multiple official verification steps including my visa application. Kindly correct urgently. Roll No: S23BBSCS4M6934",Name Correction,High
TCK-0225,"My name correction request has been pending for a few days, and it is now blocking my degree printing since the name must match CNIC exactly. Roll No: F25BBDOCS4M7071",Name Correction,High
PR-0960,How can I generate a new fee challan for the semester? Regards.,Fee & Challan,Low
PR-0930,The thesis submission deadline is today at midnight and the upload button has been completely non-functional for our entire batch since this afternoon.,Thesis,Critical
PR-0909,"Hi, a major water leakage has flooded part of the server room at Bahawalpur City Campus, threatening to permanently damage critical IT infrastructure for the whole university. Regards.",Infrastructure / Maintenance,Critical
PR-1337,"The examination portal has completely gone down while the final exam is currently being conducted live for hundreds of students, and no backup arrangement has been announced. Awaiting your response.",Examination,Critical
PR-0224,Kindly note: I need a duplicate transcript copy as my original was misplaced. Could you guide me on the reissuance process?,Transcript,Medium
PR-1357,I would like to know how to request a change of campus from Khanpur Campus to another campus. Regards.,Other,Medium
PR-0653,"I have an F grade in Thermodynamics but the subject is not appearing in the Course Repeat section, and I cannot register for the upcoming semester which closes in two days. Kindly advise.",Course Registration,High
PR-0682,What is the process to request an official transcript copy in general?,Transcript,Low
PR-1030,"My transcript request submitted over a week ago is still pending, and I would like an update on the expected completion date. Awaiting your response.",Transcript,Medium
PR-0620,What is the admission fee structure for MPhil Software Engineering? Awaiting your response.,Admission,Low
PR-1553,"Hi, i have a visa interview in two days and the embassy has specifically asked for my original transcript, which I still do not have despite requesting it over a week ago.",Transcript,Critical
PR-1152,"The payroll system for the entire faculty has failed this cycle and salaries have not been disbursed to anyone, with rent and utility deadlines due in two days for many staff members.",Employee Services,Critical
PR-0382,"Could you update my bank account details in the payroll system, as my old account has been closed? Please look into this.",Employee Services,Medium
TCK-0240,"My contract renewal has not been processed and my current contract expires this week, putting my continued employment and salary at risk.",Employee Services,High
PR-1577,Has the result declaration date been finalized yet for this semester? Please look into this.,Result,Low
PR-0436,"Respected Sir/Madam, the notification bell on my dashboard shows a count but clicking it does not open any notifications.",Portal Technical Issue,Medium
PR-0603,"Hi, the main student database appears to be corrupted, and records for an entire batch of 402 students are showing blank or missing fields across every module. Awaiting your response.",Portal Technical Issue,Critical
PR-0351,"Despite paying all dues on time, I have faced continuous delays across multiple offices regarding my final clearance, now jeopardizing my job joining date by tomorrow morning.",Complaint,High
PR-0979,"Respected Sir/Madam, what documents are generally required for the final clearance process? Please look into this.",Clearance,Low
PR-0580,"Respected Sir/Madam, how do I log out of the portal properly on a shared computer? Please look into this.",Account & Login,Low
PR-0547,Kindly note: One of my course results is missing from my transcript page while the rest are showing correctly. Regards.,Result,Medium
PR-0630,Kindly note: My thesis file was rejected by the portal for an unspecified reason and the resubmission deadline is within 24 hours. Thank you.,Thesis,High
TCK-0437,Hi Respected sir i want to change modify my picture from My Transcript kindly i am sharing this picture kindly update on profile record Thanks,Profile Update,Low
PR-1591,"Kindly note: My admission abroad will be cancelled by tomorrow morning unless my degree name matches my passport exactly, and the correction request has been pending for nearly two months despite the urgency I flagged.",Name Correction,Critical
TCK-0171,What is the admission fee structure for PhD Management Sciences?,Admission,Low
TCK-0328,Kindly tell me how many casual leaves are allowed per year for staff.,Employee Services,Low
PR-0112,"My credit transfer approval, required by tomorrow morning to secure my admission abroad before their deadline expires, has still not been processed despite three urgent escalations this week. Kindly help.",Other,Critical
PR-0155,"I am escalating a critical complaint on behalf of my entire batch — none of our clearance requests have been processed for over a month, and our convocation, requiring proof of clearance, is by Friday. Regards.",Complaint,Critical
PR-0121,"Dear concerned team, the examination portal has completely gone down while the final exam is currently being conducted live for hundreds of students, and no backup arrangement has been announced. Kindly advise.",Examination,Critical
PR-0403,"Sir, could you confirm receipt of the documents I submitted for my degree equivalence certification? Kindly advise.",Certificate / Verification,Medium
PR-0577,"My urgent degree application has been under 'review' for over a week even though I paid the urgent fee, and I need it for a job offer that requires verification by Friday. Awaiting your response.",Degree,High
TCK-0313,"My registration hold has still not been cleared despite clearing all dues two weeks ago, and today is the absolute last day to register, after which I will lose the semester entirely. Roll No: F21BBAGRI7M2858",Course Registration,Critical
PR-0140,"Hi, could a dark mode option be added to the profile page? It would be a nice addition. Kindly help.",Profile Update,Low
TCK-0289,"My Directorate of Academics clearance has been pending for about a week even though my IT and library clearances were completed long ago, and I need my final transcript for a job application. Roll No: F24BBAGRI7M4262",Clearance,High
PR-0168,"Dear concerned team, by mistake I applied for clearance under the wrong semester; could my clearance be reset so I can reapply correctly? Kindly advise.",Clearance,Medium
PR-0231,"Sir, is there a student club focused on robotics that I could join?",Other,Low
PR-1424,"Respected Sir/Madam, i have already submitted my thesis but I am unable to check the current status because it shows a missing registration number error. Please look into this.",Thesis,Medium
PR-1126,"Kindly note: My scholarship disbursement has been delayed by over a month, and I need this amount to clear my semester fee challan before the due date today, otherwise I risk being dropped. Kindly help.",Scholarship,High
PR-0639,When is the next semester result usually announced? Please look into this.,Result,Low
TCK-0178,Just checking if a thesis extension request can be filed online.,Thesis,Low
TCK-0206,"Dear Sir/Madam, I applied for degree completion clearance to obtain my official LL.B (5 Years) academic transcript. The clearance from the Directorate of IT has already been completed, but the Directorate of Academics clearance is still pending. Kindly review and process my clearance request at your earliest convenience.",Clearance,Medium
PR-0675,"Hi, i have already submitted my thesis but I am unable to check the current status because it shows a missing registration number error.",Thesis,Medium
TCK-0379,I would like to confirm my pension contribution status as a retiring faculty member this year.,Employee Services,Medium
PR-1561,"Dear concerned team, how do I log out of the portal properly on a shared computer? Please look into this.",Account & Login,Low
TCK-0195,"When I open the myIUB app or website and navigate to the Transcript section, the transcript is not showing. Instead, it appears empty or does not load any data. I am unable to view my academic transcript, and it is unclear whether this issue is due to a system error or missing data. Kindly check and resolve this issue as soon as possible so that the transcript information can be accessed properly.",Portal Technical Issue,High
PR-1585,"Hi, is there a mobile app version of the portal available, just curious? Regards.",Portal Technical Issue,Low
PR-0673,Kindly note: Could a dark mode option be added to the profile page? It would be a nice addition.,Profile Update,Low
TCK-0413,"The entire clearance module of the portal has been throwing a server error for two days, and I cannot proceed with a time-sensitive task because of it. Roll No: F23BPHD2M5352",Portal Technical Issue,High
PR-0174,"Kindly note: My profile shows a completely wrong CNIC that is blocking my degree attestation submission, which is due at the HEC office tomorrow, and I cannot correct it myself.",Profile Update,Critical
PR-1394,What is the admission fee structure for BS Computer Science? Please look into this.,Admission,Low
PR-1179,"Sir, what is the admission fee structure for BS Software Engineering? Awaiting your response.",Admission,Low
PR-1181,"None of the 584 students in our batch can log in to the portal since last night, and by Friday is the final date for exam form submission with no extension announced.",Account & Login,Critical
PR-0376,"Sir, do I need to visit in person for a name correction, or is there an online option available? Please look into this.",Name Correction,Low
PR-1242,"My visa application will be rejected if I do not submit a verified degree equivalence certificate by this week, and the verification office has stopped responding entirely. Regards.",Certificate / Verification,Critical
PR-0117,"Respected Sir/Madam, the result declaration system crashed for the entire batch of 215 students just minutes before the scheduled announcement time, and everyone is waiting anxiously. Thank you.",Result,Critical
PR-0220,"Hi, how can I generate a new fee challan for the semester? Please look into this.",Fee & Challan,Low
PR-1535,My admission application fee was paid but the status still shows 'Pending Payment' on the portal. Awaiting your response.,Admission,Medium
PR-1522,"Kindly note: My admission abroad will be cancelled in two days unless my degree name matches my passport exactly, and the correction request has been pending for more than two months despite the urgency I flagged. Please look into this.",Name Correction,Critical
PR-0807,"Sir, my degree verification request from a foreign employer has been pending response for nearly two months, and my job offer is contingent on it being completed by by tomorrow morning. Thank you.",Certificate / Verification,High
PR-0060,"The fee payment gateway on the portal is throwing a fatal error for every single student today, which is the last date for semester fee submission without penalty. Thank you.",Portal Technical Issue,Critical
TCK-0329,"My transcript request has been pending for two weeks despite the fee being paid, and I need it for a scholarship submission this week. Name: Anum Sultana, Roll No: F25BMPHIL2M2139",Transcript,High
PR-1546,I would like to get my 'Computer Architecture' exam paper rechecked as I believe there may be a marking error. Please look into this.,Examination,Medium
PR-1041,"The portal loads a little slowly on mobile sometimes; just wanted to mention it, not urgent. Kindly help.",Portal Technical Issue,Low
PR-1021,"Hi, could a water cooler be installed near the Admissions Office? Just a small suggestion. Kindly help.",Infrastructure / Maintenance,Low
PR-0625,"Dear concerned team, could you update my bank account details in the payroll system, as my old account has been closed? Awaiting your response.",Employee Services,Medium
TCK-0127,Just wanted to confirm the examination fee amount for this term.,Examination,Low
PR-1033,"Respected Sir/Madam, hEC verification of my scholarship documents is still pending after almost two weeks, and my semester fee due date is within 24 hours. Kindly advise.",Scholarship,High
PR-0658,"Kindly note: Is it possible to link two of my accounts together, or should I just keep using them separately? Awaiting your response.",Account & Login,Low
PR-1139,"Kindly note: A major water leakage has flooded part of the server room at Baghdad-ul-Jadeed Campus, threatening to permanently damage critical IT infrastructure for the whole university. Thank you.",Infrastructure / Maintenance,Critical
TCK-0393,Just checking if summer semester registration is open to all students.,Course Registration,Low
PR-1359,"Hi, the fee voucher module of the portal has been throwing a server error for about a week, and I cannot proceed with a task due by Friday. Please look into this.",Portal Technical Issue,High
PR-1402,"My admission at a foreign university will be cancelled if I do not submit my original transcript by today, and the transcript office has not responded to my repeated requests. Kindly help.",Transcript,Critical
PR-1017,"My name on my degree does not match my CNIC due to a typo, and this mismatch is blocking my HEC attestation submission, which has a deadline this week. Kindly help.",Name Correction,High
PR-0711,"The paint on a corridor wall near the library is a little worn, just reporting it, not urgent at all. Thank you.",Infrastructure / Maintenance,Low
PR-0685,I want to complain that my previous ticket was closed without any resolution or explanation; could it be reopened? Regards.,Complaint,Medium
PR-1533,"Dear concerned team, i am filing an urgent complaint that despite an official refund approval of Rs. 8,000 on record, the accounts office has still not released the funds, and I cannot pay this week's non-negotiable admission deadline fee without it.",Complaint,Critical
PR-0585,"My login access to a system I need for essential work was suddenly revoked, and I have a task depending on it due by tomorrow morning. Kindly advise.",Account & Login,High
PR-0473,"Our entire class's clearance requests have been frozen due to a system error, blocking all 240 of us from collecting our degrees before by Friday's convocation.",Clearance,Critical
PR-1122,"Sir, i am unable to log in even with the correct credentials; it shows 'Invalid Username or Password' repeatedly, though I can still access things from my phone as a workaround. Regards.",Account & Login,Medium
PR-0797,"Dear concerned team, my account shows an 'Access Restricted' message on the dashboard, though I can still use the mobile app in the meantime. Thank you.",Account & Login,Medium
TCK-0255,One course result can not be show the my iub,Result,Medium
PR-1205,"I have an F grade in Operating Systems but the subject is not appearing in the Course Repeat section, and I cannot register for the upcoming semester which closes tomorrow.",Course Registration,High
TCK-0339,How can I check which email is registered against my account?,Account & Login,Low
PR-1432,"Dear concerned team, i accidentally generated a combined fee voucher for two subjects; could this be split into separate vouchers? Kindly advise.",Fee & Challan,Medium
PR-0385,"Sir, my educational records are not reflected in my profile despite attaching verified transcripts a couple of days ago.",Profile Update,Medium
PR-1080,Kindly note: I would like to know how to request a change of campus from Bahawalpur City Campus to another campus. Please look into this.,Other,Medium
PR-0237,Is there a student club focused on debate that I could join? Awaiting your response.,Other,Low
TCK-0394,My transcript not showing???,Transcript,Medium
PR-0228,What is the recommended word count for a thesis final draft? Kindly help.,Thesis,Low
PR-0551,"Sir, my salary has not been credited for about a week despite my department confirming approval, and I need this urgently to cover overdue expenses due by Friday. Kindly advise.",Employee Services,High
PR-0267,What documents are generally required for the final clearance process? Thank you.,Clearance,Low
PR-0024,"My clearance is the only thing standing between me and graduation, and my scholarship abroad requires proof of graduation by within 24 hours, but the Directorate of Academics has gone completely silent. Thank you.",Clearance,Critical
TCK-0074,"I need an official letter of recommendation urgently for a scholarship application closing in two days, and my department has not responded to my request submitted a few days ago. Roll No: S22BBSEEN3M3815",Other,High
PR-0568,Kindly note: I am unable to update my biography and professional links on my profile page; the save button does not seem to work.,Profile Update,Medium
TCK-0027,I worked as a Visiting Lecturer from Spring 2022 to Spring 2023 and require my salary slips and an experience certificate for a visa application. Kindly issue at your earliest convenience.,Employee Services,Medium
PR-0712,"Hi, the entire fee payment gateway has been down since last night for all students, and by Friday is the final date to submit semester fees without a late fine. Thank you.",Fee & Challan,Critical
PR-1565,"My thesis submission is blocked on the portal due to a missing field error, and my defense is scheduled by tomorrow morning. Please look into this.",Thesis,High
PR-1384,"Several months of ticket records and attached documents appear to have been permanently deleted from the system overnight with no backup available, affecting hundreds of open cases.",Portal Technical Issue,Critical
PR-0378,"Kindly note: It has been several months since I completed my graduation and I still have not received my degree, which is now delaying a job I was set to start within 24 hours.",Degree,High
PR-1196,"Hi, my admission abroad will be cancelled by tomorrow morning unless I submit my original degree, and it has been stuck in processing for nearly two months despite paying the urgent fee. Please look into this.",Degree,Critical
PR-0705,"Respected Sir/Madam, my Directorate of Academics clearance has been pending for over a month even though my other clearances were completed long ago, and I need my final transcript for a job that starts within 24 hours. Please look into this.",Clearance,High
TCK-0288,"I submit this complaint regarding the non-payment of the final installment of my scholarship. It has been more than two and a half years since the 4th installment, but despite repeated requests and inquiries, the last installment of the scholarship has not been provided. Throughout this period, the university administration repeatedly informed us that the payment was delayed due to the unavailability of funds and assured us that the installment would be released once adequate funds became available. In response to a previous complaint submitted through the Prime Minister's Portal, the university also stated that the scholarship would be granted when sufficient funds were available. Upon recent inquiry, it was informed that we (Batch-9 of HEC-need based scholarship) had already received all scholarship installments. This claim is incorrect as we received only four installments while other Pharm-D students have been granted 5 installments due to 5 years degree program",Scholarship,Critical
PR-0256,"I am formally complaining about a delay of over a month in processing my clearance request despite multiple follow-ups, and I now have a hard deadline this week.",Complaint,High
TCK-0214,"My scholarship result correction request affecting my CGPA-based eligibility for the next scholarship cycle has not been reviewed, and the eligibility list closes in a few days. Roll No: F22BLLB2M3662",Scholarship,High
PR-0172,"Dear concerned team, i was declared eligible on the merit list for BS Mathematics but my admission fee challan is not generating, and by tomorrow morning is the last date to pay and confirm my seat. Awaiting your response.",Admission,High
TCK-0389,Kindly guide me how to change my selected campus from Rahim Yar Khan Campus to another campus on my admission form.,Admission,Medium
PR-0442,"Hi, it has been more than two months since I completed my graduation and I still have not received my degree, which is now delaying a job I was set to start tomorrow.",Degree,High
PR-0696,"Kindly note: My profile shows a completely wrong CNIC that is blocking my degree attestation submission, which is due at the HEC office this week, and I cannot correct it myself.",Profile Update,Critical
PR-0837,"My scholarship disbursement has been delayed by several months, and I need this amount to clear my semester fee challan before the due date by tomorrow morning, otherwise I risk being dropped. Awaiting your response.",Scholarship,High
TCK-0472,I mistakenly applied for clearance under the wrong semester and now my degree processing is stuck because the system will not let me correct it myself. Roll No: F20BBSEEN2M8784,Clearance,High
PR-0744,"Respected Sir/Madam, course registration closes at midnight by Friday and the registration module has been throwing an error for every single student in my batch since this morning. Awaiting your response.",Course Registration,Critical
PR-1564,"Respected Sir/Madam, my name mismatch between my degree and CNIC is the sole reason my HEC attestation, required by tomorrow morning for a visa appointment, has been rejected. Thank you.",Name Correction,Critical
PR-0974,Could a water cooler be installed near the HR Office? Just a small suggestion.,Infrastructure / Maintenance,Low
TCK-0452,Please update my current postal address on my profile as it still shows my old hostel address. Roll No: F22BMBA2M2052,Profile Update,Medium
PR-0541,"I need an official letter of recommendation urgently for a scholarship application closing tomorrow, and my department has not responded to my request from over a week ago. Thank you.",Other,High
PR-0390,When does the admission form submission usually open for the next intake? Thank you.,Admission,Low
PR-0001,What is the usual format of the mid-term examination? Regards.,Examination,Low
TCK-0230,"Despite three attempts, the portal will not save my updated CNIC on my profile, and HEC needs this exact record to complete my degree attestation this week. Roll No: F20BBECON3M7389",Profile Update,High
PR-1566,Kindly note: I would like to raise a complaint about receiving conflicting information from two different staff members regarding the same issue. Kindly advise.,Complaint,Medium
PR-0968,The projector in the the Admissions Office lecture hall at Rahim Yar Khan Campus has not been working for a couple of weeks; could this be repaired?,Infrastructure / Maintenance,Medium
PR-0183,"Respected Sir/Madam, my registration hold has still not been cleared despite clearing all dues weeks ago, and by Friday is the absolute last day to register, after which I will lose the entire semester.",Course Registration,Critical
PR-0611,"Hi, my department clearance is approved but the library clearance section still shows pending despite no outstanding books.",Clearance,Medium
PR-0127,Could you correct my program preference on my admission application from MBA to BS Mathematics? Please look into this.,Admission,Medium
TCK-0048,"The fire alarm system across the Rahim Yar Khan Campus hostel block has stopped working entirely, posing a serious safety risk to all resident students. Immediate repair is requested.",Infrastructure / Maintenance,Critical
PR-0638,"Respected Sir/Madam, i am unable to log in even with the correct credentials; it shows 'Invalid Username or Password' repeatedly, though I can still access things from my phone as a workaround.",Account & Login,Medium
TCK-0183,"When I open the myIUB app and navigate to the Result section, it appears empty and does not load any data. Kindly resolve. Roll No: F21BBDOCS7M7818",Portal Technical Issue,Medium
PR-0836,"Hi, my name mismatch between my degree and CNIC is the sole reason my HEC attestation, required in two days for a visa appointment, has been rejected.",Name Correction,Critical
PR-1453,"Hi, i paid my urgent degree processing fee of Rs. 26,400 but the transaction has completely vanished from both my bank statement and the portal, and my visa appointment is in two days. Awaiting your response.",Fee & Challan,Critical
PR-1164,I need a duplicate transcript copy as my original was misplaced. Could you guide me on the reissuance process? Kindly help.,Transcript,Medium
PR-0064,"Hi, i was awarded the scholarship shown on my portal, but I have not received any update on the disbursement schedule yet.",Scholarship,Medium
PR-0919,"I keep getting logged out mid-way while submitting a required form, and I've now failed to submit it three times with the deadline being tomorrow. Please look into this.",Account & Login,High
PR-0722,"Hi, our entire class's clearance requests have been frozen due to a system error, blocking all 266 of us from collecting our degrees before today's convocation. Awaiting your response.",Clearance,Critical
TCK-0346,My admission application fee was paid but the application status still shows 'Pending Payment' on the portal. Roll No: F21BMPHIL4M6663,Admission,Medium
TCK-0412,"This is a critical complaint that my scholarship funds, urgently needed to pay today's fee deadline to avoid being dropped from the semester, have been withheld without any explanation despite my approval being on record. Roll No: F25BBPESS6M6314",Complaint,Critical
PR-0824,"Respected Sir/Madam, the fee voucher module of the portal has been throwing a server error for almost two weeks, and I cannot proceed with a task due in two days. Regards.",Portal Technical Issue,High
PR-0018,"Respected Sir/Madam, how many credit hours can I generally register for in a normal semester? Please look into this.",Course Registration,Low
PR-0861,"Sir, i have been awarded a compartment in Computer Architecture despite being confident I attempted the paper correctly, and I need urgent re-evaluation as it affects my scholarship eligibility review tomorrow.",Examination,High
TCK-0233,"My name correction request has been pending for nearly two months, and it is now blocking my degree printing since the name must match CNIC exactly. Roll No: S22BBELEN6M4249",Name Correction,High
PR-0754,"Dear concerned team, the Wi-Fi router in one of the blocks has been intermittent for several days; could it be checked?",Infrastructure / Maintenance,Medium
PR-0697,"Respected Sir/Madam, the main student database appears to be corrupted, and records for an entire batch of 248 students are showing blank or missing fields across every module.",Portal Technical Issue,Critical
PR-0323,"My scholarship-covered fee challan is still showing unpaid even though the scholarship office confirmed disbursement about a week ago, and a late fee surcharge starts tomorrow.",Fee & Challan,High
PR-1038,"Hi, is it possible to link two of my accounts together, or should I just keep using them separately? Kindly help.",Account & Login,Low
PR-0500,"Hi, could you confirm the status of my scholarship application submitted over a week ago?",Scholarship,Medium
TCK-0463,"ssalam-o-Alaikum, Registration No: F25BDOCS7M08021 I have an F grade in [COSC-3115_Design & Analysis of Algorithms], which is visible in my result. However, the subject is not appearing in the Course Repeat section of my student portal. Due to this, I am unable to register for Summer Semester 2026. Kindly check my portal and enable the subject for repeat registration as soon as possible. Thank you.",Course Registration,High
PR-1220,"My login access to a system I need for essential work was suddenly revoked, and I have a task depending on it due by tomorrow morning. Awaiting your response.",Account & Login,High
TCK-0190,Kindly guide me on the renewal process for my scholarship for the upcoming semester. Roll No: F24BBDOCS4M5114,Scholarship,Medium
PR-1260,"How can I get the developer pack using my student email, just curious if it's available?",Other,Low
PR-0941,"My leave of absence request for a medical situation has not been approved yet, and my semester fee deadline, which depends on this approval, is by Friday. Awaiting your response.",Other,High
PR-0923,"Sir, is there a student club focused on debate that I could join? Please look into this.",Other,Low
PR-0367,"Is it possible to link two of my accounts together, or should I just keep using them separately? Kindly help.",Account & Login,Low
PR-1046,"Dear concerned team, my admission application fee was paid but the status still shows 'Pending Payment' on the portal. Kindly help.",Admission,Medium
PR-1348,Kindly note: I want to complain that my previous ticket was closed without any resolution or explanation; could it be reopened? Kindly help.,Complaint,Medium
TCK-0015,"Request for repair of the projector in the Department of Physical Education & Sports Sciences lecture hall, Bahawalpur City Campus, which has not been working for two weeks.",Infrastructure / Maintenance,Medium
PR-0717,"Kindly note: The elevator serving the examination hall has broken down, creating serious difficulty for students with mobility issues ahead of within 24 hours's exam. Kindly advise.",Infrastructure / Maintenance,High
TCK-0473,Kindly tell me the process to request an official transcript copy.,Transcript,Low
PR-0548,"Respected Sir/Madam, there is an unusual, time-sensitive situation affecting hundreds of students across multiple departments that doesn't fit any specific category, and it needs immediate institutional attention today. Kindly advise.",Other,Critical
PR-0217,"Sir, the entire fee payment gateway has been down since last night for all students, and this week is the final date to submit semester fees without a late fine. Kindly help.",Fee & Challan,Critical
PR-0928,"Respected Sir/Madam, my account has clearly been compromised, someone changed my password and recovery email, and I no longer have any access with my degree application deadline being by tomorrow morning. Please look into this.",Account & Login,Critical
PR-1322,I would like to raise a complaint about receiving conflicting information from two different staff members regarding the same issue. Thank you.,Complaint,Medium
PR-1463,"Despite paying all dues on time, I have faced continuous delays across multiple offices regarding my final clearance, now jeopardizing my job joining date within 24 hours. Kindly advise.",Complaint,High
PR-0248,"Hi, could a water cooler be installed near the Registrar Office? Just a small suggestion.",Infrastructure / Maintenance,Low
PR-1186,"It has been several weeks since I completed my graduation and I still have not received my degree, which is now delaying a job I was set to start tomorrow. Kindly help.",Degree,High
TCK-0057,I would like to know how to request access to the university's research paper database off-campus. Roll No: F25BBELEN1M5640,Other,Medium
PR-0567,I would like to request my monthly payslip copies for the last few months for my personal records. Kindly advise.,Employee Services,Medium
PR-1356,"Sir, i paid my urgent degree processing fee of Rs. 18,750 but the transaction has completely vanished from both my bank statement and the portal, and my visa appointment is within 24 hours. Kindly advise.",Fee & Challan,Critical
PR-1121,"Hi, my credit transfer approval, required this week to secure my admission abroad before their deadline expires, has still not been processed despite three urgent escalations this week.",Other,Critical
PR-1555,"Sir, i updated my profile with my new degree information required for a job application deadline by tomorrow morning, but the changes are not being saved by the portal at all. Regards.",Profile Update,High
PR-0061,"Dear concerned team, my admission abroad will be cancelled by tomorrow morning unless I submit my original degree, and it has been stuck in processing for nearly two months despite paying the urgent fee. Thank you.",Degree,Critical
PR-0948,"Hi, is there a student club focused on debate that I could join? Please look into this.",Other,Low
TCK-0260,"My name mismatch between my degree and CNIC is the sole reason my HEC attestation, required tomorrow for a visa appointment, has been rejected. Please correct this on the most urgent basis. Roll No: F24BLLB4M4995",Name Correction,Critical
TCK-0237,"I have been trying to get a refund of Rs. 8,000 in excess fee charges for over a year now with no response. This amount is significant for my family. Roll No: F25BBAGRI3M7484",Fee & Challan,High
PR-0517,I want to complain that my previous ticket was closed without any resolution or explanation; could it be reopened?,Complaint,Medium
TCK-0352,"I am filing a formal complaint that my calls and messages to the Department of Agronomy office over the past nearly two months regarding my pending case have gone completely unanswered, causing serious inconvenience.",Complaint,High
PR-1250,"Dear concerned team, my thesis file was rejected by the portal for an unspecified reason and the resubmission deadline is by tomorrow morning. Awaiting your response.",Thesis,High
PR-0338,One of my course results is missing from my transcript page while the rest are showing correctly.,Result,Medium
TCK-0418,"Today is the absolute last date for admission fee submission for MBA, and the online payment gateway has been down since this morning for every applicant on my merit list. Please fix this immediately or my seat will be lost.",Admission,Critical
PR-1568,"Respected Sir/Madam, is there a way to change my profile picture on the portal, just curious about the option?",Profile Update,Low
PR-0447,"Dear concerned team, could you guide me on the process to apply for a semester leave of absence for personal reasons? Awaiting your response.",Other,Medium
PR-1143,"Hi, there is a spelling mistake in my name on my student portal record; my correct name is Sobia Naz. Could this be corrected? Please look into this.",Name Correction,Medium
PR-1305,Kindly note: I have already submitted my thesis but I am unable to check the current status because it shows a missing registration number error. Thank you.,Thesis,Medium
PR-0221,"Respected Sir/Madam, when does the admission form submission usually open for the next intake?",Admission,Low
PR-0703,"Respected Sir/Madam, could a dark mode option be added to the profile page? It would be a nice addition.",Profile Update,Low
PR-0099,Is fee payable through mobile wallets or only through bank challan?,Fee & Challan,Low
PR-1575,"Sir, there is a clear discrepancy between my award list and my final result on the portal for 3 subjects, and I need this corrected before my transcript request tomorrow.",Result,High
TCK-0137,"HEC verification of my scholarship documents is still pending after a few days, delaying my entire disbursement while my semester fee due date is approaching fast. Roll No: F25BBSIT5M7658",Scholarship,High
PR-0186,"My transcript request has been pending for over a week despite the fee being paid, and I need it for a scholarship submission this week. Thank you.",Transcript,High
PR-1165,"The portal loads a little slowly on mobile sometimes; just wanted to mention it, not urgent.",Portal Technical Issue,Low
PR-0507,Could a water cooler be installed near the Library? Just a small suggestion. Thank you.,Infrastructure / Maintenance,Low
PR-0002,"Respected Sir/Madam, the Wi-Fi router in one of the blocks has been intermittent for several days; could it be checked? Kindly advise.",Infrastructure / Maintenance,Medium
PR-1264,"Sir, course registration closes at midnight this week and the registration module has been throwing an error for every single student in my batch since this morning. Please look into this.",Course Registration,Critical
TCK-0008,"My admission has been put on hold because my HEC equivalence certificate has not been verified yet, and classes for BS Physical Education & Sports Sciences start this week. Kindly expedite verification urgently.",Admission,High
PR-0232,"Respected Sir/Madam, despite paying all dues on time, I have faced continuous delays across multiple offices regarding my final clearance, now jeopardizing my job joining date in two days. Kindly advise.",Complaint,High
PR-0719,"Sir, could you correct my program preference on my admission application from BS Data Science to BS Economics? Kindly help.",Admission,Medium
PR-0108,"Dear concerned team, my department clearance is approved but the library clearance section still shows pending despite no outstanding books.",Clearance,Medium
TCK-0308,Please confirm if my course load this semester meets the minimum credit hour requirement. Roll No: F20BBSIT7M3870,Course Registration,Medium
PR-0198,"I was awarded the scholarship shown on my portal, but I have not received any update on the disbursement schedule yet. Regards.",Scholarship,Medium
TCK-0014,Salam sir . Me ny M phil transcript verification k ley 14-07-2026 ko apply kiya r 15-07-2026 ko by post apni original transcript send ki joo k 17 -07-2026 ko university receive ki gae r abi tk meri verificatio nhi hui na hi online status change hua . Jb university sy pta kiya to agy sy answer mila hamen abi tk transcript receive nhi hui . Me ny sari tracking details b de . Ab na to koi call receive krta ha na hi message ka reply krta ha university k offical whatsapp nbr py b details send ki r zearat khan shb ko b lekin abi tk no response . Please mera issue resolve krwaen meri original transcript hai.,Transcript,High
PR-0681,"Kindly note: My registration hold has still not been cleared despite clearing all dues weeks ago, and this week is the absolute last day to register, after which I will lose the entire semester. Kindly advise.",Course Registration,Critical
TCK-0158,Just checking the process to update my emergency contact in HR records.,Employee Services,Low
PR-1026,"Sir, my department clearance is approved but the library clearance section still shows pending despite no outstanding books. Please look into this.",Clearance,Medium
PR-0035,"Dear concerned team, how many credit hours can I generally register for in a normal semester? Regards.",Course Registration,Low
TCK-0315,"Subject: Request for Enrollment Certificate Dear Sir/Madam, I need my Enrollment Certificate for the CM Punjab E-Bike Scheme application. Kindly issue my Enrollment Certificate as soon as possible. Thank you.",Certificate / Verification,Medium
TCK-0163,My 4th semester results is not showing on e portal please guide and solve this problem,Result,Medium
PR-1202,"Respected Sir/Madam, the entire fee payment gateway has been down since last night for all students, and by Friday is the final date to submit semester fees without a late fine. Kindly advise.",Fee & Challan,Critical
TCK-0081,Just wanted to know when scholarship applications open for new batch.,Scholarship,Low
PR-1418,"Respected Sir/Madam, is there a way to change my profile picture on the portal, just curious about the option? Awaiting your response.",Profile Update,Low
PR-0023,"None of the 475 students in our batch can log in to the portal since last night, and today is the final date for exam form submission with no extension announced.",Account & Login,Critical
PR-0154,"Sir, i am unable to update my biography and professional links on my profile page; the save button does not seem to work. Regards.",Profile Update,Medium
PR-0530,"Respected Sir/Madam, one of my course results is missing from my transcript page while the rest are showing correctly.",Result,Medium
PR-0976,"Could you update my bank account details in the payroll system, as my old account has been closed? Regards.",Employee Services,Medium
PR-0949,Kindly note: I have a supply in Calculus but the Course Repeat option does not show this subject; could it be enabled? Please look into this.,Course Registration,Medium
PR-0052,"Kindly note: The entire university portal has been completely down for all students and staff since last night, and this week is the deadline for semester registration with no announced extension. Regards.",Portal Technical Issue,Critical
TCK-0004,"A major water leakage has flooded part of the Department of Zoology server room, threatening to damage critical university IT infrastructure; immediate action is required. Baghdad-ul-Jadeed Campus",Infrastructure / Maintenance,Critical
PR-0901,"Respected Sir/Madam, i have a visa interview tomorrow morning and the embassy has specifically asked for my original transcript, which I still do not have despite requesting it about a week ago.",Transcript,Critical
TCK-0299,"I am filing an urgent complaint that my degree, required tomorrow for a visa interview, has been stuck for about a week due to what appears to be an internal miscommunication between two offices, neither of which will take responsibility. Roll No: F20BBSCS6M9691",Complaint,Critical
PR-1350,"Hi, how can employees generally check their leave balance?",Employee Services,Low
PR-0149,"Dear concerned team, when I open the transcript section on the portal it appears empty and does not load any data.",Portal Technical Issue,Medium
TCK-0073,"My transcript request submitted on 25 July 2026 is still pending. Roll Number: F25BBPESS2M4527, BS Mathematics. Kindly update the status.",Transcript,Medium
TCK-0056,"My profile shows a completely wrong CNIC that is blocking my degree attestation submission, which is due at the HEC office tomorrow morning. Please fix this urgently. Roll No: S22BMPHIL5M1444",Profile Update,Critical
TCK-0234,What is the format of the mid-term examination this semester?,Examination,Low
PR-1240,I would like to get my 'Data Structures' exam paper rechecked as I believe there may be a marking error. Kindly advise.,Examination,Medium
PR-0874,"Respected Sir/Madam, i am writing on behalf of the entire batch of BS Mathematics scholarship recipients — none of us have received our final installment for over two years, and several of us cannot complete clearance for graduation because of it. Thank you.",Scholarship,Critical
TCK-0291,My examination admit card is missing and my paper is scheduled for tomorrow morning; without it I may not be allowed to sit the exam. Roll No: F22BBMEDS1M3068,Examination,High
TCK-0314,I have a visa interview appointment tomorrow morning and the embassy requires my original transcript as supporting evidence. My application will be rejected without it. Please issue on urgent basis. Roll No: F20BBAGRI7M1525,Transcript,Critical
TCK-0197,"Dear Support Team, I am unable to update my biography, keywords, CV, and professional links on my professional profile. I would appreciate your assistance in resolving this issue at your earliest convenience. I appreciate your support. Kind regards, Prof.Dr. Muhammad Ali Qureshi",Profile Update,Medium
PR-0030,"Respected Sir/Madam, my salary has not been credited for a couple of days despite my department confirming approval, and I need this urgently to cover overdue expenses due today.",Employee Services,High
PR-1294,"Dear concerned team, what is the usual format of the mid-term examination? Please look into this.",Examination,Low
PR-0123,"Respected Sir/Madam, what is the process to request an official transcript copy in general? Awaiting your response.",Transcript,Low
PR-0201,"Respected Sir/Madam, the fee payment gateway on the portal is throwing a fatal error for every single student today, which is the last date for semester fee submission without penalty. Kindly advise.",Portal Technical Issue,Critical
PR-0226,"Hi, the examination portal has completely gone down while the final exam is currently being conducted live for hundreds of students, and no backup arrangement has been announced. Awaiting your response.",Examination,Critical
TCK-0276,"The elevator serving the examination hall on the upper floor has broken down, creating serious difficulty for students with mobility issues ahead of tomorrow's exam. Khanpur Campus",Infrastructure / Maintenance,High
PR-0661,"The portal loads a little slowly on mobile sometimes; just wanted to mention it, not urgent. Thank you.",Portal Technical Issue,Low
TCK-0035,Please issue my No Objection Certificate (NOC) for a part-time teaching engagement outside the university.,Employee Services,Medium
PR-0990,"Sir, when do scholarship applications usually open for a new batch? Thank you.",Scholarship,Low
PR-0346,"Respected Sir/Madam, the paint on a corridor wall near the library is a little worn, just reporting it, not urgent at all. Kindly help.",Infrastructure / Maintenance,Low
PR-0987,"Hi, i would like to know how to request a change of campus from Khanpur Campus to another campus. Thank you.",Other,Medium
PR-1086,"My embassy visa interview is scheduled for tomorrow and they require my original degree as mandatory proof, which has still not been issued. Awaiting your response.",Degree,Critical
PR-1335,"Respected Sir/Madam, i need an official letter of recommendation urgently for a scholarship application closing tomorrow, and my department has not responded to my request from over a week ago. Please look into this.",Other,High
PR-0141,What is the admission fee structure for MPhil Software Engineering? Thank you.,Admission,Low
PR-1292,"I paid my urgent degree processing fee of Rs. 31,000 but the transaction has completely vanished from both my bank statement and the portal, and my visa appointment is tomorrow.",Fee & Challan,Critical
PR-0925,Kindly note: What documents are generally required for the final clearance process?,Clearance,Low
TCK-0122,Please regenerate my hostel fee challan as the amount shown is incorrect. Roll No: F22BBAGRI3M4566,Fee & Challan,Medium
PR-1216,"My account has been completely locked for about a week after a failed password reset, and I am unable to submit my thesis-related forms before the deadline by Friday. Kindly help.",Account & Login,High
PR-0800,"My admission abroad will be cancelled tomorrow unless I submit my original degree, and it has been stuck in processing for more than two months despite paying the urgent fee. Please look into this.",Degree,Critical
PR-0038,"Respected Sir/Madam, the paint on a corridor wall near the library is a little worn, just reporting it, not urgent at all. Thank you.",Infrastructure / Maintenance,Low
PR-0573,"My name mismatch between my degree and CNIC is the sole reason my HEC attestation, required by tomorrow morning for a visa appointment, has been rejected. Kindly help.",Name Correction,Critical
PR-0646,I would like to request my monthly payslip copies for the last few months for my personal records. Thank you.,Employee Services,Medium
TCK-0211,"I need my final clearance certificate today for a job that requires it as proof of degree completion, and without it my job offer will be withdrawn by end of day. Roll No: F22BBSIT4M9702",Clearance,Critical
PR-0932,"Kindly note: My account has clearly been compromised, someone changed my password and recovery email, and I no longer have any access with my degree application deadline being by Friday. Kindly advise.",Account & Login,Critical
PR-0158,"Dear concerned team, how long does the clearance approval usually take on average?",Clearance,Low
PR-0623,"Hi, my examination admit card is missing and my paper is scheduled for by tomorrow morning; without it I may not be allowed to sit the exam.",Examination,High
TCK-0062,"This is a critical complaint that despite an official refund approval on record for Rs. 5,000, the accounts office has still not released the funds, and I am unable to pay today's non-negotiable admission deadline fee without it.",Complaint,Critical
TCK-0172,"My account keeps logging me out automatically every few minutes, making it impossible to submit forms. Roll No: S22BBMEDS5M4937",Account & Login,Medium
PR-1549,"Dear concerned team, could you update my thesis supervisor's details on the portal, as they were assigned a couple of days ago but not reflected yet? Please look into this.",Thesis,Medium
PR-0340,"Kindly note: Today is the absolute last date for admission fee submission for BS Statistics, and the online payment gateway has been down since this morning for every single applicant on the merit list. Please look into this.",Admission,Critical
PR-0884,"Sir, the elevator serving the examination hall has broken down, creating serious difficulty for students with mobility issues ahead of within 24 hours's exam. Thank you.",Infrastructure / Maintenance,High
PR-0772,"Hi, my thesis file was rejected by the portal for an unspecified reason and the resubmission deadline is today.",Thesis,High
PR-1320,Kindly note: What is the recommended word count for a thesis final draft? Thank you.,Thesis,Low
PR-0978,"Hi, today is the absolute last date for admission fee submission for BS Economics, and the online payment gateway has been down since this morning for every single applicant on the merit list. Kindly help.",Admission,Critical
PR-1311,"Hi, how can I request a bonafide certificate in general, just for future reference? Regards.",Certificate / Verification,Low
PR-1582,"Dear concerned team, how can I generate a new fee challan for the semester? Awaiting your response.",Fee & Challan,Low
PR-0110,"Dear concerned team, my examination is scheduled to start in less than an hour and the admit card generation system has been down for our entire session since early this morning.",Examination,Critical
PR-1600,"Hi, i'd like to request re-generation of my degree fee challan as it was created under the wrong fee category.",Degree,Medium
PR-0873,"The fee voucher module of the portal has been throwing a server error for a couple of days, and I cannot proceed with a task due this week.",Portal Technical Issue,High
PR-0970,"I am writing on behalf of the entire batch of MS Electrical Power Engineering scholarship recipients — none of us have received our final installment for over two years, and several of us cannot complete clearance for graduation because of it.",Scholarship,Critical
PR-1318,"Respected Sir/Madam, the profile update system has been completely inaccessible for the entire batch for two days, and our internship documents due within 24 hours require an updated profile printout.",Profile Update,Critical
PR-1198,"Could you update my bank account details in the payroll system, as my old account has been closed? Thank you.",Employee Services,Medium
TCK-0250,"My experience certificate, required for a visa interview scheduled this week, has still not been issued despite requesting it over a month ago.",Employee Services,High
PR-1528,"Dear concerned team, the main student database appears to be corrupted, and records for an entire batch of 352 students are showing blank or missing fields across every module. Kindly advise.",Portal Technical Issue,Critical
PR-0985,"Is it possible to link two of my accounts together, or should I just keep using them separately? Kindly advise.",Account & Login,Low
TCK-0036,Sir I submitted my degree application form but have not received any confirmation email. Please confirm receipt. Roll No: F20BPHD6M2876,Degree,Medium
PR-1290,"Hi, my degree verification request from a foreign employer has been pending response for nearly two months, and my job offer is contingent on it being completed by in two days.",Certificate / Verification,High
PR-1067,Could a water cooler be installed near the Examination Department? Just a small suggestion.,Infrastructure / Maintenance,Low
PR-0583,"Kindly note: My result shows an F grade in Computer Architecture that I'm confident is incorrect, and this is affecting my scholarship eligibility review scheduled within 24 hours. Thank you.",Result,High
PR-0456,"My HEC attestation appointment is in two days and the university's online verification, which HEC is waiting on for dozens of applicants today, has still not been submitted for any of us. Thank you.",Certificate / Verification,Critical
TCK-0397,"This is a critical complaint that my scholarship funds, urgently needed to pay today's fee deadline to avoid being dropped from the semester, have been withheld without any explanation despite my approval being on record. Roll No: S22BBELEN4M6585",Complaint,Critical
TCK-0136,Where can I change my account password?,Account & Login,Low
PR-1008,"I have been awarded a compartment in English Composition despite being confident I attempted the paper correctly, and I need urgent re-evaluation as it affects my scholarship eligibility review by tomorrow morning.",Examination,High
PR-0862,"Hi, my result shows an F grade in English Composition that I'm confident is incorrect, and this is affecting my scholarship eligibility review scheduled tomorrow.",Result,High
PR-0027,"My thesis defense is by tomorrow morning and the portal will not let me download my approved supervisor sign-off, without which the committee will not allow me to defend. Please look into this.",Thesis,Critical
PR-0958,"Our entire class's clearance requests have been frozen due to a system error, blocking all 172 of us from collecting our degrees before this week's convocation. Please look into this.",Clearance,Critical
PR-0767,"Respected Sir/Madam, i have a visa interview tomorrow and my experience certificate, promised for today, has still not been issued despite multiple follow-ups all week. Kindly advise.",Employee Services,Critical
PR-0708,"I paid my semester fee of Rs. 26,400 on a couple of days ago and the amount was deducted from my account, but the portal still shows the challan as unpaid, and the late fee deadline is by tomorrow morning. Kindly help.",Fee & Challan,High
TCK-0259,My salary has not been paid for the last two months and I have an urgent medical expense today; please expedite release of my pending dues immediately.,Employee Services,Critical
PR-1476,"How can I request a bonafide certificate in general, just for future reference? Please look into this.",Certificate / Verification,Low
PR-0592,What is the process to request an official transcript copy in general? Kindly advise.,Transcript,Low
PR-0840,My educational records are not reflected in my profile despite attaching verified transcripts a couple of days ago. Kindly advise.,Profile Update,Medium
PR-0809,"Sir, what is the eligibility criteria for the merit-based scholarship? Regards.",Scholarship,Low
PR-0272,"Dear concerned team, what documents are generally required for the final clearance process?",Clearance,Low
PR-0512,"Respected Sir/Madam, i have a visa interview tomorrow morning and the embassy has specifically asked for my original transcript, which I still do not have despite requesting it almost two weeks ago.",Transcript,Critical
TCK-0019,"You can use this short ticket description: My name on the university portal is listed as Muhammad Yahya, but my official CNIC/Shanakhti Card name is Muhammad Yahya Khan. Kindly update my name on the university portal to Muhammad Yahya Khan according to my official record.",Name Correction,Medium
PR-0917,I want to complain that my previous ticket was closed without any resolution or explanation; could it be reopened? Awaiting your response.,Complaint,Medium
PR-1420,"Hi, my account has been completely locked for over a week after a failed password reset, and I am unable to submit my thesis-related forms before the deadline today. Awaiting your response.",Account & Login,High
TCK-0456,السلام علیکم ورحمتہ اللہ! میرا turnitin account بلاک کیا گیا ہے کیوں کہ میرا وہ اکاؤنٹ کمپیوٹر ڈیپارٹمنٹ سے ایک اور دوست استعمال کر رہے تھے۔ میرے علم میں نہیں تھا کہ پاسورڈ کسی اور کو نہیں دینا۔ اب میں نے کمپلین درج کروائی ہے تو اس کا اک گول مول سا جواب مجھے دے دیا گیا ہے مگر اکاؤنٹ ابھی تک بلاک ہے۔ میں اپنے طلباء کا کوئی بھی کام کرنے سے قاصر ہوں۔ مان لیا کہ یہ غلط تھا تو آپ نے بند کر دیا اب میں کمپلین کی ہے تو اسے اک وارننگ کے ساتھ کھول دیا جانا چاہیے تھا نا۔ یا مجھے بتا دیا جائے کہ آپ کا اکاؤنٹ اب نہیں کھل سکتا۔ یا پھر اس کا کوئی پروسس بتایا جانا چاہیے۔ ایسا تو نہیں کہ بس پھر خاموشی یہاں جو کام ہونے ہیں وہ پھر وقت پر کیسے مکمل ہو سکیں گے۔ اس لیے مہربانی فرمائیں اور میرے اکاؤنٹ کو کھولیں یا پھر مجھے مکمل طریقہ کار سے آگاہ کریں کہ کیسے ہوگا۔,Account & Login,High
PR-0659,"Hi, my scholarship was suddenly cancelled without any notice and I have no funds to pay in two days's fee deadline; if I don't pay today I will be dropped from the semester entirely. Kindly advise.",Scholarship,Critical
TCK-0092,who to change my iub account name,Account & Login,Low
PR-1482,"Dear concerned team, the thesis submission deadline is by tomorrow morning at midnight and the upload button has been completely non-functional for our entire batch since this afternoon. Awaiting your response.",Thesis,Critical
PR-1036,Kindly note: Just wanted to confirm the standard leave application process for staff. Regards.,Employee Services,Low
TCK-0077,My semester fee payment deadline is today and the challan generation option has completely disappeared from my portal since this morning; I risk being dropped from the semester if I cannot pay today. Roll No: S23BMPHIL5M2638,Fee & Challan,Critical
PR-0550,Kindly note: I have already submitted my thesis but I am unable to check the current status because it shows a missing registration number error. Please look into this.,Thesis,Medium
PR-1274,"The elevator serving the examination hall has broken down, creating serious difficulty for students with mobility issues ahead of tomorrow's exam.",Infrastructure / Maintenance,High
TCK-0034,Kindly tell me the fee structure for MBA.,Fee & Challan,Low
PR-1376,"Sir, the fire alarm system across the entire Khanpur Campus hostel block has stopped working, posing a serious safety risk to every resident student right now.",Infrastructure / Maintenance,Critical
PR-1513,"I have been awarded a compartment in Data Structures despite being confident I attempted the paper correctly, and I need urgent re-evaluation as it affects my scholarship eligibility review by tomorrow morning. Awaiting your response.",Examination,High
PR-1135,"Hi, my profile shows a completely wrong CNIC that is blocking my degree attestation submission, which is due at the HEC office by tomorrow morning, and I cannot correct it myself. Please look into this.",Profile Update,Critical
PR-0163,"Sir, is there a way to change my profile picture on the portal, just curious about the option? Thank you.",Profile Update,Low
TCK-0110,"The fee payment gateway on the portal is throwing a fatal error for every student today, which is the last date for semester fee submission without penalty.",Portal Technical Issue,Critical
TCK-0244,Just checking if hostel fee is included in the semester challan.,Fee & Challan,Low
PR-1239,"My embassy visa interview is scheduled for tomorrow and they require my original degree as mandatory proof, which has still not been issued. Kindly advise.",Degree,Critical
PR-1328,"Hi, my name on my degree does not match my CNIC due to a typo, and this mismatch is blocking my HEC attestation submission, which has a deadline by Friday.",Name Correction,High
PR-0508,"Dear concerned team, is fee payable through mobile wallets or only through bank challan?",Fee & Challan,Low
TCK-0065,Kindly confirm whether my thesis proposal has been forwarded to the board for approval. Roll No: F20BLLB7M8622,Thesis,Medium
TCK-0438,"Respected Sir, I have an embassy visa interview in two days and they have specifically asked for my original degree as mandatory proof, without which my visa application will be rejected. Please issue my degree on the most urgent basis. Roll No: F20BBSCS6M1964, Name: Faizan Haider",Degree,Critical
TCK-0228,I would like to know the status of my admission merit list position for LLB (5 Years).,Admission,Medium
PR-0710,"Sir, several months of ticket records and attached documents appear to have been permanently deleted from the system overnight with no backup available, affecting hundreds of open cases.",Portal Technical Issue,Critical
TCK-0256,"My scholarship result correction request affecting my CGPA-based eligibility for the next scholarship cycle has not been reviewed, and the eligibility list closes in a few days. Roll No: S24BBDATS4M3088",Scholarship,High
PR-1355,"Hi, today is the absolute last date for admission fee submission for BS Software Engineering, and the online payment gateway has been down since this morning for every single applicant on the merit list. Kindly help.",Admission,Critical
PR-1022,"Kindly note: I keep getting logged out mid-way while submitting a required form, and I've now failed to submit it three times with the deadline being today. Thank you.",Account & Login,High
PR-0939,"My HEC attestation appointment is by Friday and the university's online verification, which HEC is waiting on for dozens of applicants today, has still not been submitted for any of us. Regards.",Certificate / Verification,Critical
PR-0545,"I paid my urgent degree processing fee of Rs. 12,000 but the transaction has completely vanished from both my bank statement and the portal, and my visa appointment is tomorrow. Awaiting your response.",Fee & Challan,Critical
PR-1163,Kindly note: Could you correct my program preference on my admission application from MBA to BS Data Science?,Admission,Medium
TCK-0132,"This is a critical complaint regarding the complete non-responsiveness of the Examination department for over a month on a result discrepancy that is currently blocking my scholarship renewal deadline, which is today.",Complaint,Critical
PR-1397,"Do I need to visit in person for a name correction, or is there an online option available?",Name Correction,Low
TCK-0173,"My leave of absence request for a medical emergency has not been approved yet, and my semester fee deadline, which depends on this approval, is this week. Roll No: S22BMPHIL4M7843",Other,High
PR-0892,The projector in the the Registrar Office lecture hall at Khanpur Campus has not been working for a couple of weeks; could this be repaired? Kindly advise.,Infrastructure / Maintenance,Medium
PR-0073,"Respected Sir/Madam, my admission at a foreign university will be cancelled if I do not submit my original transcript by by Friday, and the transcript office has not responded to my repeated requests. Kindly advise.",Transcript,Critical
PR-1024,"Sir, small feedback: the waiting area could use a bit more seating, just a general comment.",Complaint,Low
PR-1329,What is the recommended word count for a thesis final draft? Please look into this.,Thesis,Low
PR-1065,"I am unable to log in even with the correct credentials; it shows 'Invalid Username or Password' repeatedly, though I can still access things from my phone as a workaround. Regards.",Account & Login,Medium
TCK-0271,I worked as a Visiting Lecturer at the university from Fall 2021 to Fall 2022. I am currently applying for a student visa and require my salary slips and an experience certificate as supporting documents for my visa application. I would appreciate it if you could kindly provide my salary slips for the above-mentioned period and issue my experience certificate at your earliest convenience. Thank you for your assistance.,Employee Services,High
PR-0199,"My login access to a system I need for essential work was suddenly revoked, and I have a task depending on it due this week.",Account & Login,High
PR-0656,"The examination portal has completely gone down while the final exam is currently being conducted live for hundreds of students, and no backup arrangement has been announced.",Examination,Critical
PR-1593,"Dear concerned team, the examination portal has completely gone down while the final exam is currently being conducted live for hundreds of students, and no backup arrangement has been announced.",Examination,Critical
TCK-0213,"Despite three attempts, the portal will not save my updated CNIC on my profile, and HEC needs this exact record to complete my degree attestation this week. Roll No: F20BBAGRI7M7883",Profile Update,High
PR-0794,"My name mismatch between my degree and CNIC is the sole reason my HEC attestation, required by tomorrow morning for a visa appointment, has been rejected.",Name Correction,Critical
PR-0513,Kindly note: I need a duplicate transcript copy as my original was misplaced. Could you guide me on the reissuance process? Please look into this.,Transcript,Medium
PR-1410,"Respected Sir/Madam, is fee payable through mobile wallets or only through bank challan? Thank you.",Fee & Challan,Low
PR-0769,"Sir, how long does the clearance approval usually take on average? Kindly help.",Clearance,Low
TCK-0133,Just wanted to know the turnaround time for certificate issuance.,Certificate / Verification,Low
TCK-0072,My semester fee payment deadline is today and the challan generation option has completely disappeared from my portal since this morning; I risk being dropped from the semester if I cannot pay today. Roll No: F25BLLB1M5002,Fee & Challan,Critical
PR-0303,"Respected Sir/Madam, i need a duplicate transcript copy as my original was misplaced. Could you guide me on the reissuance process? Kindly help.",Transcript,Medium
TCK-0320,Please add a feature to upload a new profile picture from MyIUB.,Profile Update,Low
PR-1574,"Sir, i am formally complaining about a delay of nearly two months in processing my degree request despite multiple follow-ups, and I now have a hard deadline by tomorrow morning. Kindly help.",Complaint,High
TCK-0182,My examination is scheduled to start in two hours and my admit card has still not been generated on the portal due to a fee mismatch error. Please resolve immediately. Roll No: F25BBSMATH6M9742,Examination,Critical
PR-0281,"Hi, my department clearance is approved but the library clearance section still shows pending despite no outstanding books. Regards.",Clearance,Medium
PR-1526,"Respected Sir/Madam, the fire alarm system across the entire Rahim Yar Khan Campus hostel block has stopped working, posing a serious safety risk to every resident student right now.",Infrastructure / Maintenance,Critical
PR-1363,"My account has been completely locked for a couple of days after a failed password reset, and I am unable to submit my thesis-related forms before the deadline within 24 hours.",Account & Login,High
PR-1129,I need a duplicate transcript copy as my original was misplaced. Could you guide me on the reissuance process? Please look into this.,Transcript,Medium
PR-0992,"Hi, one of my course results is missing from my transcript page while the rest are showing correctly. Please look into this.",Result,Medium
PR-1161,"Hi, what is the eligibility criteria for the merit-based scholarship?",Scholarship,Low
TCK-0169,Just checking the process to correct a minor name spelling issue.,Name Correction,Low
PR-0067,"Kindly note: I have been awarded a compartment in Data Structures despite being confident I attempted the paper correctly, and I need urgent re-evaluation as it affects my scholarship eligibility review within 24 hours.",Examination,High
TCK-0023,The thesis submission deadline is today at midnight and the upload button has been non-functional for our entire batch since this afternoon. Kindly fix immediately. BS Computer Science,Thesis,Critical
PR-1417,Kindly note: When is the next semester result usually announced? Kindly help.,Result,Low
TCK-0107,I would like to know the procedure to apply for a change of campus from Rahim Yar Khan Campus to another campus. Roll No: F20BBAGRI4M1897,Other,Medium
PR-1599,"Despite paying all dues on time, I have faced continuous delays across multiple offices regarding my final clearance, now jeopardizing my job joining date tomorrow. Thank you.",Complaint,High
TCK-0026,Is there an online form for name correction or do I need to visit in person?,Name Correction,Low
PR-1487,"My thesis defense is by Friday and the portal will not let me download my approved supervisor sign-off, without which the committee will not allow me to defend. Kindly advise.",Thesis,Critical
TCK-0433,Kindly share the contact details of the alumni relations office; I would like to register as an alumnus. Roll No: S23BPHD4M8957,Other,Medium
TCK-0282,Kindly guide me regarding the migration certificate process along with my degree. Roll No: S23BBSEEN1M6947,Degree,Medium
PR-0043,I would like to know how to request a change of campus from Rahim Yar Khan Campus to another campus. Kindly help.,Other,Medium
PR-0188,What is the normal degree processing time for BS Computer Science graduates?,Degree,Low
PR-0731,"Respected Sir/Madam, i would like to get my 'Computer Architecture' exam paper rechecked as I believe there may be a marking error. Kindly advise.",Examination,Medium
PR-1379,"Dear concerned team, my comprehensive exam date is missing from my record; could this be updated so I can proceed with the next steps?",Examination,Medium
PR-0903,"Hi, how can I apply for degree collection once it's ready? Regards.",Degree,Low
PR-0488,My scholarship was suddenly cancelled without any notice and I have no funds to pay within 24 hours's fee deadline; if I don't pay today I will be dropped from the semester entirely. Thank you.,Scholarship,Critical
PR-1047,"Just a minor suggestion: the response templates could be a bit more personalized, nothing urgent. Kindly advise.",Complaint,Low
PR-1119,"Dear concerned team, i paid my urgent degree processing fee of Rs. 31,000 but the transaction has completely vanished from both my bank statement and the portal, and my visa appointment is in two days. Thank you.",Fee & Challan,Critical
PR-0312,"Hi, how can employees generally check their leave balance? Kindly help.",Employee Services,Low
TCK-0210,Several ceiling fans in the Bahawalpur City Campus hostel common room are not working; kindly arrange repair.,Infrastructure / Maintenance,Medium
TCK-0443,"My whole class 1st semester finals Result is delaying for too long now. Result was expected to be on portal at 29 June. It was the last date but it's already 6 July but there isn't any result yet to be seen. BS IT 1st semester, Rahim yar khan campus",Result,High
PR-1361,"The result declaration system crashed for the entire batch of 540 students just minutes before the scheduled announcement time, and everyone is waiting anxiously. Awaiting your response.",Result,Critical
TCK-0396,"My thesis defense date has been scheduled, but I cannot download my approved proposal from the portal, which the committee has requested I bring. Roll No: S23BBSCS2M7248",Thesis,High
PR-0664,The Wi-Fi router in one of the blocks has been intermittent for several days; could it be checked? Please look into this.,Infrastructure / Maintenance,Medium
PR-0159,"Respected Sir/Madam, i am escalating a critical complaint on behalf of my entire batch — none of our clearance requests have been processed for over a month, and our convocation, requiring proof of clearance, is by tomorrow morning. Awaiting your response.",Complaint,Critical
PR-0843,"Respected Sir/Madam, i am unable to log in even with the correct credentials; it shows 'Invalid Username or Password' repeatedly, though I can still access things from my phone as a workaround. Regards.",Account & Login,Medium
PR-1571,"Sir, my urgent degree application has been under 'review' for almost two weeks even though I paid the urgent fee, and I need it for a job offer that requires verification by Friday.",Degree,High
TCK-0468,"The elevator serving the examination hall on the upper floor has broken down, creating serious difficulty for students with mobility issues ahead of tomorrow's exam. Baghdad-ul-Jadeed Campus",Infrastructure / Maintenance,High
PR-1368,Is there a student club focused on photography that I could join?,Other,Low
PR-1450,"Respected Sir/Madam, my admission application fee was paid but the status still shows 'Pending Payment' on the portal.",Admission,Medium
TCK-0229,"This is a formal complaint regarding the repeated mishandling of my case across three different offices, each redirecting me to the other without resolving my fee issue for over a month. Roll No: F21BBSCS4M2582",Complaint,High
PR-0100,"Respected Sir/Madam, i have a supply in Thermodynamics but the Course Repeat option does not show this subject; could it be enabled? Kindly advise.",Course Registration,Medium
PR-0636,"Hi, how do I log out of the portal properly on a shared computer?",Account & Login,Low
PR-0419,Could you confirm the status of my scholarship application submitted over a week ago?,Scholarship,Medium
PR-0942,"The portal loads a little slowly on mobile sometimes; just wanted to mention it, not urgent. Kindly advise.",Portal Technical Issue,Low
PR-1171,"Kindly note: My clearance was rejected without any specified reason, and this is now delaying my degree collection needed for a job joining date by tomorrow morning.",Clearance,High
PR-0329,"Sir, the Wi-Fi router in one of the blocks has been intermittent for several days; could it be checked? Please look into this.",Infrastructure / Maintenance,Medium
PR-0641,"My HEC attestation appointment is by tomorrow morning and the university's online verification, which HEC is waiting on for dozens of applicants today, has still not been submitted for any of us.",Certificate / Verification,Critical
TCK-0287,"My name correction request has been pending for more than 20 days, and it is now blocking my degree printing since the name must match CNIC exactly. Roll No: F22BBELEN2M9548",Name Correction,High
PR-1110,"My professional profile still shows outdated information even though I updated it about a week ago, and a scholarship committee is reviewing my profile this week. Regards.",Profile Update,High
PR-0578,Kindly note: How long does the clearance approval usually take on average? Regards.,Clearance,Low
TCK-0126,I want my transcript With Marks,Transcript,Medium
PR-1079,"Sir, our whole department's final semester result system is showing 'no data found' for every single student, and it is blocking all of us from applying for graduation clearance before within 24 hours. Awaiting your response.",Result,Critical
TCK-0296,"My MyIUB account has been completely locked for a few days after a failed password reset, and I am unable to submit my thesis-related forms before the deadline this week. Roll No: F23BBECON1M9779",Account & Login,High
PR-1302,"Hi, my embassy visa interview is scheduled for tomorrow and they require my original degree as mandatory proof, which has still not been issued.",Degree,Critical
PR-1277,Where can I go to check which email is currently registered against my account?,Account & Login,Low
PR-0410,Kindly note: Just wanted to confirm the general thesis submission format guidelines.,Thesis,Low
PR-1228,"Sir, i am formally complaining about a delay of several weeks in processing my transcript request despite multiple follow-ups, and I now have a hard deadline in two days. Thank you.",Complaint,High
PR-1502,"Sir, is there a student club focused on AI that I could join?",Other,Low
PR-0426,I want to complain that my previous ticket was closed without any resolution or explanation; could it be reopened? Please look into this.,Complaint,Medium
PR-1427,"Respected Sir/Madam, could you tell me the general process to change the username linked to my profile, no rush on this? Thank you.",Account & Login,Low
PR-1243,"Respected Sir/Madam, the main student database appears to be corrupted, and records for an entire batch of 429 students are showing blank or missing fields across every module. Thank you.",Portal Technical Issue,Critical
TCK-0134,Kindly guide me on the renewal process for my scholarship for the upcoming semester. Roll No: F21BLLB2M5333,Scholarship,Medium
PR-0138,"There is an unusual, time-sensitive situation affecting hundreds of students across multiple departments that doesn't fit any specific category, and it needs immediate institutional attention by tomorrow morning. Awaiting your response.",Other,Critical
PR-0342,"Dear concerned team, there is a clear discrepancy between my award list and my final result on the portal for 3 subjects, and I need this corrected before my transcript request this week. Regards.",Result,High
PR-0589,"Kindly note: I need an official letter of recommendation urgently for a scholarship application closing in two days, and my department has not responded to my request from almost two weeks ago.",Other,High
TCK-0263,The thesis submission deadline is today at midnight and the upload button has been non-functional for our entire batch since this afternoon. Kindly fix immediately. LLB (5 Years),Thesis,Critical
PR-1217,"My embassy visa interview is scheduled for the day after tomorrow and they require my original degree as mandatory proof, which has still not been issued.",Degree,Critical
PR-1148,How do I log out of the portal properly on a shared computer? Please look into this.,Account & Login,Low
PR-0693,"Dear concerned team, my department clearance is approved but the library clearance section still shows pending despite no outstanding books. Awaiting your response.",Clearance,Medium
PR-0698,"Dear concerned team, the clearance module of the portal has been throwing a server error for about a week, and I cannot proceed with a task due today. Please look into this.",Portal Technical Issue,High
PR-0306,"Dear concerned team, how can employees generally check their leave balance? Awaiting your response.",Employee Services,Low
PR-1049,"The portal keeps logging me into an authentication error whenever I try to access my dashboard, and I have a form to submit before this week.",Portal Technical Issue,High
PR-0792,Could a water cooler be installed near the Hostel Office? Just a small suggestion. Awaiting your response.,Infrastructure / Maintenance,Low
TCK-0252,How long does the clearance approval usually take?,Clearance,Low
PR-1070,"Sir, i was awarded the scholarship shown on my portal, but I have not received any update on the disbursement schedule yet.",Scholarship,Medium
TCK-0052,"Sir, meri dairy technonlogy subject mn supply hai in 6th semester..lekin Course Repeat Challan mein subject show nahi ho raha aur na hi My Fee Vouchers mein challan aaya hai. Kindly portal par subject show karwadein taake mein fee jama karwa sakoon.""",Course Registration,High
PR-1099,"Hi, my thesis defense is by Friday and the portal will not let me download my approved supervisor sign-off, without which the committee will not allow me to defend. Awaiting your response.",Thesis,Critical
PR-1056,"Our entire class's clearance requests have been frozen due to a system error, blocking all 184 of us from collecting our degrees before by Friday's convocation.",Clearance,Critical
PR-0972,"Hi, small feedback: the waiting area could use a bit more seating, just a general comment. Awaiting your response.",Complaint,Low
PR-1018,"The result declaration system crashed for the entire batch of 685 students just minutes before the scheduled announcement time, and everyone is waiting anxiously. Kindly help.",Result,Critical
PR-1440,"My result shows an F grade in Computer Architecture that I'm confident is incorrect, and this is affecting my scholarship eligibility review scheduled this week.",Result,High
TCK-0032,I would like to know the procedure to apply for a change of campus from Khanpur Campus to another campus. Roll No: F22BBDATS4M9725,Other,Medium
PR-0775,"Respected Sir/Madam, my clearance is the only thing standing between me and graduation, and my scholarship abroad requires proof of graduation by by Friday, but the Directorate of Academics has gone completely silent. Please look into this.",Clearance,Critical
TCK-0204,Kindly share the contact details of the alumni relations office; I would like to register as an alumnus. Roll No: F24BBECON1M1126,Other,Medium
TCK-0155,"Hello, I would like to file a complaint regarding my result portal. I am currently unable to access my result, as the portal either appears completely blank or displays an ""Invalid Token Request"" error. Meanwhile, many of my classmates have already been able to view their results. I would appreciate it if you could resolve this issue as soon as possible so that I can access my result. Thank you.",Result,High
PR-0514,"Hi, the notification bell on my dashboard shows a count but clicking it does not open any notifications. Thank you.",Portal Technical Issue,Medium
PR-1265,"Hi, several months of ticket records and attached documents appear to have been permanently deleted from the system overnight with no backup available, affecting hundreds of open cases. Please look into this.",Portal Technical Issue,Critical
PR-0430,"Dear concerned team, my department clearance is approved but the library clearance section still shows pending despite no outstanding books. Please look into this.",Clearance,Medium
PR-0590,"Sir, i need an Enrollment Certificate for a scheme application; could this be issued at your earliest convenience? Kindly help.",Certificate / Verification,Medium
PR-0549,What is the usual turnaround time for certificate issuance? Awaiting your response.,Certificate / Verification,Low
PR-0666,How can I change the spelling of my name on my student ID card? Awaiting your response.,Name Correction,Low
PR-0101,"Sir, the fire alarm system across the entire Rahim Yar Khan Campus hostel block has stopped working, posing a serious safety risk to every resident student right now. Awaiting your response.",Infrastructure / Maintenance,Critical
PR-0434,"Dear concerned team, my department clearance is approved but the library clearance section still shows pending despite no outstanding books. Kindly advise.",Clearance,Medium
PR-0521,"Kindly note: I paid my semester fee of Rs. 22,000 on a couple of days ago and the amount was deducted from my account, but the portal still shows the challan as unpaid, and the late fee deadline is within 24 hours. Kindly advise.",Fee & Challan,High
PR-0787,"Dear concerned team, it has been more than two months since I completed my graduation and I still have not received my degree, which is now delaying a job I was set to start within 24 hours. Awaiting your response.",Degree,High
PR-0345,"Our whole department's final semester result system is showing 'no data found' for every single student, and it is blocking all of us from applying for graduation clearance before in two days.",Result,Critical
PR-0683,"My repeat subject fee challan has not been generated even though the subject shows as failed on my result, and course registration closes by tomorrow morning.",Course Registration,High
PR-0576,"Respected Sir/Madam, how long does the clearance approval usually take on average?",Clearance,Low
PR-0279,"Kindly note: My leave of absence request for a medical situation has not been approved yet, and my semester fee deadline, which depends on this approval, is this week. Kindly advise.",Other,High
PR-1060,"Dear concerned team, my degree verification request from a foreign employer has been pending response for several weeks, and my job offer is contingent on it being completed by within 24 hours. Kindly help.",Certificate / Verification,High
TCK-0398,How can I generate a new fee challan for this semester?,Fee & Challan,Low
PR-0309,Kindly note: I would like to request my monthly payslip copies for the last few months for my personal records. Thank you.,Employee Services,Medium
PR-0849,"My degree verification request from a foreign employer has been pending response for several months, and my job offer is contingent on it being completed by within 24 hours.",Certificate / Verification,High
PR-0526,Just wanted to confirm the standard leave application process for staff.,Employee Services,Low
PR-0086,"Dear concerned team, i am filing an urgent complaint that despite an official refund approval of Rs. 42,000 on record, the accounts office has still not released the funds, and I cannot pay today's non-negotiable admission deadline fee without it. Please look into this.",Complaint,Critical
PR-0097,"Hi, my examination admit card is missing and my paper is scheduled for today; without it I may not be allowed to sit the exam. Thank you.",Examination,High
PR-0916,"Sir, how can I request a bonafide certificate in general, just for future reference?",Certificate / Verification,Low
PR-0125,Course registration closes at midnight by tomorrow morning and the registration module has been throwing an error for every single student in my batch since this morning. Kindly help.,Course Registration,Critical
PR-0913,"Hi, my transcript request submitted almost two weeks ago is still pending, and I would like an update on the expected completion date. Awaiting your response.",Transcript,Medium
PR-1064,"Dear concerned team, my semester fee challan is not showing on the portal; could you help me generate it so I can pay before the due date?",Fee & Challan,Medium
PR-0647,"Sir, my 6th semester result is not showing on the portal even though the declaration date has passed. Regards.",Result,Medium
PR-0535,"Respected Sir/Madam, has the result declaration date been finalized yet for this semester? Kindly advise.",Result,Low
TCK-0357,Just wanted to confirm the thesis submission format guidelines.,Thesis,Low
PR-1540,"Hi, my examination is scheduled to start in less than an hour and the admit card generation system has been down for our entire session since early this morning. Kindly help.",Examination,Critical
PR-0606,"Dear concerned team, i updated my profile with my new degree information required for a job application deadline in two days, but the changes are not being saved by the portal at all.",Profile Update,High
PR-1473,"Respected Sir/Madam, there is an unusual, time-sensitive situation affecting hundreds of students across multiple departments that doesn't fit any specific category, and it needs immediate institutional attention today. Kindly help.",Other,Critical
PR-0486,"Dear concerned team, a major water leakage has flooded part of the server room at Rahim Yar Khan Campus, threatening to permanently damage critical IT infrastructure for the whole university.",Infrastructure / Maintenance,Critical
PR-0734,"Respected Sir/Madam, the projector in the the Scholarship Office lecture hall at Khanpur Campus has not been working for a couple of weeks; could this be repaired? Awaiting your response.",Infrastructure / Maintenance,Medium
PR-0196,"Kindly note: The clearance module of the portal has been throwing a server error for about a week, and I cannot proceed with a task due this week. Please look into this.",Portal Technical Issue,High
PR-1223,"Sir, i would like to know how to request a change of campus from Rahim Yar Khan Campus to another campus. Thank you.",Other,Medium
PR-1469,"My Turnitin account was blocked by mistake and despite raising a complaint about a week ago, it is still blocked, preventing me from submitting my assigned work due by Friday.",Account & Login,High
PR-1235,"Dear concerned team, my scholarship disbursement has been delayed by more than two months, and I need this amount to clear my semester fee challan before the due date within 24 hours, otherwise I risk being dropped. Awaiting your response.",Scholarship,High
PR-0764,"Just a minor suggestion: the response templates could be a bit more personalized, nothing urgent. Awaiting your response.",Complaint,Low
TCK-0362,Please guide me on the procedure to apply for a semester leave of absence due to personal reasons. Roll No: S25BBSEEN6M2336,Other,Medium
PR-0720,"Hi, i am unable to update my biography and professional links on my profile page; the save button does not seem to work. Regards.",Profile Update,Medium
PR-1209,"Sir, just wanted to confirm the general examination fee amount for this term. Regards.",Examination,Low
PR-1326,I would like to raise a complaint about receiving conflicting information from two different staff members regarding the same issue. Kindly help.,Complaint,Medium
PR-1168,"Hi, my visa application will be rejected if I do not submit a verified degree equivalence certificate by within 24 hours, and the verification office has stopped responding entirely. Regards.",Certificate / Verification,Critical
TCK-0202,Is there a suggestion box to report minor facility issues on campus?,Infrastructure / Maintenance,Low
PR-1524,"Sir, could you tell me the general process to change the username linked to my profile, no rush on this? Kindly advise.",Account & Login,Low
PR-0402,"Sir, what is the process to request an official transcript copy in general?",Transcript,Low
TCK-0460,"Subject: Request for Correction of Result Respected Sir/Madam, I hope you are doing well. I would like to request the correction of my semester result. According to the university rules, the marks of non-credit subjects are not included in the total marks. However, on my result portal, the marks of Fehm-e-Quran, which is a non-credit subject, have been included in the total. As a result, my total marks are showing 440, whereas the correct total should be 240. It also appears that there is an issue related to the Biostatistics result, which I kindly request you to review as well. I respectfully request you to verify my result and correct the total marks according to the university regulations. I would be grateful if this issue could be resolved at your earliest convenience. Thank you for your time and consideration. Yours sincerely, Usama Naeem",Result,High
PR-1032,Just wondering if I can register for an elective from a different department.,Course Registration,Low
PR-1452,"I am formally complaining about a delay of several weeks in processing my clearance request despite multiple follow-ups, and I now have a hard deadline today.",Complaint,High
PR-1076,"Sir, what is the usual turnaround time for certificate issuance? Kindly advise.",Certificate / Verification,Low
PR-0069,What is the eligibility criteria for the merit-based scholarship? Thank you.,Scholarship,Low
TCK-0338,"Request for repair of the projector in the Department of Agronomy lecture hall, Baghdad-ul-Jadeed Campus, which has not been working for two weeks.",Infrastructure / Maintenance,Medium
TCK-0238,My admission application fee was paid but the application status still shows 'Pending Payment' on the portal. Roll No: F21BLLB3M3925,Admission,Medium
TCK-0369,Kindly guide me how to change my selected campus from Khanpur Campus to another campus on my admission form.,Admission,Medium
PR-0953,"Respected Sir/Madam, i paid my urgent degree processing fee of Rs. 5,000 but the transaction has completely vanished from both my bank statement and the portal, and my visa appointment is in two days. Kindly help.",Fee & Challan,Critical
PR-1084,"Sir, i have an F grade in Microbiology but the subject is not appearing in the Course Repeat section, and I cannot register for the upcoming semester which closes by Friday. Thank you.",Course Registration,High
PR-0184,"Respected Sir/Madam, the entire university portal has been completely down for all students and staff since last night, and tomorrow is the deadline for semester registration with no announced extension.",Portal Technical Issue,Critical
PR-0554,"Hi, when does the admission form submission usually open for the next intake? Awaiting your response.",Admission,Low
PR-0406,Kindly note: My scholarship was suddenly cancelled without any notice and I have no funds to pay tomorrow's fee deadline; if I don't pay today I will be dropped from the semester entirely. Thank you.,Scholarship,Critical
PR-0602,"Kindly note: Is there a way to change my profile picture on the portal, just curious about the option? Regards.",Profile Update,Low
PR-1520,What is the eligibility criteria for the merit-based scholarship? Regards.,Scholarship,Low
TCK-0131,My registered course list is missing one elective that I selected during registration week. Roll No: S24BPHD4M5557,Course Registration,Medium
TCK-0457,Please update my current postal address on my profile as it still shows my old hostel address. Roll No: F24BBAGRI3M6502,Profile Update,Medium
TCK-0264,"Just noticed the portal footer links go to a broken page, reporting it.",Portal Technical Issue,Low
PR-1395,"Sir, the fire alarm system across the entire Khanpur Campus hostel block has stopped working, posing a serious safety risk to every resident student right now. Thank you.",Infrastructure / Maintenance,Critical
PR-0047,"Hi, i am unable to update my biography and professional links on my profile page; the save button does not seem to work. Please look into this.",Profile Update,Medium
PR-0649,"Dear concerned team, what is the admission fee structure for BS Economics? Please look into this.",Admission,Low
TCK-0113,"My MyIUB account has been completely locked for two weeks after a failed password reset, and I am unable to submit my thesis-related forms before the deadline this week. Roll No: F20BBSEEN5M5786",Account & Login,High
PR-0777,"Hi, i forgot my portal password and the reset link is not sending an OTP to my registered email; is there another way to reset it? Kindly advise.",Account & Login,Medium
TCK-0349,How can I apply for a merit scholarship next semester?,Scholarship,Low
TCK-0235,"I am unable to complete my semester registration because the portal keeps showing a hold on my account for a due I have already cleared, and registration closes tomorrow. Roll No: F20BPHD7M9889",Course Registration,High
PR-0095,"Dear concerned team, my contract renewal has not been processed and my current contract expires by tomorrow morning, putting my continued employment at risk.",Employee Services,High
PR-1213,"Kindly note: My Turnitin account was blocked by mistake and despite raising a complaint over a week ago, it is still blocked, preventing me from submitting my assigned work due this week. Awaiting your response.",Account & Login,High
PR-1488,"Hi, my registration hold has still not been cleared despite clearing all dues weeks ago, and by tomorrow morning is the absolute last day to register, after which I will lose the entire semester. Awaiting your response.",Course Registration,Critical
PR-0543,"My contract renewal has not been processed and my current contract expires this week, putting my continued employment at risk. Regards.",Employee Services,High
PR-0472,"Kindly note: The examination portal has completely gone down while the final exam is currently being conducted live for hundreds of students, and no backup arrangement has been announced.",Examination,Critical
PR-0071,"Dear concerned team, i forgot my portal password and the reset link is not sending an OTP to my registered email; is there another way to reset it?",Account & Login,Medium
TCK-0465,"My admission has been put on hold because my HEC equivalence certificate has not been verified yet, and classes for BS Information Technology start this week. Kindly expedite verification urgently.",Admission,High
PR-0387,"My account keeps logging me out automatically every few minutes, which is a bit inconvenient when filling out forms. Please look into this.",Account & Login,Medium
PR-0091,"The entire university portal has been completely down for all students and staff since last night, and tomorrow is the deadline for semester registration with no announced extension.",Portal Technical Issue,Critical
PR-1539,"There is a clear discrepancy between my award list and my final result on the portal for 2 subjects, and I need this corrected before my transcript request this week. Regards.",Result,High
PR-1192,"Sir, i have a supply in Microbiology but the Course Repeat option does not show this subject; could it be enabled? Kindly advise.",Course Registration,Medium
TCK-0319,"I am an overseas applicant and my admission offer letter, required for my visa application, has not been issued even though I was confirmed on the merit list two weeks ago.",Admission,High
PR-0763,"Dear concerned team, i need an Enrollment Certificate for a scheme application; could this be issued at your earliest convenience?",Certificate / Verification,Medium
TCK-0427,"My uploaded thesis file keeps getting corrupted after upload and cannot be opened by the reviewing faculty, delaying my submission close to the deadline. Roll No: F20BBAGRI3M5632",Portal Technical Issue,High
PR-0115,I forgot my portal password and the reset link is not sending an OTP to my registered email; is there another way to reset it? Regards.,Account & Login,Medium
PR-0587,"Respected Sir/Madam, what is the normal degree processing time for BS Data Science graduates?",Degree,Low
PR-1400,"Hi, my contract renewal has not been processed and my current contract expires by Friday, putting my continued employment at risk.",Employee Services,High
PR-0738,"My visa application will be rejected if I do not submit a verified degree equivalence certificate by in two days, and the verification office has stopped responding entirely. Please look into this.",Certificate / Verification,Critical
PR-0857,Kindly note: The notification bell on my dashboard shows a count but clicking it does not open any notifications. Regards.,Portal Technical Issue,Medium
TCK-0041,"Our whole department's final semester result system is showing 'no data found' for every student, blocking all of us from applying for graduation clearance before tomorrow's deadline. BS Software Engineering, Baghdad-ul-Jadeed Campus",Result,Critical
PR-0453,"The telephone line of the Library at Khanpur Campus is not functioning, and this is adversely affecting the ongoing admission campaign whose deadline is tomorrow. Regards.",Infrastructure / Maintenance,High
PR-0813,"Kindly note: My name on my degree does not match my CNIC due to a typo, and this mismatch is blocking my HEC attestation submission, which has a deadline this week. Kindly advise.",Name Correction,High
PR-0886,"Is there a way to change my profile picture on the portal, just curious about the option?",Profile Update,Low
TCK-0246,"My MyIUB account has been completely locked for about a week after a failed password reset, and I am unable to submit my thesis-related forms before the deadline this week. Roll No: F23BMBA4M5530",Account & Login,High
PR-0944,"Kindly note: The main student database appears to be corrupted, and records for an entire batch of 282 students are showing blank or missing fields across every module. Please look into this.",Portal Technical Issue,Critical
PR-0244,"Dear concerned team, hEC verification of my scholarship documents is still pending after over a week, and my semester fee due date is this week. Thank you.",Scholarship,High
PR-0457,How can I generate a new fee challan for the semester? Thank you.,Fee & Challan,Low
PR-0326,"Dear concerned team, i have a visa interview tomorrow morning and the embassy has specifically asked for my original transcript, which I still do not have despite requesting it over a week ago. Please look into this.",Transcript,Critical
PR-1123,My thesis file was rejected by the portal for an unspecified reason and the resubmission deadline is today. Regards.,Thesis,High
TCK-0361,"Dear Administration / Scholarship Office, I hope you are doing well. My name is Muhammad Faraz, and my Registration Number is F22BECON1M03002. I have completed my BS program from the Department of Economics and am currently processing my final university clearance. I am writing to bring to your attention that I was awarded two scholarships, as shown in the attached screenshot (1001640642.jpg): Financial Crisis Scholarship Fall 2023 (Amount: 27,784) — Received Financial Crisis Scholarship Spring 2024 (Amount: 6,946) — Pending / Not Received Since I am completing my clearance process right now, could you please check the status of this pending amount (Rs. 6,946) and guide me on how it will be disbursed or adjusted? Thank you for your assistance. Best regards, Muhammad Faraz Roll No: F22BECON1M03002 Department of Economics",Scholarship,Medium
PR-1177,"The result declaration system crashed for the entire batch of 596 students just minutes before the scheduled announcement time, and everyone is waiting anxiously. Please look into this.",Result,Critical
PR-1485,"Dear concerned team, the fire alarm system across the entire Khanpur Campus hostel block has stopped working, posing a serious safety risk to every resident student right now. Kindly help.",Infrastructure / Maintenance,Critical
PR-0920,"Respected Sir/Madam, what is the recommended word count for a thesis final draft?",Thesis,Low
PR-0343,"Hi, my account shows an 'Access Restricted' message on the dashboard, though I can still use the mobile app in the meantime. Awaiting your response.",Account & Login,Medium
PR-0558,"Hi, just wanted to confirm the general examination fee amount for this term.",Examination,Low
PR-0301,"Sir, what documents are generally required for the final clearance process?",Clearance,Low
PR-0354,"Dear concerned team, the main student database appears to be corrupted, and records for an entire batch of 276 students are showing blank or missing fields across every module.",Portal Technical Issue,Critical
PR-0965,Kindly note: Course registration closes at midnight by Friday and the registration module has been throwing an error for every single student in my batch since this morning.,Course Registration,Critical
PR-1253,"Hi, what is the recommended word count for a thesis final draft?",Thesis,Low
TCK-0170,"My admission offer will be automatically cancelled at midnight tonight if I do not submit my original documents, but the university document upload portal is showing a server error for all users.",Admission,Critical
PR-0421,"Respected Sir/Madam, how can I request a bonafide certificate in general, just for future reference?",Certificate / Verification,Low
PR-1313,"Dear concerned team, my embassy visa interview is scheduled for the day after tomorrow and they require my original degree as mandatory proof, which has still not been issued. Please look into this.",Degree,Critical
PR-1052,"Respected Sir/Madam, my examination admit card is missing and my paper is scheduled for by Friday; without it I may not be allowed to sit the exam. Kindly help.",Examination,High
TCK-0426,"Request for repair of a leaking tap in the Department of Physical Education & Sports Sciences washroom, Rahim Yar Khan Campus.",Infrastructure / Maintenance,Medium
PR-1306,"Sir, i would like to raise a complaint about receiving conflicting information from two different staff members regarding the same issue.",Complaint,Medium
PR-0090,"My transcript request has been pending for a couple of days despite the fee being paid, and I need it for a scholarship submission by Friday. Thank you.",Transcript,High
PR-0194,"Dear concerned team, the entire fee payment gateway has been down since last night for all students, and in two days is the final date to submit semester fees without a late fine. Thank you.",Fee & Challan,Critical
PR-0192,"I am formally complaining about a delay of nearly two months in processing my clearance request despite multiple follow-ups, and I now have a hard deadline this week. Awaiting your response.",Complaint,High
PR-1392,"Dear concerned team, is there a way to change my profile picture on the portal, just curious about the option? Thank you.",Profile Update,Low
PR-1504,"Sir, my Directorate of Academics clearance has been pending for several weeks even though my other clearances were completed long ago, and I need my final transcript for a job that starts this week. Kindly help.",Clearance,High
PR-0670,"Hi, could you update my thesis supervisor's details on the portal, as they were assigned about a week ago but not reflected yet?",Thesis,Medium
TCK-0083,My account has been hacked and someone changed my password and email; I no longer have any access and my degree application deadline is today. Please help immediately. Roll No: F21BBSMATH1M5658,Account & Login,Critical
PR-0467,"Kindly note: Could you tell me the general process to change the username linked to my profile, no rush on this? Awaiting your response.",Account & Login,Low
PR-0687,"Hi, my degree application shows 'Submitted' status even though I paid the challan a couple of days ago, and I would like to know if this is normal processing time. Kindly help.",Degree,Medium
PR-0205,"Sir, my admission abroad will be cancelled by Friday unless my degree name matches my passport exactly, and the correction request has been pending for several months despite the urgency I flagged. Kindly advise.",Name Correction,Critical
PR-1113,"Today is the absolute last date for admission fee submission for PhD Management Sciences, and the online payment gateway has been down since this morning for every single applicant on the merit list. Please look into this.",Admission,Critical
PR-0936,"Respected Sir/Madam, how can I request a bonafide certificate in general, just for future reference? Kindly advise.",Certificate / Verification,Low
PR-1541,"Hi, my salary has not been credited for a couple of days despite my department confirming approval, and I need this urgently to cover overdue expenses due today. Awaiting your response.",Employee Services,High
TCK-0322,I wish to get my 'Thermodynamics' exam paper rechecked as I believe there has been a mistake in marking. Roll No: S22BBECON7M9318,Examination,Medium
PR-0895,"Hi, i would like to request my monthly payslip copies for the last few months for my personal records. Kindly advise.",Employee Services,Medium
TCK-0135,Perfect time show the result . And not late the result,Result,Low
PR-1389,What is the recommended word count for a thesis final draft? Awaiting your response.,Thesis,Low
TCK-0123,"It is respectfully submitted that the telephone line of the Institute of Chemistry, Baghdad-ul-Jadeed Campus (Phone No. 062-9255473) is not functioning properly. As the admission campaign is currently in progress, many prospective students and their parents are unable to contact the Institute for admission-related information. This communication issue is adversely affecting the admission process and causing inconvenience to applicants. It is, therefore, requested that the above-mentioned telephone line may kindly be repaired on an urgent basis to ensure uninterrupted communication and facilitate the ongoing admission campaign. Your prompt attention and necessary action in this matter will be highly appreciated. Naveed Iqbal Senior Clerk Institute of Chemistry The Islamia University of Bahawalpur, Baghdad-ul-Jadeed Campus",Infrastructure / Maintenance,High
PR-0826,"Sir, my embassy visa interview is scheduled for tomorrow and they require my original degree as mandatory proof, which has still not been issued. Please look into this.",Degree,Critical
PR-0629,What documents are generally required for the final clearance process? Regards.,Clearance,Low
TCK-0269,"This is an urgent complaint that my case file appears to have been lost by the Directorate of Academics, with no record found of my clearance submission from about a week ago. Roll No: S22BBSMATH5M1430",Complaint,High
TCK-0297,"The HEC Need-Based Scholarship (Phase 2) is showing on my IUB portal. I would like to know when the scholarship amount is expected to be disbursed. Will it be released during the current vacations or after the start of the next semester? I would also like to request an update because we need to arrange the semester fee. If the scholarship is not expected to be released before the fee deadline, please let us know so that we can make the necessary financial arrangements.",Scholarship,Medium
PR-1296,What is the usual turnaround time for certificate issuance? Kindly advise.,Certificate / Verification,Low
TCK-0382,"My login access to the faculty portal was suddenly revoked, blocking me from uploading marks before the result declaration deadline tomorrow.",Account & Login,High
TCK-0326,"I keep getting logged out mid-way while filling a long form on the portal, losing all my entered data. Roll No: S22BBPESS5M1986",Portal Technical Issue,Medium
TCK-0111,"The paint on the corridor walls near the library is peeling, just reporting.",Infrastructure / Maintenance,Low
PR-0355,"Respected Sir/Madam, my professional profile still shows outdated information even though I updated it almost two weeks ago, and a scholarship committee is reviewing my profile by tomorrow morning. Regards.",Profile Update,High
PR-1481,"Kindly note: My urgent degree application has been under 'review' for about a week even though I paid the urgent fee, and I need it for a job offer that requires verification this week. Awaiting your response.",Degree,High
TCK-0348,Sir meri clearance mein galti se supply show ho rahi hai jo asal mein clear ho chuki hai. Kindly correct kr dein. Roll no F24BBAGRI4M6279.,Clearance,Medium
TCK-0402,I am writing to formally complain about the significant delay of two weeks in processing my clearance request despite multiple follow-ups and no clear explanation from any department. Roll No: F25BBSCS5M9313,Complaint,High
PR-0203,My examination admit card is missing and my paper is scheduled for tomorrow; without it I may not be allowed to sit the exam.,Examination,High
PR-0881,"Dear concerned team, there is a spelling mistake in my name on my student portal record; my correct name is Kamran Akhtar. Could this be corrected? Kindly advise.",Name Correction,Medium
PR-0812,"Sir, my thesis defense is by Friday and the portal will not let me download my approved supervisor sign-off, without which the committee will not allow me to defend. Kindly help.",Thesis,Critical
PR-1236,"My account has clearly been compromised, someone changed my password and recovery email, and I no longer have any access with my degree application deadline being within 24 hours. Please look into this.",Account & Login,Critical
PR-0308,"I updated my profile with my new degree information required for a job application deadline by Friday, but the changes are not being saved by the portal at all. Awaiting your response.",Profile Update,High
PR-0759,Kindly note: The thesis submission deadline is by tomorrow morning at midnight and the upload button has been completely non-functional for our entire batch since this afternoon.,Thesis,Critical
TCK-0157,"I am escalating my complaint as my previous three tickets on the same unresolved scholarship issue were closed without any action, and the matter remains urgent. Roll No: F25BBSCS7M5564",Complaint,High
PR-0080,"Sir, i am filing an urgent complaint that despite an official refund approval of Rs. 26,400 on record, the accounts office has still not released the funds, and I cannot pay tomorrow's non-negotiable admission deadline fee without it.",Complaint,Critical
PR-1532,"Hi, when I open the transcript section on the portal it appears empty and does not load any data. Regards.",Portal Technical Issue,Medium
PR-0003,"My Turnitin account was blocked by mistake and despite raising a complaint almost two weeks ago, it is still blocked, preventing me from submitting my assigned work due by Friday.",Account & Login,High
PR-1597,Kindly note: How can I apply for degree collection once it's ready? Thank you.,Degree,Low
PR-1019,Kindly note: Could you confirm receipt of the documents I submitted for my degree equivalence certification? Thank you.,Certificate / Verification,Medium
PR-0295,"Dear concerned team, there is a clear discrepancy between my award list and my final result on the portal for 3 subjects, and I need this corrected before my transcript request by tomorrow morning.",Result,High
PR-0758,"Hi, could a water cooler be installed near the Library? Just a small suggestion. Please look into this.",Infrastructure / Maintenance,Low
PR-0022,The Wi-Fi router in one of the blocks has been intermittent for several days; could it be checked? Thank you.,Infrastructure / Maintenance,Medium
PR-0454,"Respected Sir/Madam, by mistake I applied for clearance under the wrong semester; could my clearance be reset so I can reapply correctly? Kindly advise.",Clearance,Medium
PR-0176,"Dear concerned team, my contract renewal has not been processed and my current contract expires by Friday, putting my continued employment at risk. Kindly advise.",Employee Services,High
TCK-0020,"My urgent degree application (Application No. 23923) has been pending for a few days even though I applied and paid under the urgent category. I need it for higher studies admission abroad. Name: Hina Shahzadi, Roll No: S25BBSCS1M8962",Degree,High
TCK-0108,Complaint regarding repeated delays in reply from the accounts office despite multiple emails sent over nearly two months.,Complaint,Medium
TCK-0420,Please confirm the venue for my upcoming examination as it is not mentioned on my admit card. Roll No: S25BPHD4M3434,Examination,Medium
TCK-0050,What is the required word count for the thesis final draft?,Thesis,Low
PR-0046,How can I apply for degree collection once it's ready? Kindly help.,Degree,Low
PR-0314,"Respected Sir/Madam, my thesis file was rejected by the portal for an unspecified reason and the resubmission deadline is this week. Please look into this.",Thesis,High
PR-1358,"Respected Sir/Madam, my profile shows a completely wrong CNIC that is blocking my degree attestation submission, which is due at the HEC office by Friday, and I cannot correct it myself. Regards.",Profile Update,Critical
TCK-0386,Just curious about the minimum CGPA required to remain eligible for scholarship.,Scholarship,Low
PR-0701,"Kindly note: I have a visa interview tomorrow morning and the embassy has specifically asked for my original transcript, which I still do not have despite requesting it a couple of days ago. Kindly advise.",Transcript,Critical
PR-0298,"Respected Sir/Madam, the notification bell on my dashboard shows a count but clicking it does not open any notifications. Thank you.",Portal Technical Issue,Medium
TCK-0467,"The portal loads a bit slowly on mobile, just wanted to report it.",Portal Technical Issue,Low
PR-0363,"My HEC attestation appointment is today and the university's online verification, which HEC is waiting on for dozens of applicants today, has still not been submitted for any of us.",Certificate / Verification,Critical
PR-0068,"Sir, how can I change the spelling of my name on my student ID card?",Name Correction,Low
PR-0757,"I am unable to log in even with the correct credentials; it shows 'Invalid Username or Password' repeatedly, though I can still access things from my phone as a workaround. Please look into this.",Account & Login,Medium
PR-1584,I need an Enrollment Certificate for a scheme application; could this be issued at your earliest convenience?,Certificate / Verification,Medium
PR-0893,"Hi, none of the 460 students in our batch can log in to the portal since last night, and within 24 hours is the final date for exam form submission with no extension announced. Awaiting your response.",Account & Login,Critical
PR-0515,"Hi, could you correct my program preference on my admission application from BS Mathematics to MS Electrical Power Engineering? Thank you.",Admission,Medium
PR-1510,"Hi, my degree application shows 'Submitted' status even though I paid the challan over a week ago, and I would like to know if this is normal processing time. Please look into this.",Degree,Medium
PR-1028,"Kindly note: Our entire class's clearance requests have been frozen due to a system error, blocking all 213 of us from collecting our degrees before in two days's convocation.",Clearance,Critical
PR-1516,"Dear concerned team, how can I generate a new fee challan for the semester?",Fee & Challan,Low
PR-0446,"Kindly note: It has been several weeks since I completed my graduation and I still have not received my degree, which is now delaying a job I was set to start within 24 hours. Regards.",Degree,High
PR-1125,"Dear concerned team, my admission has been put on hold because my HEC equivalence certificate has not been verified yet, and classes for BS Mathematics start by Friday. Please look into this.",Admission,High
PR-0652,Kindly note: Could a water cooler be installed near the Admissions Office? Just a small suggestion.,Infrastructure / Maintenance,Low
PR-0908,"Sir, the paint on a corridor wall near the library is a little worn, just reporting it, not urgent at all. Thank you.",Infrastructure / Maintenance,Low
PR-0626,"Hi, my thesis defense is tomorrow and the portal will not let me download my approved supervisor sign-off, without which the committee will not allow me to defend.",Thesis,Critical
PR-0304,"My admission offer will be automatically cancelled at midnight by tomorrow morning if I do not submit my documents, but the document upload portal is showing a server error for every applicant right now. Please look into this.",Admission,Critical
TCK-0212,"I have been awarded the HEC Need-Based Scholarship (Phase 2) shown on my portal, but I have not received any update on the disbursement schedule. Roll No: F22BPHD3M3647",Scholarship,Medium
TCK-0009,What is the fee for issuing a character certificate?,Certificate / Verification,Low
PR-1511,"Sir, my comprehensive exam date is missing from my record; could this be updated so I can proceed with the next steps?",Examination,Medium
TCK-0002,Sir I submitted my degree application form but have not received any confirmation email. Please confirm receipt. Roll No: F22BBDOCS1M5889,Degree,Medium
PR-1088,"Dear concerned team, my admission abroad will be cancelled this week unless my degree name matches my passport exactly, and the correction request has been pending for several months despite the urgency I flagged.",Name Correction,Critical
PR-1010,I would like to get my 'Computer Architecture' exam paper rechecked as I believe there may be a marking error. Thank you.,Examination,Medium
PR-0823,"Hi, i keep getting logged out mid-way while submitting a required form, and I've now failed to submit it three times with the deadline being today. Thank you.",Account & Login,High
PR-1203,My examination admit card is missing and my paper is scheduled for in two days; without it I may not be allowed to sit the exam. Awaiting your response.,Examination,High
PR-1592,"The paint on a corridor wall near the library is a little worn, just reporting it, not urgent at all. Please look into this.",Infrastructure / Maintenance,Low
PR-0105,"Respected Sir/Madam, my admission abroad will be cancelled this week unless I submit my original degree, and it has been stuck in processing for several weeks despite paying the urgent fee. Kindly advise.",Degree,Critical
PR-0330,"Hi, the entire fee payment gateway has been down since last night for all students, and this week is the final date to submit semester fees without a late fine. Please look into this.",Fee & Challan,Critical
PR-1371,"Respected Sir/Madam, how do I log out of the portal properly on a shared computer? Kindly help.",Account & Login,Low
PR-1484,Kindly note: Just wanted to confirm the standard leave application process for staff. Thank you.,Employee Services,Low
PR-1365,"Hi, what is the eligibility criteria for the merit-based scholarship? Kindly help.",Scholarship,Low
TCK-0466,"Dear Support Team, I have already submitted my thesis but I am unable to know the current status of my thesis submission on the My IUB portal because the following issues are showing: ""Registration Number is missing."" ""Comprehensive Exam Date is missing."" Kindly update my Registration Number and Comprehensive Exam Date in the system so that I can check the current status. Student Name: Zeeshan Ul Haq Roll No: F24BELEN3E01004 Program: MSc Electrical Power Engineering Thank you.",Thesis,High
PR-0033,"My admission abroad will be cancelled by tomorrow morning unless my degree name matches my passport exactly, and the correction request has been pending for several weeks despite the urgency I flagged. Thank you.",Name Correction,Critical
PR-0756,I forgot my portal password and the reset link is not sending an OTP to my registered email; is there another way to reset it?,Account & Login,Medium
PR-0642,Has the result declaration date been finalized yet for this semester?,Result,Low
TCK-0248,There is a clear discrepancy between my award list and my final result on the portal — several subjects show lower marks than what I actually secured. Kindly review urgently. Roll No: F23BBAGRI5M8350,Result,High
PR-0242,"Dear concerned team, i would like to request my monthly payslip copies for the last few months for my personal records. Awaiting your response.",Employee Services,Medium
PR-1506,"Hi, my urgent degree application has been under 'review' for almost two weeks even though I paid the urgent fee, and I need it for a job offer that requires verification today.",Degree,High
TCK-0063,"I have been awarded the HEC Need-Based Scholarship (Phase 3) shown on my portal, but I have not received any update on the disbursement schedule. Roll No: S24BBDATS3M5616",Scholarship,Medium
TCK-0030,Can a water cooler be installed near the Department of Zoology building?,Infrastructure / Maintenance,Low
PR-0522,"My account has been completely locked for almost two weeks after a failed password reset, and I am unable to submit my thesis-related forms before the deadline by Friday.",Account & Login,High
PR-1500,"Sir, my salary has not been credited for almost two weeks despite my department confirming approval, and I need this urgently to cover overdue expenses due tomorrow. Regards.",Employee Services,High
TCK-0054,I need my Enrollment Certificate for a scheme application. Kindly issue it as soon as possible. Roll No: F20BBPESS7M8222,Certificate / Verification,Medium
PR-0332,"Hi, i was declared eligible on the merit list for BS Agriculture but my admission fee challan is not generating, and in two days is the last date to pay and confirm my seat. Awaiting your response.",Admission,High
PR-0863,"Our whole department's final semester result system is showing 'no data found' for every single student, and it is blocking all of us from applying for graduation clearance before in two days. Please look into this.",Result,Critical
TCK-0458,"Despite three attempts, the portal will not save my updated CNIC on my profile, and HEC needs this exact record to complete my degree attestation this week. Roll No: S24BMBA6M9947",Profile Update,High
PR-0971,"Dear concerned team, i have an F grade in Computer Architecture but the subject is not appearing in the Course Repeat section, and I cannot register for the upcoming semester which closes this week. Please look into this.",Course Registration,High
PR-0262,"Respected Sir/Madam, i paid my semester fee of Rs. 3,500 on about a week ago and the amount was deducted from my account, but the portal still shows the challan as unpaid, and the late fee deadline is within 24 hours.",Fee & Challan,High
PR-0945,"Hi, i would like to know how to request a change of campus from Khanpur Campus to another campus. Please look into this.",Other,Medium
PR-0285,"Hi, it has been several months since I completed my graduation and I still have not received my degree, which is now delaying a job I was set to start within 24 hours. Kindly advise.",Degree,High
PR-1069,"Hi, could you confirm receipt of the documents I submitted for my degree equivalence certification?",Certificate / Verification,Medium
TCK-0365,Can a water cooler be installed near the Department of Agronomy building?,Infrastructure / Maintenance,Low
PR-1534,"Dear concerned team, how can I download my transcript from the student portal? Please look into this.",Transcript,Low
TCK-0317,Sir mera 6th semester ka result portal pr show nahi ho raha. Roll no F22BMBA5M8744. Kindly update karain.,Result,Medium
TCK-0058,Please reverse my submitted clearance form as I mistakenly applied while I still have one pending supply exam. Roll No: S23BBMEDS6M4501,Clearance,Medium
PR-0006,"Sir, could you confirm receipt of the documents I submitted for my degree equivalence certification? Kindly help.",Certificate / Verification,Medium
TCK-0428,"HEC verification of my scholarship documents is still pending after more than 20 days, delaying my entire disbursement while my semester fee due date is approaching fast. Roll No: S24BMBA4M1158",Scholarship,High
PR-1230,"The fire alarm system across the entire Khanpur Campus hostel block has stopped working, posing a serious safety risk to every resident student right now. Please look into this.",Infrastructure / Maintenance,Critical
TCK-0419,Degree ka status kaise check kr saktay hain portal per?,Degree,Low
TCK-0105,"I have completed my degree of PhD in Management Sciences from IUB and applied for degree attestation but HEC has raised some observations over my degree attestation. They have advised to select the option Doctor of Philosophy in management Sciences and if not availbe then contact PQR Focal Person of the University. The said option is not available on portal of HEC and a similar option ""Doctor of Philosophy (PhD) in Management Sciences"" is available but HEC has not been accepting it due to abbreviation available therein. It is, therefore, requested to add new degree title ""Doctor of Philosophy in Management Sciences"" on PQR so that i may proceed with attestation of degree, please.",Certificate / Verification,High
PR-0124,My registered course list is missing one elective that I selected during registration week; could this be added back? Kindly help.,Course Registration,Medium
PR-0142,"Dear concerned team, has the result declaration date been finalized yet for this semester? Thank you.",Result,Low
PR-0143,"Hi, what is the eligibility criteria for the merit-based scholarship? Kindly advise.",Scholarship,Low
PR-0185,"Sir, i am writing on behalf of the entire batch of BS Agriculture scholarship recipients — none of us have received our final installment for over two years, and several of us cannot complete clearance for graduation because of it. Awaiting your response.",Scholarship,Critical
PR-1451,"Sir, i need a duplicate transcript copy as my original was misplaced. Could you guide me on the reissuance process? Regards.",Transcript,Medium
PR-0511,"Respected Sir/Madam, what is the normal degree processing time for BS Zoology graduates?",Degree,Low
PR-0195,"Kindly note: My HEC attestation appointment is by tomorrow morning and the university's online verification, which HEC is waiting on for dozens of applicants today, has still not been submitted for any of us. Thank you.",Certificate / Verification,Critical
PR-0691,I need a duplicate transcript copy as my original was misplaced. Could you guide me on the reissuance process? Kindly advise.,Transcript,Medium
TCK-0241,Sir maine apni repeat subject ki fee pay ki thi lekin system abi tak pending show kar raha hai. Roll no F20BBSEEN5M8811.,Fee & Challan,Medium
PR-1262,"My HEC attestation appointment is tomorrow and the university's online verification, which HEC is waiting on for dozens of applicants today, has still not been submitted for any of us. Regards.",Certificate / Verification,Critical
PR-0688,"The fee voucher module of the portal has been throwing a server error for over a week, and I cannot proceed with a task due in two days.",Portal Technical Issue,High
PR-1465,"Dear concerned team, my thesis file was rejected by the portal for an unspecified reason and the resubmission deadline is within 24 hours. Kindly advise.",Thesis,High
PR-0709,"Respected Sir/Madam, my degree verification request from a foreign employer has been pending response for several weeks, and my job offer is contingent on it being completed by tomorrow. Awaiting your response.",Certificate / Verification,High
PR-0702,"Kindly note: Just a minor suggestion: the response templates could be a bit more personalized, nothing urgent. Please look into this.",Complaint,Low
PR-0784,Kindly note: I need an Enrollment Certificate for a scheme application; could this be issued at your earliest convenience? Regards.,Certificate / Verification,Medium
PR-1341,"I updated my profile with my new degree information required for a job application deadline this week, but the changes are not being saved by the portal at all.",Profile Update,High
TCK-0417,please update the result we're waiting for the results now the declaration date has also passed.,Result,Medium
PR-0435,"Could you update my bank account details in the payroll system, as my old account has been closed? Kindly help.",Employee Services,Medium
TCK-0277,Request for repairing of sewage systems and washrooms in C2,Infrastructure / Maintenance,High
TCK-0011,"Respected Sir, I have applied for my degree and paid the required challan (5,000 Rs) but the status is still showing 'Submitted'. Roll No: F22BPHD2M7916, LLB (5 Years). Kindly update.",Degree,Medium
TCK-0152,"Clearance form kahan se milay ga, please guide.",Clearance,Low
TCK-0144,Kindly tell me if the enrollment certificate can be emailed instead of collected in person.,Certificate / Verification,Low
PR-1595,"Hi, my scholarship-covered fee challan is still showing unpaid even though the scholarship office confirmed disbursement over a week ago, and a late fee surcharge starts in two days. Kindly help.",Fee & Challan,High
PR-0076,"I am filing an urgent complaint that despite an official refund approval of Rs. 7,200 on record, the accounts office has still not released the funds, and I cannot pay tomorrow's non-negotiable admission deadline fee without it. Kindly advise.",Complaint,Critical
PR-1390,"Respected Sir/Madam, i paid my semester fee of Rs. 16,000 on about a week ago and the amount was deducted from my account, but the portal still shows the challan as unpaid, and the late fee deadline is today. Kindly advise.",Fee & Challan,High
TCK-0199,"Request for repair of the projector in the Department of Law lecture hall, Rahim Yar Khan Campus, which has not been working for two weeks.",Infrastructure / Maintenance,Medium
PR-0684,"The result declaration system crashed for the entire batch of 412 students just minutes before the scheduled announcement time, and everyone is waiting anxiously. Kindly advise.",Result,Critical
PR-1352,"Dear concerned team, the elevator serving the examination hall has broken down, creating serious difficulty for students with mobility issues ahead of tomorrow's exam.",Infrastructure / Maintenance,High
PR-1136,"Respected Sir/Madam, i need an Enrollment Certificate for a scheme application; could this be issued at your earliest convenience?",Certificate / Verification,Medium
PR-1332,"Just a minor suggestion: the response templates could be a bit more personalized, nothing urgent.",Complaint,Low
PR-1068,Could you confirm the status of my scholarship application submitted over a week ago? Please look into this.,Scholarship,Medium
PR-0120,"Kindly note: I have been awarded a compartment in Computer Architecture despite being confident I attempted the paper correctly, and I need urgent re-evaluation as it affects my scholarship eligibility review today.",Examination,High
TCK-0088,"My character certificate request, urgently needed for a visa application this week, has not been processed despite submitting it over a month ago. Roll No: F25BBSCS7M7464",Certificate / Verification,High
PR-0460,"I am writing on behalf of the entire batch of BS Mathematics scholarship recipients — none of us have received our final installment for over two years, and several of us cannot complete clearance for graduation because of it.",Scholarship,Critical
TCK-0223,"Course registration closes at midnight tonight and the registration module has been throwing an error for every student in my batch since this morning. BS Economics, Baghdad-ul-Jadeed Campus",Course Registration,Critical
TCK-0350,Who do I contact to update my father's name on my record?,Name Correction,Low
PR-0811,Kindly note: How many credit hours can I generally register for in a normal semester?,Course Registration,Low
PR-0615,"I keep getting logged out mid-way while submitting a required form, and I've now failed to submit it three times with the deadline being tomorrow. Kindly help.",Account & Login,High
PR-0572,"Dear concerned team, the profile update system has been completely inaccessible for the entire batch for two days, and our internship documents due by tomorrow morning require an updated profile printout. Awaiting your response.",Profile Update,Critical
TCK-0262,"Hi. our entire class' result is not showing on the portal since the last semester. We are very worried about that. Can you please correct the technical error. We are batch of the 2022-2026 of BSCS Class, section M2. On the transcript page,it says no data found. please correct it as soons as possible",Result,High
PR-0718,"Dear concerned team, my name on my degree does not match my CNIC due to a typo, and this mismatch is blocking my HEC attestation submission, which has a deadline this week.",Name Correction,High
PR-1559,My middle name is missing from my official university record though it appears correctly on my CNIC.,Name Correction,Medium
TCK-0309,My admission abroad will be cancelled today unless I submit a degree with my name matching my passport exactly; the correction request has been pending for nearly two months despite the urgency I flagged. Roll No: S25BBPESS3M5022,Name Correction,Critical
TCK-0367,Kindly guide me how to change my selected campus from Baghdad-ul-Jadeed Campus to another campus on my admission form.,Admission,Medium
TCK-0185,"I updated my profile with my new MPhil degree information required for a job application deadline this week, but the changes are not being saved by the portal at all. Roll No: S23BBAGRI3M8140",Profile Update,High
PR-0633,"My credit transfer approval, required within 24 hours to secure my admission abroad before their deadline expires, has still not been processed despite three urgent escalations this week. Kindly help.",Other,Critical
PR-0724,"Dear concerned team, i was declared eligible on the merit list for BS Software Engineering but my admission fee challan is not generating, and tomorrow is the last date to pay and confirm my seat.",Admission,High
PR-1493,"My HEC attestation appointment is by Friday and the university's online verification, which HEC is waiting on for dozens of applicants today, has still not been submitted for any of us. Awaiting your response.",Certificate / Verification,Critical
TCK-0440,"My Directorate of Academics clearance has been pending for more than 20 days even though my IT and library clearances were completed long ago, and I need my final transcript for a job application. Roll No: S22BLLB6M4185",Clearance,High
TCK-0218,The thesis submission deadline is today at midnight and the upload button has been non-functional for our entire batch since this afternoon. Kindly fix immediately. MBA,Thesis,Critical
PR-1477,"My scholarship-covered fee challan is still showing unpaid even though the scholarship office confirmed disbursement about a week ago, and a late fee surcharge starts in two days. Thank you.",Fee & Challan,High
PR-0153,My department clearance is approved but the library clearance section still shows pending despite no outstanding books. Kindly help.,Clearance,Medium
PR-0286,How can I apply for degree collection once it's ready?,Degree,Low
PR-0320,"Dear concerned team, my Directorate of Academics clearance has been pending for several weeks even though my other clearances were completed long ago, and I need my final transcript for a job that starts today. Please look into this.",Clearance,High
TCK-0125,"The entire clearance module of the portal has been throwing a server error for two days, and I cannot proceed with a time-sensitive task because of it. Roll No: F23BLLB3M4241",Portal Technical Issue,High
PR-0847,"Is it possible to link two of my accounts together, or should I just keep using them separately?",Account & Login,Low
PR-0983,"Dear concerned team, small feedback: the waiting area could use a bit more seating, just a general comment. Awaiting your response.",Complaint,Low
PR-0951,"HEC verification of my scholarship documents is still pending after about a week, and my semester fee due date is within 24 hours. Regards.",Scholarship,High
PR-1281,What is the eligibility criteria for the merit-based scholarship? Please look into this.,Scholarship,Low
PR-1215,I would like to request my monthly payslip copies for the last few months for my personal records. Awaiting your response.,Employee Services,Medium
PR-0588,My scholarship was suddenly cancelled without any notice and I have no funds to pay by tomorrow morning's fee deadline; if I don't pay today I will be dropped from the semester entirely. Please look into this.,Scholarship,Critical
PR-0474,"I have a visa interview in two days and the embassy has specifically asked for my original transcript, which I still do not have despite requesting it almost two weeks ago. Regards.",Transcript,Critical
PR-0458,Is there a student club focused on robotics that I could join? Thank you.,Other,Low
PR-1333,"Respected Sir/Madam, the Wi-Fi router in one of the blocks has been intermittent for several days; could it be checked? Please look into this.",Infrastructure / Maintenance,Medium
PR-0935,"Hi, how long does the clearance approval usually take on average? Kindly advise.",Clearance,Low
PR-0921,"Respected Sir/Madam, my registered course list is missing one elective that I selected during registration week; could this be added back? Kindly help.",Course Registration,Medium
PR-1423,Kindly note: My examination is scheduled to start in less than an hour and the admit card generation system has been down for our entire session since early this morning. Awaiting your response.,Examination,Critical
PR-0025,"Dear concerned team, the projector in the the Admissions Office lecture hall at Rahim Yar Khan Campus has not been working for a couple of weeks; could this be repaired?",Infrastructure / Maintenance,Medium
PR-1580,"Hi, my transcript request has been pending for almost two weeks despite the fee being paid, and I need it for a scholarship submission tomorrow. Kindly help.",Transcript,High
TCK-0143,I need a bonafide student certificate for a bank loan application. Kindly issue at your earliest convenience. Roll No: F25BBAGRI6M4115,Certificate / Verification,Medium
TCK-0273,Eligibility Requirements Missing You cannot proceed with thesis submission because of the following pending item(s): Missing Registration Number: Please contact your DASR Office to put your registration number. Missing Comprehensive Exam Date: Please contact your department's exam coordinator to record your comprehensive exam date. this is the error in my eportal thesis section,Thesis,High
PR-0271,"Respected Sir/Madam, the elevator serving the examination hall has broken down, creating serious difficulty for students with mobility issues ahead of by Friday's exam. Kindly help.",Infrastructure / Maintenance,High
PR-1569,"Dear concerned team, my educational records are not reflected in my profile despite attaching verified transcripts over a week ago.",Profile Update,Medium
PR-0039,"Respected Sir/Madam, is there a student club focused on robotics that I could join? Kindly advise.",Other,Low
TCK-0292,"My thesis section shows an error 'Missing Comprehensive Exam Date'; kindly contact the exam coordinator to update this on my behalf, or guide me on the process. Roll No: S23BPHD3M8529",Thesis,Medium
TCK-0410,Sir meri degree ka challan paid hai lekin status abi tak update nahi hua. Roll no S24BBSIT5M1009. Kindly check karain.,Degree,Medium
PR-0490,I want to complain that my previous ticket was closed without any resolution or explanation; could it be reopened? Kindly help.,Complaint,Medium
PR-0240,"Kindly note: I have been awarded a compartment in Statistics despite being confident I attempted the paper correctly, and I need urgent re-evaluation as it affects my scholarship eligibility review this week.",Examination,High
PR-0713,"Dear concerned team, my account keeps logging me out automatically every few minutes, which is a bit inconvenient when filling out forms. Kindly advise.",Account & Login,Medium
PR-0889,"Kindly note: My registration hold has still not been cleared despite clearing all dues weeks ago, and by tomorrow morning is the absolute last day to register, after which I will lose the entire semester. Kindly help.",Course Registration,Critical
TCK-0162,"The examination portal has crashed for the entire class right before the scheduled online exam start time, and no backup arrangement has been announced yet. LLB (5 Years)",Examination,Critical
PR-0134,I need my final transcript urgently as I am applying for a Master's program abroad and the application portal closes this week. Regards.,Transcript,High
PR-0489,"My name mismatch between my degree and CNIC is the sole reason my HEC attestation, required within 24 hours for a visa appointment, has been rejected. Thank you.",Name Correction,Critical
PR-1598,I need my final transcript urgently as I am applying for a Master's program abroad and the application portal closes by tomorrow morning. Thank you.,Transcript,High
PR-0028,"Sir, is it possible to link two of my accounts together, or should I just keep using them separately?",Account & Login,Low
PR-0996,"My repeat subject fee challan has not been generated even though the subject shows as failed on my result, and course registration closes by Friday.",Course Registration,High
PR-1530,"Dear concerned team, i am filing an urgent complaint that despite an official refund approval of Rs. 18,750 on record, the accounts office has still not released the funds, and I cannot pay by tomorrow morning's non-negotiable admission deadline fee without it.",Complaint,Critical
PR-0210,I would like to raise a complaint about receiving conflicting information from two different staff members regarding the same issue. Kindly advise.,Complaint,Medium
PR-0600,"Respected Sir/Madam, the main student database appears to be corrupted, and records for an entire batch of 185 students are showing blank or missing fields across every module.",Portal Technical Issue,Critical
PR-1061,Kindly note: How can I download my transcript from the student portal?,Transcript,Low
TCK-0392,"My experience certificate, required for a visa interview scheduled this week, has still not been issued despite requesting it nearly two months ago.",Employee Services,High
PR-0912,"Hi, could you update my bank account details in the payroll system, as my old account has been closed? Awaiting your response.",Employee Services,Medium
PR-0654,"Dear concerned team, my salary has not been credited for over a week despite my department confirming approval, and I need this urgently to cover overdue expenses due within 24 hours. Awaiting your response.",Employee Services,High
PR-0988,"Hi, none of the 430 students in our batch can log in to the portal since last night, and by Friday is the final date for exam form submission with no extension announced. Awaiting your response.",Account & Login,Critical
PR-1218,"Dear concerned team, my examination is scheduled to start in less than an hour and the admit card generation system has been down for our entire session since early this morning. Kindly help.",Examination,Critical
PR-1393,"My clearance was rejected without any specified reason, and this is now delaying my degree collection needed for a job joining date within 24 hours.",Clearance,High
PR-1283,"My admission offer will be automatically cancelled at midnight tomorrow if I do not submit my documents, but the document upload portal is showing a server error for every applicant right now. Kindly help.",Admission,Critical
PR-1109,"My clearance was rejected without any specified reason, and this is now delaying my degree collection needed for a job joining date in two days.",Clearance,High
PR-0119,"Respected Sir/Madam, i would like to get my 'Financial Accounting' exam paper rechecked as I believe there may be a marking error. Regards.",Examination,Medium
PR-0967,"Hi, my Directorate of Academics clearance has been pending for over a month even though my other clearances were completed long ago, and I need my final transcript for a job that starts by tomorrow morning. Awaiting your response.",Clearance,High
PR-1490,"My registration hold has still not been cleared despite clearing all dues weeks ago, and in two days is the absolute last day to register, after which I will lose the entire semester. Awaiting your response.",Course Registration,Critical
PR-0483,"Respected Sir/Madam, the payroll system for the entire faculty has failed this cycle and salaries have not been disbursed to anyone, with rent and utility deadlines due within 24 hours for many staff members.",Employee Services,Critical
PR-1219,"The payroll system for the entire faculty has failed this cycle and salaries have not been disbursed to anyone, with rent and utility deadlines due by tomorrow morning for many staff members.",Employee Services,Critical
PR-1224,"Sir, my scholarship was suddenly cancelled without any notice and I have no funds to pay today's fee deadline; if I don't pay today I will be dropped from the semester entirely. Regards.",Scholarship,Critical
PR-0016,"Respected Sir/Madam, could a water cooler be installed near the HR Office? Just a small suggestion. Thank you.",Infrastructure / Maintenance,Low
PR-0084,"Today is the absolute last date for admission fee submission for MPhil Software Engineering, and the online payment gateway has been down since this morning for every single applicant on the merit list. Thank you.",Admission,Critical
PR-0241,"My admission has been put on hold because my HEC equivalence certificate has not been verified yet, and classes for BS Zoology start this week. Kindly help.",Admission,High
TCK-0175,My account shows 'Access Restricted' message when I try to view my dashboard. Roll No: F20BBDOCS2M2402,Account & Login,Medium
PR-0029,"Dear concerned team, my professional profile still shows outdated information even though I updated it over a week ago, and a scholarship committee is reviewing my profile in two days. Awaiting your response.",Profile Update,High
PR-1495,What is the usual format of the mid-term examination? Kindly help.,Examination,Low
TCK-0435,"Subject: Name Correction Request My complete name according to my CNIC is **Muhammad Rafay Bin Asif**, but it is currently showing as **Muhammad Rafay Bin**. I had already contacted my department office last semester, and the name was corrected at that time. However, it appears that the correction has not been updated in all records. Kindly update and correct my name to **Muhammad Rafay Bin Asif** in all relevant systems. Roll No: F25BDOCS1M01349 Class: BSCS 2nd 4M Thank you.",Name Correction,Medium
TCK-0140,I have already submitted my thesis but am unable to check the current status on the MyIUB portal because it shows 'Registration Number is missing'. Kindly update. Roll No: F21BBMEDS2M5906,Thesis,Medium
PR-0716,"Sir, my repeat subject fee challan has not been generated even though the subject shows as failed on my result, and course registration closes this week. Please look into this.",Course Registration,High
PR-1062,"My clearance was rejected without any specified reason, and this is now delaying my degree collection needed for a job joining date in two days. Kindly advise.",Clearance,High
PR-0202,"Our entire class's clearance requests have been frozen due to a system error, blocking all 217 of us from collecting our degrees before by tomorrow morning's convocation. Regards.",Clearance,Critical
PR-1439,"Dear concerned team, how do I log out of the portal properly on a shared computer? Thank you.",Account & Login,Low
TCK-0101,"It is respectfully submitted that the telephone line of the Department of Agronomy, Rahim Yar Khan Campus (Phone No. 069-6455706) is not functioning, and this is adversely affecting the ongoing admission campaign as applicants cannot reach us. Kindly repair urgently.",Infrastructure / Maintenance,High
TCK-0089,"My name on my degree does not match my CNIC due to a typo, and this mismatch is now blocking my HEC attestation submission which has a deadline this week. Roll No: S24BPHD3M1207",Name Correction,High
PR-0827,I have already submitted my thesis but I am unable to check the current status because it shows a missing registration number error. Thank you.,Thesis,Medium
PR-0484,"My admission abroad will be cancelled by Friday unless my degree name matches my passport exactly, and the correction request has been pending for several weeks despite the urgency I flagged. Thank you.",Name Correction,Critical
PR-0776,"Sir, i would like to get my 'Calculus' exam paper rechecked as I believe there may be a marking error.",Examination,Medium
PR-0066,Kindly note: By mistake I applied for clearance under the wrong semester; could my clearance be reset so I can reapply correctly?,Clearance,Medium
PR-0398,"Dear concerned team, my middle name is missing from my official university record though it appears correctly on my CNIC. Please look into this.",Name Correction,Medium
PR-1001,Kindly note: What is the admission fee structure for LLB (5 Years)? Awaiting your response.,Admission,Low
PR-0864,"Respected Sir/Madam, my admission has been put on hold because my HEC equivalence certificate has not been verified yet, and classes for BS Statistics start tomorrow. Kindly help.",Admission,High
PR-0250,"Sir, my credit transfer approval, required today to secure my admission abroad before their deadline expires, has still not been processed despite three urgent escalations this week. Please look into this.",Other,Critical
PR-1388,"Respected Sir/Madam, is there a mobile app version of the portal available, just curious? Awaiting your response.",Portal Technical Issue,Low
PR-1430,"Kindly note: The profile update system has been completely inaccessible for the entire batch for two days, and our internship documents due this week require an updated profile printout. Thank you.",Profile Update,Critical
PR-1310,"Kindly note: I am unable to log in even with the correct credentials; it shows 'Invalid Username or Password' repeatedly, though I can still access things from my phone as a workaround. Kindly advise.",Account & Login,Medium
PR-1421,"Kindly note: I was awarded the scholarship shown on my portal, but I have not received any update on the disbursement schedule yet. Regards.",Scholarship,Medium
PR-0157,I need an Enrollment Certificate for a scheme application; could this be issued at your earliest convenience? Kindly advise.,Certificate / Verification,Medium
PR-1519,"Respected Sir/Madam, my name mismatch between my degree and CNIC is the sole reason my HEC attestation, required within 24 hours for a visa appointment, has been rejected. Awaiting your response.",Name Correction,Critical
PR-1267,"Could you update my thesis supervisor's details on the portal, as they were assigned about a week ago but not reflected yet? Please look into this.",Thesis,Medium
PR-0648,"Dear concerned team, my 5th semester result is not showing on the portal even though the declaration date has passed. Regards.",Result,Medium
PR-1037,"Dear concerned team, my account shows an 'Access Restricted' message on the dashboard, though I can still use the mobile app in the meantime. Regards.",Account & Login,Medium
PR-0288,"Kindly note: My urgent degree application has been under 'review' for almost two weeks even though I paid the urgent fee, and I need it for a job offer that requires verification this week. Regards.",Degree,High
PR-0586,"Sir, how long does the clearance approval usually take on average? Awaiting your response.",Clearance,Low
PR-0148,"Respected Sir/Madam, my account shows an 'Access Restricted' message on the dashboard, though I can still use the mobile app in the meantime. Regards.",Account & Login,Medium
PR-0959,"Respected Sir/Madam, the elevator serving the examination hall has broken down, creating serious difficulty for students with mobility issues ahead of by tomorrow morning's exam.",Infrastructure / Maintenance,High
TCK-0094,"Respected Sir, I have paid the transcript fee (18,750 Rs.) but my transcript is still not showing on the MyIUB portal. Roll No: F23BMBA6M9928. Kindly resolve. Regards, Junaid Aslam",Transcript,Medium
TCK-0471,"My exam re-evaluation result has still not been updated for over a month, and my final semester GPA calculation, needed for a scholarship application this week, depends on it. Roll No: F25BBSMATH1M8213",Examination,High
TCK-0333,"This is a formal complaint regarding the repeated mishandling of my case across three different offices, each redirecting me to the other without resolving my result issue for over a month. Roll No: F25BBSMATH6M7929",Complaint,High
PR-0383,"My clearance is the only thing standing between me and graduation, and my scholarship abroad requires proof of graduation by today, but the Directorate of Academics has gone completely silent. Kindly advise.",Clearance,Critical
PR-0870,How can I apply for degree collection once it's ready? Awaiting your response.,Degree,Low
TCK-0300,I am an international applicant and my visa appointment tomorrow depends entirely on receiving my admission offer letter today; without it my entire study-abroad plan collapses.,Admission,Critical
PR-0139,"Dear concerned team, i want to complain that my previous ticket was closed without any resolution or explanation; could it be reopened? Thank you.",Complaint,Medium
PR-0213,"How can I request a bonafide certificate in general, just for future reference? Regards.",Certificate / Verification,Low
PR-0375,"Hi, my thesis defense is this week and the portal will not let me download my approved supervisor sign-off, without which the committee will not allow me to defend. Awaiting your response.",Thesis,Critical
TCK-0424,Kindly tell me when degree distribution ceremony will be held.,Degree,Low
PR-0177,"Sir, my scholarship was suddenly cancelled without any notice and I have no funds to pay in two days's fee deadline; if I don't pay today I will be dropped from the semester entirely.",Scholarship,Critical
PR-0416,"Hi, my degree verification request from a foreign employer has been pending response for several months, and my job offer is contingent on it being completed by today. Thank you.",Certificate / Verification,High
PR-1083,"Kindly note: Despite paying all dues on time, I have faced continuous delays across multiple offices regarding my final clearance, now jeopardizing my job joining date within 24 hours.",Complaint,High
PR-1169,"I was awarded the scholarship shown on my portal, but I have not received any update on the disbursement schedule yet.",Scholarship,Medium
PR-1059,"Several months of ticket records and attached documents appear to have been permanently deleted from the system overnight with no backup available, affecting hundreds of open cases. Kindly advise.",Portal Technical Issue,Critical
PR-0906,"The telephone line of the Hostel Office at Khanpur Campus is not functioning, and this is adversely affecting the ongoing admission campaign whose deadline is within 24 hours. Thank you.",Infrastructure / Maintenance,High
PR-0384,"Respected Sir/Madam, i need an official letter of recommendation urgently for a scholarship application closing tomorrow, and my department has not responded to my request from over a week ago. Thank you.",Other,High
PR-0252,My semester fee challan is not showing on the portal; could you help me generate it so I can pay before the due date? Awaiting your response.,Fee & Challan,Medium
PR-0239,"Kindly note: My account keeps logging me out automatically every few minutes, which is a bit inconvenient when filling out forms.",Account & Login,Medium
PR-0230,"Dear concerned team, my thesis file was rejected by the portal for an unspecified reason and the resubmission deadline is tomorrow.",Thesis,High
PR-0280,"Dear concerned team, my registered course list is missing one elective that I selected during registration week; could this be added back? Awaiting your response.",Course Registration,Medium
TCK-0149,Kindly change my registered email address on my account as I no longer have access to the old one. Roll No: F20BBSCS3M4630,Account & Login,Medium
PR-1426,"Kindly note: I have an F grade in Database Systems but the subject is not appearing in the Course Repeat section, and I cannot register for the upcoming semester which closes by tomorrow morning. Thank you.",Course Registration,High
PR-1000,"Hi, i have a visa interview by tomorrow morning and my experience certificate, promised for today, has still not been issued despite multiple follow-ups all week. Please look into this.",Employee Services,Critical
PR-1581,"My account shows an 'Access Restricted' message on the dashboard, though I can still use the mobile app in the meantime. Regards.",Account & Login,Medium
TCK-0104,"I have a supply in Thermodynamics but the Course Repeat option does not show this subject on my portal, nor has a challan been generated. Kindly enable it. Roll No: S22BPHD7M9056",Course Registration,Medium
PR-0947,The thesis submission deadline is by tomorrow morning at midnight and the upload button has been completely non-functional for our entire batch since this afternoon.,Thesis,Critical
PR-0694,"My result shows an F grade in Thermodynamics that I'm confident is incorrect, and this is affecting my scholarship eligibility review scheduled by Friday.",Result,High
PR-1270,"Respected Sir/Madam, the Wi-Fi router in one of the blocks has been intermittent for several days; could it be checked? Regards.",Infrastructure / Maintenance,Medium
TCK-0442,How many credit hours can I register for in a normal semester?,Course Registration,Low
PR-0899,"Kindly note: I am writing on behalf of the entire batch of BS Data Science scholarship recipients — none of us have received our final installment for over two years, and several of us cannot complete clearance for graduation because of it. Kindly help.",Scholarship,Critical
TCK-0247,Where can I find my examination roll number slip?,Examination,Low
PR-1095,"Sir, how can I generate a new fee challan for the semester? Regards.",Fee & Challan,Low
PR-1491,Kindly note: I'd like to request re-generation of my degree fee challan as it was created under the wrong fee category.,Degree,Medium
PR-1073,"Is there a mobile app version of the portal available, just curious? Thank you.",Portal Technical Issue,Low
PR-0223,The thesis submission deadline is by Friday at midnight and the upload button has been completely non-functional for our entire batch since this afternoon. Thank you.,Thesis,Critical
PR-1572,"Dear concerned team, how do I log out of the portal properly on a shared computer? Kindly help.",Account & Login,Low
PR-0307,"Dear concerned team, when is the next semester result usually announced? Kindly help.",Result,Low
PR-0627,"Dear concerned team, my scholarship-covered fee challan is still showing unpaid even though the scholarship office confirmed disbursement over a week ago, and a late fee surcharge starts tomorrow. Regards.",Fee & Challan,High
PR-0136,Where can I go to check which email is currently registered against my account? Thank you.,Account & Login,Low
PR-1081,"My visa application will be rejected if I do not submit a verified degree equivalence certificate by tomorrow, and the verification office has stopped responding entirely. Thank you.",Certificate / Verification,Critical
PR-0752,"Kindly note: My HEC degree attestation application has been stuck pending university verification for a couple of days, and my attestation appointment is by tomorrow morning. Kindly advise.",Certificate / Verification,High
PR-0273,How do I log out of the portal properly on a shared computer? Awaiting your response.,Account & Login,Low
PR-0334,Just wondering if I can register for an elective from a different department. Please look into this.,Course Registration,Low
PR-0933,"My account shows an 'Access Restricted' message on the dashboard, though I can still use the mobile app in the meantime. Awaiting your response.",Account & Login,Medium
PR-0393,Kindly note: When do scholarship applications usually open for a new batch?,Scholarship,Low
PR-1586,"Hi, could you tell me the general process to change the username linked to my profile, no rush on this? Kindly help.",Account & Login,Low
PR-0563,"Kindly note: My Directorate of Academics clearance has been pending for over a month even though my other clearances were completed long ago, and I need my final transcript for a job that starts today. Kindly help.",Clearance,High
PR-0487,"I am escalating a critical complaint on behalf of my entire batch — none of our clearance requests have been processed for over a month, and our convocation, requiring proof of clearance, is by Friday. Please look into this.",Complaint,Critical
PR-0347,"Respected Sir/Madam, how can I generate a new fee challan for the semester? Please look into this.",Fee & Challan,Low
PR-0350,"Dear concerned team, i have a visa interview tomorrow morning and the embassy has specifically asked for my original transcript, which I still do not have despite requesting it over a week ago. Kindly advise.",Transcript,Critical
TCK-0303,"Sir mujhe apna transcript chahiye, kaisay milay ga?",Transcript,Low
PR-0450,"Dear concerned team, our entire class's clearance requests have been frozen due to a system error, blocking all 192 of us from collecting our degrees before this week's convocation.",Clearance,Critical
PR-1013,Kindly note: Could you confirm the status of my scholarship application submitted a couple of days ago? Thank you.,Scholarship,Medium
TCK-0266,Is fee payable through Easypaisa as well or only bank challan?,Fee & Challan,Low
PR-1315,I am unable to update my biography and professional links on my profile page; the save button does not seem to work. Kindly help.,Profile Update,Medium
TCK-0340,"hello sir,i want to get github developer pack on basis of iub email ,can you guide me to get it.Thank You",Other,Low
PR-0624,"Hi, could you confirm receipt of the documents I submitted for my degree equivalence certification? Awaiting your response.",Certificate / Verification,Medium
TCK-0156,What is the admission fee structure for BS Information Technology?,Admission,Low
PR-0229,My educational records are not reflected in my profile despite attaching verified transcripts a couple of days ago. Regards.,Profile Update,Medium
TCK-0084,"My Turnitin account was blocked after being used by mistake by another department colleague, and despite raising a complaint, it is still blocked, preventing me from completing my own assigned work. Kindly restore urgently.",Account & Login,High
PR-0477,What is the eligibility criteria for the merit-based scholarship?,Scholarship,Low
PR-0851,"Dear concerned team, my degree verification request from a foreign employer has been pending response for over a month, and my job offer is contingent on it being completed by by tomorrow morning. Regards.",Certificate / Verification,High
PR-1156,"Dear concerned team, there is a spelling mistake in my name on my student portal record; my correct name is Mariam Shafiq. Could this be corrected?",Name Correction,Medium
PR-1134,"Sir, hEC verification of my scholarship documents is still pending after a couple of days, and my semester fee due date is tomorrow.",Scholarship,High
PR-1460,"Dear concerned team, just wanted to confirm the general examination fee amount for this term.",Examination,Low
TCK-0128,"I keep getting logged out mid-way while filling a long form on the portal, losing all my entered data. Roll No: S25BBSIT5M4697",Portal Technical Issue,Medium
PR-0441,"Respected Sir/Madam, my middle name is missing from my official university record though it appears correctly on my CNIC. Regards.",Name Correction,Medium
PR-0171,"Hi, what documents are generally required for the final clearance process? Regards.",Clearance,Low
PR-1560,"Dear concerned team, my name mismatch between my degree and CNIC is the sole reason my HEC attestation, required within 24 hours for a visa appointment, has been rejected. Kindly help.",Name Correction,Critical
PR-0931,What is the eligibility criteria for the merit-based scholarship? Awaiting your response.,Scholarship,Low
PR-1442,"Dear concerned team, could you tell me the general process to change the username linked to my profile, no rush on this? Regards.",Account & Login,Low
PR-1404,"Hi, i need my final transcript urgently as I am applying for a Master's program abroad and the application portal closes today.",Transcript,High
PR-0118,"My profile shows a completely wrong CNIC that is blocking my degree attestation submission, which is due at the HEC office by Friday, and I cannot correct it myself. Awaiting your response.",Profile Update,Critical
PR-1558,"Respected Sir/Madam, my repeat subject fee challan has not been generated even though the subject shows as failed on my result, and course registration closes by Friday. Kindly advise.",Course Registration,High
PR-0946,"Kindly note: My login access to a system I need for essential work was suddenly revoked, and I have a task depending on it due by tomorrow morning. Awaiting your response.",Account & Login,High
PR-0104,"Respected Sir/Madam, my degree application shows 'Submitted' status even though I paid the challan over a week ago, and I would like to know if this is normal processing time. Awaiting your response.",Degree,Medium
PR-0278,"My clearance is the only thing standing between me and graduation, and my scholarship abroad requires proof of graduation by within 24 hours, but the Directorate of Academics has gone completely silent.",Clearance,Critical
PR-0408,"Hi, my login access to a system I need for essential work was suddenly revoked, and I have a task depending on it due in two days. Kindly advise.",Account & Login,High
PR-1448,"Kindly note: The portal keeps logging me into an authentication error whenever I try to access my dashboard, and I have a form to submit before tomorrow.",Portal Technical Issue,High
PR-0182,"Dear concerned team, what is the eligibility criteria for the merit-based scholarship?",Scholarship,Low
TCK-0236,"My name on the university portal is listed as Zeesha, but my official CNIC name is different. Kindly correct my name on the portal. Roll No: F21BBSIT6M1659",Name Correction,Medium
TCK-0400,"My migration application from another university is stuck pending verification, and the admission deadline for this semester closes in two days.",Admission,High
PR-1092,"Kindly note: The result declaration system crashed for the entire batch of 675 students just minutes before the scheduled announcement time, and everyone is waiting anxiously. Kindly advise.",Result,Critical
PR-1309,"Dear concerned team, my profile shows a completely wrong CNIC that is blocking my degree attestation submission, which is due at the HEC office by Friday, and I cannot correct it myself. Thank you.",Profile Update,Critical
PR-0008,"Sir, how do I log out of the portal properly on a shared computer?",Account & Login,Low
PR-0999,"The main student database appears to be corrupted, and records for an entire batch of 256 students are showing blank or missing fields across every module. Awaiting your response.",Portal Technical Issue,Critical
PR-1503,"Respected Sir/Madam, i need an Enrollment Certificate for a scheme application; could this be issued at your earliest convenience? Regards.",Certificate / Verification,Medium
PR-0236,"Our whole department's final semester result system is showing 'no data found' for every single student, and it is blocking all of us from applying for graduation clearance before this week. Awaiting your response.",Result,Critical
PR-1295,"Could you tell me the general process to change the username linked to my profile, no rush on this?",Account & Login,Low
TCK-0318,Just want to know which departments need to sign the clearance form.,Clearance,Low
PR-1319,"Dear concerned team, a major water leakage has flooded part of the server room at Rahim Yar Khan Campus, threatening to permanently damage critical IT infrastructure for the whole university. Kindly advise.",Infrastructure / Maintenance,Critical
PR-0418,"Dear concerned team, when do scholarship applications usually open for a new batch? Please look into this.",Scholarship,Low
PR-0392,Kindly note: Could a water cooler be installed near the Accounts Office? Just a small suggestion.,Infrastructure / Maintenance,Low
PR-1396,How can I change the spelling of my name on my student ID card? Kindly help.,Name Correction,Low
PR-1149,"My urgent degree application has been under 'review' for almost two weeks even though I paid the urgent fee, and I need it for a job offer that requires verification tomorrow. Kindly advise.",Degree,High
TCK-0066,"I am filing a complaint regarding the complete lack of response from the IT department to my repeated requests to unblock my account, now affecting my ability to submit an assignment due this week.",Complaint,High
PR-0601,"Hi, my semester fee challan is not showing on the portal; could you help me generate it so I can pay before the due date?",Fee & Challan,Medium
PR-1096,"Respected Sir/Madam, my clearance was rejected without any specified reason, and this is now delaying my degree collection needed for a job joining date within 24 hours. Please look into this.",Clearance,High
PR-0169,"Sir, how many credit hours can I generally register for in a normal semester? Kindly advise.",Course Registration,Low
PR-0728,Has the result declaration date been finalized yet for this semester? Awaiting your response.,Result,Low
PR-1307,Is there a student club focused on AI that I could join? Regards.,Other,Low
PR-1291,"Dear concerned team, do I need to visit in person for a name correction, or is there an online option available? Awaiting your response.",Name Correction,Low
TCK-0375,Hello Sir My result for the 10 th Semester is not available on the portal. Kindly update it. My result for the Repeat course of 8th semester Criminal Law 2 and Law of Evidence 2 is also not updated.Kindly review. Thanks,Result,Medium
PR-0804,"Dear concerned team, could you update my bank account details in the payroll system, as my old account has been closed? Thank you.",Employee Services,Medium
PR-0424,"Respected Sir/Madam, where can I go to check which email is currently registered against my account? Kindly help.",Account & Login,Low
PR-1525,"Sir, there is a spelling mistake in my name on my student portal record; my correct name is Shahzaib Khan. Could this be corrected? Kindly advise.",Name Correction,Medium
PR-0072,"Respected Sir/Madam, my semester fee challan is not showing on the portal; could you help me generate it so I can pay before the due date? Kindly advise.",Fee & Challan,Medium
PR-0327,"Hi, do I need to visit in person for a name correction, or is there an online option available? Thank you.",Name Correction,Low
PR-1588,"I need an official letter of recommendation urgently for a scholarship application closing tomorrow, and my department has not responded to my request from a couple of days ago.",Other,High
PR-0891,"Respected Sir/Madam, i was awarded the scholarship shown on my portal, but I have not received any update on the disbursement schedule yet. Awaiting your response.",Scholarship,Medium
PR-1248,When do scholarship applications usually open for a new batch? Kindly advise.,Scholarship,Low
TCK-0360,"I paid my semester fee of Rs. 22,000 via JazzCash on 25 July 2026 and the amount has been deducted from my account, but the portal still shows the challan as 'Expired'/'Pending'. Kindly verify from the bank ledger urgently. Roll No: S25BMPHIL5M6183",Fee & Challan,High
PR-1229,Kindly note: How can I apply for degree collection once it's ready? Kindly advise.,Degree,Low
PR-1100,"Sir, i need an official letter of recommendation urgently for a scholarship application closing by tomorrow morning, and my department has not responded to my request from a couple of days ago.",Other,High
PR-0753,Kindly note: What is the recommended word count for a thesis final draft?,Thesis,Low
PR-0926,Could you confirm receipt of the documents I submitted for my degree equivalence certification? Regards.,Certificate / Verification,Medium
PR-1127,How can I download my transcript from the student portal? Awaiting your response.,Transcript,Low
PR-0388,"There is an unusual, time-sensitive situation affecting hundreds of students across multiple departments that doesn't fit any specific category, and it needs immediate institutional attention today. Thank you.",Other,Critical
PR-1245,"Sir, is there a way to change my profile picture on the portal, just curious about the option? Kindly help.",Profile Update,Low
PR-0187,"Sir, the thesis submission deadline is this week at midnight and the upload button has been completely non-functional for our entire batch since this afternoon. Awaiting your response.",Thesis,Critical
PR-0798,Is fee payable through mobile wallets or only through bank challan? Kindly help.,Fee & Challan,Low
TCK-0188,"I am filing an urgent complaint as my thesis defense scheduled for tomorrow is at risk of cancellation because the Directorate of Academics has, without explanation, still not cleared my eligibility despite it being confirmed complete two weeks ago. Roll No: F24BLLB3M6751",Complaint,Critical
PR-0371,"Respected Sir/Madam, my admission application fee was paid but the status still shows 'Pending Payment' on the portal. Kindly help.",Admission,Medium
PR-0963,"The elevator serving the examination hall has broken down, creating serious difficulty for students with mobility issues ahead of today's exam.",Infrastructure / Maintenance,High
PR-0739,Kindly note: How can I download my transcript from the student portal? Awaiting your response.,Transcript,Low
TCK-0046,Just want to know if past exam papers are available for practice.,Examination,Low
PR-0357,"Hi, my profile shows a completely wrong CNIC that is blocking my degree attestation submission, which is due at the HEC office within 24 hours, and I cannot correct it myself. Kindly help.",Profile Update,Critical
PR-0381,"Despite paying all dues on time, I have faced continuous delays across multiple offices regarding my final clearance, now jeopardizing my job joining date this week. Thank you.",Complaint,High
TCK-0109,"It is respectfully submitted that the telephone line of the Department of Physical Education & Sports Sciences, Khanpur Campus (Phone No. 066-2811298) is not functioning, and this is adversely affecting the ongoing admission campaign as applicants cannot reach us. Kindly repair urgently.",Infrastructure / Maintenance,High
PR-0254,"The profile update system has been completely inaccessible for the entire batch for two days, and our internship documents due this week require an updated profile printout.",Profile Update,Critical
PR-1114,"Respected Sir/Madam, there is an unusual, time-sensitive situation affecting hundreds of students across multiple departments that doesn't fit any specific category, and it needs immediate institutional attention in two days. Please look into this.",Other,Critical
PR-0749,"Respected Sir/Madam, my name on my degree does not match my CNIC due to a typo, and this mismatch is blocking my HEC attestation submission, which has a deadline tomorrow.",Name Correction,High
PR-0181,"Kindly note: A major water leakage has flooded part of the server room at Bahawalpur City Campus, threatening to permanently damage critical IT infrastructure for the whole university. Please look into this.",Infrastructure / Maintenance,Critical
PR-0872,"Sir, just wanted to confirm the general thesis submission format guidelines. Kindly advise.",Thesis,Low
PR-0981,"Dear concerned team, none of the 321 students in our batch can log in to the portal since last night, and within 24 hours is the final date for exam form submission with no extension announced. Thank you.",Account & Login,Critical
PR-1150,"Hi, is there a student club focused on photography that I could join?",Other,Low
TCK-0224,"I have a supply in Financial Accounting but the Course Repeat option does not show this subject on my portal, nor has a challan been generated. Kindly enable it. Roll No: S22BMBA4M5722",Course Registration,Medium
PR-0524,"Dear concerned team, the entire university portal has been completely down for all students and staff since last night, and tomorrow is the deadline for semester registration with no announced extension. Regards.",Portal Technical Issue,Critical
PR-0335,"Dear concerned team, do I need to visit in person for a name correction, or is there an online option available? Kindly help.",Name Correction,Low
TCK-0406,"Despite three attempts, the portal will not save my updated CNIC on my profile, and HEC needs this exact record to complete my degree attestation this week. Roll No: S22BBECON5M8633",Profile Update,High
TCK-0226,I have been awarded a compartment (F grade) in Chemistry despite being confident I attempted the paper correctly; I request urgent re-evaluation by a different examiner as this is affecting my scholarship eligibility. Roll No: S23BBSEEN6M3361,Examination,High
TCK-0007,"I want to join, please guide how.",Other,Low
TCK-0021,in my thiese section it shows error Missing CGPA: Please request your department's exam coordinator to calculate and update your CGPA. Missing Comprehensive Exam Date: Please contact your department's exam coordinator to record your comprehensive exam date.,Thesis,High
PR-0219,"Dear concerned team, how can I apply for degree collection once it's ready?",Degree,Low
TCK-0311,Sir mera 5th semester ka result portal pr show nahi ho raha. Roll no S22BBAGRI1M2588. Kindly update karain.,Result,Medium
TCK-0075,Kindly guide me on the process to apply for a bonafide certificate for my sibling's visa sponsorship documents. Roll No: F23BBPESS2M3248,Other,Medium
PR-1039,"Hi, could you update my thesis supervisor's details on the portal, as they were assigned over a week ago but not reflected yet? Regards.",Thesis,Medium
PR-0011,My educational records are not reflected in my profile despite attaching verified transcripts almost two weeks ago.,Profile Update,Medium
PR-1576,"Respected Sir/Madam, how can I download my transcript from the student portal? Thank you.",Transcript,Low
PR-1194,"Respected Sir/Madam, how do I log out of the portal properly on a shared computer?",Account & Login,Low
PR-0021,"Hi, my account has been completely locked for about a week after a failed password reset, and I am unable to submit my thesis-related forms before the deadline tomorrow.",Account & Login,High
PR-0405,"Dear concerned team, my HEC degree attestation application has been stuck pending university verification for about a week, and my attestation appointment is tomorrow.",Certificate / Verification,High
PR-1550,"Dear concerned team, the elevator serving the examination hall has broken down, creating serious difficulty for students with mobility issues ahead of this week's exam. Regards.",Infrastructure / Maintenance,High
PR-0318,When does the admission form submission usually open for the next intake?,Admission,Low
PR-1132,"Hi, my comprehensive exam date is missing from my record; could this be updated so I can proceed with the next steps? Kindly advise.",Examination,Medium
PR-0533,"Hi, is there a student club focused on photography that I could join? Awaiting your response.",Other,Low
TCK-0267,Transcript kab tak mil jaye ga? Bs pochna tha.,Transcript,Low
PR-1544,Kindly note: Has the result declaration date been finalized yet for this semester? Awaiting your response.,Result,Low
PR-0835,"Dear concerned team, my login access to a system I need for essential work was suddenly revoked, and I have a task depending on it due this week. Please look into this.",Account & Login,High
PR-0096,Kindly note: There is a spelling mistake in my name on my student portal record; my correct name is Imran Sarwar. Could this be corrected? Kindly advise.,Name Correction,Medium
PR-1382,"Could you update my thesis supervisor's details on the portal, as they were assigned almost two weeks ago but not reflected yet? Regards.",Thesis,Medium
PR-1496,My examination is scheduled to start in less than an hour and the admit card generation system has been down for our entire session since early this morning.,Examination,Critical
PR-0540,"Dear concerned team, could you update my thesis supervisor's details on the portal, as they were assigned almost two weeks ago but not reflected yet? Regards.",Thesis,Medium
PR-1434,"Respected Sir/Madam, my admission abroad will be cancelled in two days unless my degree name matches my passport exactly, and the correction request has been pending for several months despite the urgency I flagged. Awaiting your response.",Name Correction,Critical
TCK-0042,Kindly update my bank account details in the payroll system as my old account has been closed.,Employee Services,Medium
PR-1547,"Hi, my educational records are not reflected in my profile despite attaching verified transcripts a couple of days ago. Please look into this.",Profile Update,Medium
PR-0614,"Sir, the profile update system has been completely inaccessible for the entire batch for two days, and our internship documents due tomorrow require an updated profile printout.",Profile Update,Critical
PR-0504,How can I change the spelling of my name on my student ID card?,Name Correction,Low
TCK-0207,"Despite completing all dues, my clearance form has remained stuck at the Accounts Office stage for a few days, blocking my final transcript and degree processing. Roll No: S24BBAGRI7M2988",Clearance,High
PR-0310,"Dear concerned team, what is the usual format of the mid-term examination?",Examination,Low
PR-1523,My 4th semester result is not showing on the portal even though the declaration date has passed.,Result,Medium
PR-0562,"Hi, when do scholarship applications usually open for a new batch? Kindly advise.",Scholarship,Low
PR-0311,The notification bell on my dashboard shows a count but clicking it does not open any notifications. Thank you.,Portal Technical Issue,Medium
PR-1353,"I keep getting logged out mid-way while submitting a required form, and I've now failed to submit it three times with the deadline being by tomorrow morning. Please look into this.",Account & Login,High
PR-0878,"Sir, my name on my degree does not match my CNIC due to a typo, and this mismatch is blocking my HEC attestation submission, which has a deadline today.",Name Correction,High
PR-0466,"Hi, i keep getting logged out mid-way while submitting a required form, and I've now failed to submit it three times with the deadline being in two days. Awaiting your response.",Account & Login,High
PR-0575,When does the admission form submission usually open for the next intake? Regards.,Admission,Low
PR-0542,"Hi, could a water cooler be installed near the IT Department? Just a small suggestion. Kindly help.",Infrastructure / Maintenance,Low
PR-0637,"Hi, when is the next semester result usually announced?",Result,Low
PR-0317,"Hi, the fire alarm system across the entire Rahim Yar Khan Campus hostel block has stopped working, posing a serious safety risk to every resident student right now. Awaiting your response.",Infrastructure / Maintenance,Critical
PR-0964,"Dear concerned team, i accidentally generated a combined fee voucher for two subjects; could this be split into separate vouchers? Thank you.",Fee & Challan,Medium
PR-0106,"Sir, i am escalating a critical complaint on behalf of my entire batch — none of our clearance requests have been processed for over a month, and our convocation, requiring proof of clearance, is by Friday. Thank you.",Complaint,Critical
PR-0485,Course registration closes at midnight by tomorrow morning and the registration module has been throwing an error for every single student in my batch since this morning. Kindly advise.,Course Registration,Critical
TCK-0208,"Request for repair of the projector in the Department of Law lecture hall, Baghdad-ul-Jadeed Campus, which has not been working for two weeks.",Infrastructure / Maintenance,Medium
PR-1145,Is fee payable through mobile wallets or only through bank challan? Please look into this.,Fee & Challan,Low
PR-0407,"I am unable to log in even with the correct credentials; it shows 'Invalid Username or Password' repeatedly, though I can still access things from my phone as a workaround. Kindly help.",Account & Login,Medium
PR-0846,"Several months of ticket records and attached documents appear to have been permanently deleted from the system overnight with no backup available, affecting hundreds of open cases. Awaiting your response.",Portal Technical Issue,Critical
PR-0516,"Sir, i'd like to request re-generation of my degree fee challan as it was created under the wrong fee category.",Degree,Medium
PR-1428,"Hi, i keep getting logged out mid-way while submitting a required form, and I've now failed to submit it three times with the deadline being by tomorrow morning.",Account & Login,High
PR-0235,"Sir, i would like to know how to request a change of campus from Khanpur Campus to another campus. Regards.",Other,Medium
TCK-0474,My scholarship was suddenly cancelled without notice and I have no funds to pay today's fee deadline; if I don't pay today I will be dropped from the semester entirely. Roll No: F23BBPESS2M2771,Scholarship,Critical
TCK-0469,asslam o Alaikum I hope you are doing well sir Meri degree ab complete huai ha pr mujh sa by mistake Clearance ka 4th semester ma apply hu gaya tha kindly Mera clearance form update kr da ta ka ma clearance ka Liya kr sako aur degree lay sako I'd card no. 3110371944313 Roll no. F22BAGRI1M01053 JazakAllah,Clearance,High
TCK-0044,I would like to know the procedure to apply for a change of campus from Khanpur Campus to another campus. Roll No: F24BBAGRI7M9394,Other,Medium
PR-1012,"Sir, my transcript request has been pending for almost two weeks despite the fee being paid, and I need it for a scholarship submission by Friday.",Transcript,High
PR-0954,"Sir, how many credit hours can I generally register for in a normal semester? Awaiting your response.",Course Registration,Low
PR-1405,Just wanted to confirm the general examination fee amount for this term. Kindly advise.,Examination,Low
PR-1167,"I have a visa interview tomorrow morning and the embassy has specifically asked for my original transcript, which I still do not have despite requesting it almost two weeks ago.",Transcript,Critical
TCK-0153,Several ceiling fans in the Baghdad-ul-Jadeed Campus hostel common room are not working; kindly arrange repair.,Infrastructure / Maintenance,Medium
TCK-0118,"This is an urgent complaint that my case file appears to have been lost by the Directorate of Academics, with no record found of my clearance submission from nearly two months ago. Roll No: F24BBSEEN2M5477",Complaint,High
TCK-0371,"The entire MyIUB portal has been completely down for all students and staff since last night, and today is the deadline for semester registration with no announced extension.",Portal Technical Issue,Critical
PR-0414,"My account has been completely locked for a couple of days after a failed password reset, and I am unable to submit my thesis-related forms before the deadline within 24 hours. Awaiting your response.",Account & Login,High
PR-0783,"There is an unusual, time-sensitive situation affecting hundreds of students across multiple departments that doesn't fit any specific category, and it needs immediate institutional attention within 24 hours.",Other,Critical
PR-1271,"Dear concerned team, could a water cooler be installed near the Directorate of Academics? Just a small suggestion. Please look into this.",Infrastructure / Maintenance,Low
PR-0482,"Kindly note: Is there a way to change my profile picture on the portal, just curious about the option?",Profile Update,Low
PR-1101,"Sir, my degree verification request from a foreign employer has been pending response for several weeks, and my job offer is contingent on it being completed by within 24 hours. Kindly help.",Certificate / Verification,High
PR-1419,"Dear concerned team, my degree application shows 'Submitted' status even though I paid the challan a couple of days ago, and I would like to know if this is normal processing time.",Degree,Medium
PR-1512,"Respected Sir/Madam, the examination portal has completely gone down while the final exam is currently being conducted live for hundreds of students, and no backup arrangement has been announced. Awaiting your response.",Examination,Critical
PR-0502,Kindly note: Just wanted to confirm the general examination fee amount for this term. Kindly help.,Examination,Low
PR-1413,"Hi, what is the recommended word count for a thesis final draft? Kindly advise.",Thesis,Low
PR-0341,"My credit transfer approval, required within 24 hours to secure my admission abroad before their deadline expires, has still not been processed despite three urgent escalations this week.",Other,Critical
TCK-0407,Minor issue: the dashboard icons overlap slightly on my screen.,Portal Technical Issue,Low
PR-0911,"Dear concerned team, i would like to raise a complaint about receiving conflicting information from two different staff members regarding the same issue. Please look into this.",Complaint,Medium
PR-1105,I need my final transcript urgently as I am applying for a Master's program abroad and the application portal closes by Friday. Awaiting your response.,Transcript,High
PR-1087,"Sir, is it possible to link two of my accounts together, or should I just keep using them separately? Kindly help.",Account & Login,Low
PR-1266,Just wanted to confirm the standard leave application process for staff. Regards.,Employee Services,Low
PR-0113,"Sir, i have a supply in English Composition but the Course Repeat option does not show this subject; could it be enabled? Thank you.",Course Registration,Medium
PR-0869,My 6th semester result is not showing on the portal even though the declaration date has passed.,Result,Medium
TCK-0293,"The fire alarm system across the Khanpur Campus hostel block has stopped working entirely, posing a serious safety risk to all resident students. Immediate repair is requested.",Infrastructure / Maintenance,Critical
TCK-0220,I have to apply for MS admission at NDU Islamabad. Today is last date to apply. I need my transcript for the admission process. Without final transcript admission will be cancelled. Kindly give me my final transcript today.,Transcript,Critical
PR-0544,"The fee payment gateway on the portal is throwing a fatal error for every single student today, which is the last date for semester fee submission without penalty. Kindly help.",Portal Technical Issue,Critical
PR-1029,"Respected Sir/Madam, just a minor suggestion: the response templates could be a bit more personalized, nothing urgent.",Complaint,Low
PR-1151,"My scholarship-covered fee challan is still showing unpaid even though the scholarship office confirmed disbursement almost two weeks ago, and a late fee surcharge starts today.",Fee & Challan,High
PR-0910,"I have a visa interview in two days and the embassy has specifically asked for my original transcript, which I still do not have despite requesting it a couple of days ago.",Transcript,Critical
PR-1336,"Sir, my admission application fee was paid but the status still shows 'Pending Payment' on the portal. Thank you.",Admission,Medium
PR-0209,My comprehensive exam date is missing from my record; could this be updated so I can proceed with the next steps? Thank you.,Examination,Medium
PR-0938,"Dear concerned team, my educational records are not reflected in my profile despite attaching verified transcripts a couple of days ago.",Profile Update,Medium
PR-1406,"I am formally complaining about a delay of several months in processing my transcript request despite multiple follow-ups, and I now have a hard deadline within 24 hours. Kindly advise.",Complaint,High
PR-1573,"I need an official letter of recommendation urgently for a scholarship application closing tomorrow, and my department has not responded to my request from almost two weeks ago. Awaiting your response.",Other,High
PR-0455,"My name mismatch between my degree and CNIC is the sole reason my HEC attestation, required in two days for a visa appointment, has been rejected.",Name Correction,Critical
PR-1237,"Kindly note: I am formally complaining about a delay of more than two months in processing my clearance request despite multiple follow-ups, and I now have a hard deadline by Friday. Awaiting your response.",Complaint,High
PR-0088,"Is there a mobile app version of the portal available, just curious? Awaiting your response.",Portal Technical Issue,Low
PR-0986,"Respected Sir/Madam, our entire class's clearance requests have been frozen due to a system error, blocking all 216 of us from collecting our degrees before tomorrow's convocation. Please look into this.",Clearance,Critical
PR-0193,"The main student database appears to be corrupted, and records for an entire batch of 367 students are showing blank or missing fields across every module. Regards.",Portal Technical Issue,Critical
PR-0660,"Dear concerned team, what is the admission fee structure for MBA?",Admission,Low
PR-0422,How can employees generally check their leave balance? Regards.,Employee Services,Low
TCK-0345,"i uploaded someones other documents by mistake ,please remove them so i can upload mine",Profile Update,Medium
PR-1414,"Despite paying all dues on time, I have faced continuous delays across multiple offices regarding my final clearance, now jeopardizing my job joining date in two days. Regards.",Complaint,High
TCK-0454,Show nhi ho Raha h,Result,Low
TCK-0284,"Sir how can I apply for degree collection, please guide.",Degree,Low
PR-0755,"My thesis submission is blocked on the portal due to a missing field error, and my defense is scheduled tomorrow.",Thesis,High
PR-0122,"My credit transfer approval, required tomorrow to secure my admission abroad before their deadline expires, has still not been processed despite three urgent escalations this week.",Other,Critical
PR-0225,My department clearance is approved but the library clearance section still shows pending despite no outstanding books.,Clearance,Medium
TCK-0399,I would like to know if my scholarship covers hostel fee as well or only tuition fee. Roll No: F23BMBA3M4335,Scholarship,Medium
PR-1497,"Hi, my admission offer will be automatically cancelled at midnight tomorrow if I do not submit my documents, but the document upload portal is showing a server error for every applicant right now. Please look into this.",Admission,Critical
PR-0510,"Sir, the main student database appears to be corrupted, and records for an entire batch of 397 students are showing blank or missing fields across every module. Please look into this.",Portal Technical Issue,Critical
PR-0934,"Respected Sir/Madam, my registration hold has still not been cleared despite clearing all dues weeks ago, and this week is the absolute last day to register, after which I will lose the entire semester. Awaiting your response.",Course Registration,Critical
PR-0373,"Dear concerned team, my middle name is missing from my official university record though it appears correctly on my CNIC. Kindly help.",Name Correction,Medium
TCK-0290,"Despite completing all dues, my clearance form has remained stuck at the Accounts Office stage for more than 20 days, blocking my final transcript and degree processing. Roll No: S22BBAGRI2M1090",Clearance,High
PR-0943,"Hi, i accidentally generated a combined fee voucher for two subjects; could this be split into separate vouchers? Awaiting your response.",Fee & Challan,Medium
PR-0081,My comprehensive exam date is missing from my record; could this be updated so I can proceed with the next steps?,Examination,Medium
PR-0438,"Sir, i accidentally generated a combined fee voucher for two subjects; could this be split into separate vouchers? Awaiting your response.",Fee & Challan,Medium
PR-1347,"Sir, how do I log out of the portal properly on a shared computer? Awaiting your response.",Account & Login,Low
PR-1366,"Dear concerned team, how can I generate a new fee challan for the semester? Please look into this.",Fee & Challan,Low
TCK-0464,Just want to know if I can register for an elective from another department.,Course Registration,Low
PR-0634,"Kindly note: My salary has not been credited for almost two weeks despite my department confirming approval, and I need this urgently to cover overdue expenses due today. Thank you.",Employee Services,High
PR-1483,"Hi, i'd like to request re-generation of my degree fee challan as it was created under the wrong fee category. Regards.",Degree,Medium
PR-1454,"Sir, i am escalating a critical complaint on behalf of my entire batch — none of our clearance requests have been processed for nearly two months, and our convocation, requiring proof of clearance, is in two days. Please look into this.",Complaint,Critical
PR-1004,"Respected Sir/Madam, my admission at a foreign university will be cancelled if I do not submit my original transcript by by tomorrow morning, and the transcript office has not responded to my repeated requests. Regards.",Transcript,Critical
TCK-0448,I want to join,Other,Low
PR-0796,"The fee payment gateway on the portal is throwing a fatal error for every single student today, which is the last date for semester fee submission without penalty. Please look into this.",Portal Technical Issue,Critical
PR-0877,Kindly note: My thesis file was rejected by the portal for an unspecified reason and the resubmission deadline is tomorrow. Awaiting your response.,Thesis,High
PR-0293,"Kindly note: I keep getting logged out mid-way while submitting a required form, and I've now failed to submit it three times with the deadline being by tomorrow morning. Regards.",Account & Login,High
PR-1403,"My HEC degree attestation application has been stuck pending university verification for almost two weeks, and my attestation appointment is by Friday. Thank you.",Certificate / Verification,High
PR-0782,"Is there a mobile app version of the portal available, just curious? Kindly advise.",Portal Technical Issue,Low
TCK-0205,"My degree application submitted on 18 July 2026 still shows pending review. Kindly confirm expected completion date. Name: Rabia Anjum, Roll No: F22BBMEDS1M5315",Degree,Medium
TCK-0076,My vocher already paid my transcript is not show,Transcript,Medium
PR-0680,"Kindly note: My account has been completely locked for a couple of days after a failed password reset, and I am unable to submit my thesis-related forms before the deadline by tomorrow morning. Regards.",Account & Login,High
TCK-0194,My repeat course result for Statistics has not been updated yet. Roll No: S22BBELEN4M1887,Result,Medium
PR-0427,"Kindly note: How can I request a bonafide certificate in general, just for future reference?",Certificate / Verification,Low
PR-1263,"Respected Sir/Madam, my thesis defense is this week and the portal will not let me download my approved supervisor sign-off, without which the committee will not allow me to defend.",Thesis,Critical
PR-0622,"Sir, i would like to know how to request a change of campus from Rahim Yar Khan Campus to another campus. Please look into this.",Other,Medium
PR-0735,"Respected Sir/Madam, my leave of absence request for a medical situation has not been approved yet, and my semester fee deadline, which depends on this approval, is in two days. Thank you.",Other,High
PR-1288,"Kindly note: My scholarship-covered fee challan is still showing unpaid even though the scholarship office confirmed disbursement about a week ago, and a late fee surcharge starts by tomorrow morning. Awaiting your response.",Fee & Challan,High
PR-1492,Kindly note: Has the result declaration date been finalized yet for this semester? Thank you.,Result,Low
PR-0013,"I paid my urgent degree processing fee of Rs. 8,000 but the transaction has completely vanished from both my bank statement and the portal, and my visa appointment is tomorrow. Thank you.",Fee & Challan,Critical
PR-0852,"Sir, i would like to get my 'Microbiology' exam paper rechecked as I believe there may be a marking error. Kindly help.",Examination,Medium
PR-0333,"Respected Sir/Madam, i would like to raise a complaint about receiving conflicting information from two different staff members regarding the same issue. Awaiting your response.",Complaint,Medium
PR-0394,"The portal keeps logging me into an authentication error whenever I try to access my dashboard, and I have a form to submit before tomorrow.",Portal Technical Issue,High
PR-0247,Could you correct my program preference on my admission application from MPhil Software Engineering to PhD Management Sciences? Awaiting your response.,Admission,Medium
PR-0668,"My leave of absence request for a medical situation has not been approved yet, and my semester fee deadline, which depends on this approval, is by Friday.",Other,High
PR-0348,My semester fee challan is not showing on the portal; could you help me generate it so I can pay before the due date? Thank you.,Fee & Challan,Medium
PR-1276,"My professional profile still shows outdated information even though I updated it a couple of days ago, and a scholarship committee is reviewing my profile today.",Profile Update,High
PR-0997,"My thesis submission is blocked on the portal due to a missing field error, and my defense is scheduled by Friday. Kindly advise.",Thesis,High
TCK-0414,"Respected Sir/Madam, I respectfully request a review of my examination papers. I am fully confident that my exams went well, and I strongly believe that my papers may not have been checked properly. I have noticed that my marks are lower than expected in almost every subject. Furthermore, there appears to be a discrepancy between my award list and my final result. For example, my award list shows 11.1 quality points, whereas my final result shows only 8.7 quality points. Similar discrepancies appear in other subjects as well. I am especially concerned about my ICT subject, in which I have been awarded a compartment (F grade). I am 110% confident that I attempted the paper properly and answered the questions to the best of my knowledge. I strongly believe that I should not have received a compartment in this subject. Therefore, I kindly request that my ICT paper be re-evaluated by a different teacher, and that the marks in my other subjects also be reviewed and corrected if any errors are found. I would be very grateful for your kind consideration and assistance. Thank you. This version is suitable for submitting to your university's examination department or Head of Department.",Examination,Medium
TCK-0043,"I am filing an urgent complaint that my degree, required tomorrow for a visa interview, has been stuck for about a week due to what appears to be an internal miscommunication between two offices, neither of which will take responsibility. Roll No: F22BMPHIL6M7566",Complaint,Critical
PR-0014,"Hi, my comprehensive exam date is missing from my record; could this be updated so I can proceed with the next steps? Thank you.",Examination,Medium
PR-0546,"Hi, the payroll system for the entire faculty has failed this cycle and salaries have not been disbursed to anyone, with rent and utility deadlines due this week for many staff members.",Employee Services,Critical
PR-1324,"I am filing an urgent complaint that despite an official refund approval of Rs. 7,200 on record, the accounts office has still not released the funds, and I cannot pay tomorrow's non-negotiable admission deadline fee without it.",Complaint,Critical
PR-0780,"Respected Sir/Madam, how can I generate a new fee challan for the semester?",Fee & Challan,Low
PR-0057,"Dear concerned team, has the result declaration date been finalized yet for this semester? Awaiting your response.",Result,Low
TCK-0312,Can a water cooler be installed near the Department of Economics building?,Infrastructure / Maintenance,Low
PR-1517,"Sir, the fee voucher module of the portal has been throwing a server error for over a week, and I cannot proceed with a task due this week. Please look into this.",Portal Technical Issue,High
TCK-0112,I have applied for adjustment of MS allowance arrears against an excess amount deducted from my salary. Kindly confirm if any further information is required. Contact: 0348678896,Employee Services,Medium
PR-0707,"Respected Sir/Madam, the fee payment gateway on the portal is throwing a fatal error for every single student today, which is the last date for semester fee submission without penalty.",Portal Technical Issue,Critical
TCK-0446,Kindly issue my examination admit card as it is not showing on the portal yet. Roll No: S22BBSMATH4M8736,Examination,Medium
TCK-0091,"My entire class's clearance requests have been frozen due to a system error, blocking all of us from collecting our degrees before tomorrow's convocation deadline. LLB (5 Years)",Clearance,Critical
PR-1342,"A major water leakage has flooded part of the server room at Rahim Yar Khan Campus, threatening to permanently damage critical IT infrastructure for the whole university. Thank you.",Infrastructure / Maintenance,Critical
TCK-0294,Just checking whether certificates can be collected by a family member on my behalf.,Certificate / Verification,Low
PR-0733,"My admission abroad will be cancelled within 24 hours unless I submit my original degree, and it has been stuck in processing for several months despite paying the urgent fee. Awaiting your response.",Degree,Critical
PR-0704,"I paid my semester fee of Rs. 26,400 on over a week ago and the amount was deducted from my account, but the portal still shows the challan as unpaid, and the late fee deadline is this week. Awaiting your response.",Fee & Challan,High
PR-0721,"Hi, could you update my bank account details in the payroll system, as my old account has been closed?",Employee Services,Medium
PR-0037,"Dear concerned team, my salary has not been credited for over a week despite my department confirming approval, and I need this urgently to cover overdue expenses due by tomorrow morning. Awaiting your response.",Employee Services,High
TCK-0470,i paid my repeated subjevt fee challan by jazzcash Qr fode scan to pay but still system show pending,Fee & Challan,High
PR-0439,"Hi, my clearance was rejected without any specified reason, and this is now delaying my degree collection needed for a job joining date within 24 hours.",Clearance,High
PR-1331,"My salary has not been credited for a couple of days despite my department confirming approval, and I need this urgently to cover overdue expenses due this week. Awaiting your response.",Employee Services,High
TCK-0189,"Respected Sir/Madam, I submitted my original transcript for verification on 18 July 2026 but there has been no update for nearly two months. I need it urgently as it is my only original copy. Name: Zainab Fatima, Roll No: S25BPHD2M9751, MBA.",Transcript,High
PR-0810,Kindly note: I accidentally generated a combined fee voucher for two subjects; could this be split into separate vouchers? Thank you.,Fee & Challan,Medium
PR-1479,"My repeat subject fee challan has not been generated even though the subject shows as failed on my result, and course registration closes in two days. Kindly help.",Course Registration,High
PR-0927,"I have a visa interview by Friday and my experience certificate, promised for today, has still not been issued despite multiple follow-ups all week.",Employee Services,Critical
PR-0844,"Dear concerned team, how can I request a bonafide certificate in general, just for future reference? Kindly help.",Certificate / Verification,Low
PR-0957,"Kindly note: My embassy visa interview is scheduled for the day after tomorrow and they require my original degree as mandatory proof, which has still not been issued.",Degree,Critical
PR-1466,My scholarship was suddenly cancelled without any notice and I have no funds to pay within 24 hours's fee deadline; if I don't pay today I will be dropped from the semester entirely. Kindly help.,Scholarship,Critical
PR-0494,"Dear concerned team, what is the recommended word count for a thesis final draft? Regards.",Thesis,Low
PR-0370,"Sir, i have already submitted my thesis but I am unable to check the current status because it shows a missing registration number error.",Thesis,Medium
PR-1486,"Dear concerned team, i keep getting logged out mid-way while submitting a required form, and I've now failed to submit it three times with the deadline being by tomorrow morning. Regards.",Account & Login,High
PR-0791,"Sir, my 6th semester result is not showing on the portal even though the declaration date has passed.",Result,Medium
PR-1251,Kindly note: How can employees generally check their leave balance? Awaiting your response.,Employee Services,Low
TCK-0138,Just want to know if certificate attestation is done on-campus or needs to go to HEC directly.,Certificate / Verification,Low
PR-0274,"Dear concerned team, what is the process to request an official transcript copy in general? Please look into this.",Transcript,Low
PR-0315,"Hi, my degree application shows 'Submitted' status even though I paid the challan almost two weeks ago, and I would like to know if this is normal processing time.",Degree,Medium
PR-0313,"Respected Sir/Madam, the examination portal has completely gone down while the final exam is currently being conducted live for hundreds of students, and no backup arrangement has been announced. Regards.",Examination,Critical
PR-0058,I would like to raise a complaint about receiving conflicting information from two different staff members regarding the same issue.,Complaint,Medium
PR-0322,"Respected Sir/Madam, small feedback: the waiting area could use a bit more seating, just a general comment. Please look into this.",Complaint,Low
PR-1557,"My degree application shows 'Submitted' status even though I paid the challan a couple of days ago, and I would like to know if this is normal processing time.",Degree,Medium
PR-0815,The projector in the the HR Office lecture hall at Bahawalpur City Campus has not been working for a couple of weeks; could this be repaired? Kindly advise.,Infrastructure / Maintenance,Medium
PR-0261,"Sir, could a dark mode option be added to the profile page? It would be a nice addition. Please look into this.",Profile Update,Low
TCK-0017,"My name on the university portal is listed as Hina S, but my official CNIC name is different. Kindly correct my name on the portal. Roll No: F20BMPHIL2M4908",Name Correction,Medium
PR-1244,"Sir, i am filing an urgent complaint that despite an official refund approval of Rs. 9,600 on record, the accounts office has still not released the funds, and I cannot pay within 24 hours's non-negotiable admission deadline fee without it. Please look into this.",Complaint,Critical
PR-0404,"Respected Sir/Madam, just wondering if I can register for an elective from a different department.",Course Registration,Low
PR-0432,"Kindly note: Today is the absolute last date for admission fee submission for MBA, and the online payment gateway has been down since this morning for every single applicant on the merit list. Kindly advise.",Admission,Critical
PR-1369,The Wi-Fi router in one of the blocks has been intermittent for several days; could it be checked? Kindly help.,Infrastructure / Maintenance,Medium
PR-1158,"Sir, i would like to raise a complaint about receiving conflicting information from two different staff members regarding the same issue. Kindly help.",Complaint,Medium
PR-0075,Kindly note: Just wanted to confirm the standard leave application process for staff.,Employee Services,Low
TCK-0177,"My name on my degree does not match my CNIC due to a typo, and this mismatch is now blocking my HEC attestation submission which has a deadline this week. Roll No: S25BMBA7M4978",Name Correction,High
PR-0017,"Sir, i accidentally generated a combined fee voucher for two subjects; could this be split into separate vouchers? Thank you.",Fee & Challan,Medium
TCK-0453,"I keep getting logged out mid-way while filling a long form on the portal, losing all my entered data. Roll No: F21BBSIT2M4457",Portal Technical Issue,Medium
PR-1172,"Hi, my clearance is the only thing standing between me and graduation, and my scholarship abroad requires proof of graduation by within 24 hours, but the Directorate of Academics has gone completely silent. Kindly advise.",Clearance,Critical
TCK-0227,My educational records (MS and MPhil degrees) are not reflected in my profile despite attaching verified transcripts. Kindly update. Name: Adnan Rasheed,Profile Update,Medium
PR-0444,"Respected Sir/Madam, what is the normal degree processing time for BS Statistics graduates? Please look into this.",Degree,Low
PR-1321,"Respected Sir/Madam, what is the eligibility criteria for the merit-based scholarship? Kindly advise.",Scholarship,Low
TCK-0142,"My visa application will be rejected if I do not submit a verified degree equivalence certificate by end of day today, and the university verification office has not responded to my urgent requests. Roll No: S22BBSCS2M1742",Certificate / Verification,Critical
PR-0175,I need my final transcript urgently as I am applying for a Master's program abroad and the application portal closes today. Please look into this.,Transcript,High
TCK-0159,Sir I submitted my degree application form but have not received any confirmation email. Please confirm receipt. Roll No: F24BBSIT6M6573,Degree,Medium
PR-1108,"Sir, my admission abroad will be cancelled by Friday unless I submit my original degree, and it has been stuck in processing for over a month despite paying the urgent fee. Awaiting your response.",Degree,Critical
PR-1505,Could you correct my program preference on my admission application from LLB (5 Years) to MBA?,Admission,Medium
PR-0114,"Sir, the clearance module of the portal has been throwing a server error for over a week, and I cannot proceed with a task due tomorrow. Kindly help.",Portal Technical Issue,High
TCK-0249,"There isn't any option to change our picture. The picture we click while getting admission is not so good and sometimes due to rush at admission cell, the picture clicked isn't so good. Can you please add a feature to upload a new picture from the MyIUB ?? Further, the exact same picture that is clicked on admission time is displayed on the student card which looks odd when we print out our cards. So in order to handle that as well. Can you please enable a student to upload his picture through the MyIUB ??",Profile Update,Low
PR-0042,"Dear concerned team, the entire university portal has been completely down for all students and staff since last night, and by Friday is the deadline for semester registration with no announced extension.",Portal Technical Issue,Critical
PR-0845,"Sir, the entire university portal has been completely down for all students and staff since last night, and by Friday is the deadline for semester registration with no announced extension. Kindly advise.",Portal Technical Issue,Critical
PR-0087,"Sir, several months of ticket records and attached documents appear to have been permanently deleted from the system overnight with no backup available, affecting hundreds of open cases. Kindly help.",Portal Technical Issue,Critical
TCK-0359,"My name on my degree does not match my CNIC due to a typo, and this mismatch is now blocking my HEC attestation submission which has a deadline this week. Roll No: F24BBSMATH6M2983",Name Correction,High
PR-0036,"Hi, i want to complain that my previous ticket was closed without any resolution or explanation; could it be reopened?",Complaint,Medium
PR-0860,I am unable to update my biography and professional links on my profile page; the save button does not seem to work. Awaiting your response.,Profile Update,Medium
PR-1234,"Dear concerned team, i would like to raise a complaint about receiving conflicting information from two different staff members regarding the same issue. Thank you.",Complaint,Medium
PR-1178,"Respected Sir/Madam, the projector in the the Admissions Office lecture hall at Bahawalpur City Campus has not been working for a couple of weeks; could this be repaired? Regards.",Infrastructure / Maintenance,Medium
TCK-0279,I have applied for my MS allowance with adjustment of its arriers against the excess amount being deducted from my salary.. You are requested to please let me know in case any further information required. 03216810025,Employee Services,Medium
PR-0094,The notification bell on my dashboard shows a count but clicking it does not open any notifications. Kindly advise.,Portal Technical Issue,Medium
TCK-0013,"My provident fund withdrawal request, submitted for a medical emergency, has been pending approval for about a week with no update.",Employee Services,High
PR-1074,"Sir, my HEC degree attestation application has been stuck pending university verification for about a week, and my attestation appointment is in two days.",Certificate / Verification,High
PR-1435,"Sir, could you confirm the status of my scholarship application submitted over a week ago? Please look into this.",Scholarship,Medium
PR-0952,There is a spelling mistake in my name on my student portal record; my correct name is Danish Ali. Could this be corrected?,Name Correction,Medium
PR-1118,"Hi, i paid my urgent degree processing fee of Rs. 9,600 but the transaction has completely vanished from both my bank statement and the portal, and my visa appointment is this week. Kindly advise.",Fee & Challan,Critical
PR-0471,"Respected Sir/Madam, my visa application will be rejected if I do not submit a verified degree equivalence certificate by this week, and the verification office has stopped responding entirely. Kindly help.",Certificate / Verification,Critical
TCK-0001,"My uploaded thesis file keeps getting corrupted after upload and cannot be opened by the reviewing faculty, delaying my submission close to the deadline. Roll No: S23BBSCS4M5982",Portal Technical Issue,High
TCK-0232,"My MyIUB account has been completely locked for two weeks after a failed password reset, and I am unable to submit my thesis-related forms before the deadline this week. Roll No: F23BBECON2M5952",Account & Login,High
TCK-0274,I have applied for adjustment of MS allowance arrears against an excess amount deducted from my salary. Kindly confirm if any further information is required. Contact: 0316395999,Employee Services,Medium
PR-0679,"My transcript request has been pending for a couple of days despite the fee being paid, and I need it for a scholarship submission tomorrow. Thank you.",Transcript,High
TCK-0373,English proficiency letter,Other,Low
TCK-0323,"Despite three attempts, the portal will not save my updated CNIC on my profile, and HEC needs this exact record to complete my degree attestation this week. Roll No: S25BMBA1M7232",Profile Update,High
TCK-0283,"Saqlain Ahmad 1441 BSEEN 4th Sem 7M I wish to get my 'Computer Architecture & Assembly Language' exam paper Rechecked. I sincerely believe there has been some mistake, because this was a subject I prepared for. I prepared all the practical work as well. I did all the assignments & never missed a single class.",Examination,Medium
PR-0594,"Dear concerned team, by mistake I applied for clearance under the wrong semester; could my clearance be reset so I can reapply correctly?",Clearance,Medium
PR-0059,"Kindly note: I am filing an urgent complaint that despite an official refund approval of Rs. 12,000 on record, the accounts office has still not released the funds, and I cannot pay this week's non-negotiable admission deadline fee without it. Awaiting your response.",Complaint,Critical
TCK-0231,"I am writing on behalf of our entire batch of MBA HEC need-based scholarship recipients — the final installment has not been paid for over two years despite repeated complaints, and several of us are now unable to complete our clearance for graduation because of unpaid dues. Rahim Yar Khan Campus",Scholarship,Critical
PR-0044,Kindly note: Could you correct my program preference on my admission application from BS Physical Education & Sports Sciences to BS Computer Science?,Admission,Medium
PR-0686,"Kindly note: My leave of absence request for a medical situation has not been approved yet, and my semester fee deadline, which depends on this approval, is by tomorrow morning. Kindly help.",Other,High
PR-0131,"Hi, could you guide me on the process to apply for a semester leave of absence for personal reasons?",Other,Medium
PR-0574,"Sir, my thesis defense is within 24 hours and the portal will not let me download my approved supervisor sign-off, without which the committee will not allow me to defend. Thank you.",Thesis,Critical
PR-0793,Kindly note: What is the normal degree processing time for BS Mathematics graduates? Thank you.,Degree,Low
TCK-0102,"This is an urgent request: my medical emergency leave approval is required today, otherwise I will be marked absent for a critical examination happening in two hours. Roll No: F23BLLB7M6724",Other,Critical
PR-1120,"Sir, what is the normal degree processing time for BS Economics graduates? Regards.",Degree,Low
TCK-0191,"Sir mera account login nahi ho raha, password reset bhi kaam nahi kar raha. Roll no S23BPHD6M9041.",Account & Login,Medium
PR-0151,"Respected Sir/Madam, could you confirm the status of my scholarship application submitted over a week ago? Please look into this.",Scholarship,Medium
TCK-0037,"The result was announced on 1 july, i improved 3 subjects, Artificial intelligence, Architecture and FYP-I However Ai and Architecture have been verified/acknowledged on my transcript But FYP-I is yet to be verified and It’s been many days. I have been awarded a scholarship so i need an original transcript. Which i can’t get until my result is acknowledged Kindly please check and help me i am very stressed Name: Aadil Ali - Roll Number / Registration Number: S22BDOCS1M01022 - Department: BS Computer Science - Session: Spring 2022",Result,High
PR-0790,"Respected Sir/Madam, i am writing on behalf of the entire batch of BS Agriculture scholarship recipients — none of us have received our final installment for over two years, and several of us cannot complete clearance for graduation because of it.",Scholarship,Critical
PR-0556,"My name correction request has been pending for several weeks, and it is now blocking my degree printing needed before in two days. Please look into this.",Name Correction,High
TCK-0436,"The portal has repeatedly logged me into another student's account by mistake, exposing their private data and blocking my own access. Kindly fix urgently.",Portal Technical Issue,High
TCK-0116,My registered course list is missing one elective that I selected during registration week. Roll No: S24BBSEEN4M2442,Course Registration,Medium
PR-0207,"Dear concerned team, my result shows an F grade in English Composition that I'm confident is incorrect, and this is affecting my scholarship eligibility review scheduled by tomorrow morning. Please look into this.",Result,High
PR-1399,"I keep getting logged out mid-way while submitting a required form, and I've now failed to submit it three times with the deadline being by Friday. Kindly help.",Account & Login,High
TCK-0366,I am doing my MPhil and due to a domestic issue I want to freeze my current semester registration. Kindly guide me on the process.,Course Registration,Medium
TCK-0012,Please give me my transcript,Transcript,Low
TCK-0462,Kindly change my registered email address on my account as I no longer have access to the old one. Roll No: F23BBPESS6M7046,Account & Login,Medium
PR-1407,"My credit transfer approval, required within 24 hours to secure my admission abroad before their deadline expires, has still not been processed despite three urgent escalations this week. Please look into this.",Other,Critical
PR-0973,"Sir, my urgent degree application has been under 'review' for a couple of days even though I paid the urgent fee, and I need it for a job offer that requires verification by Friday. Awaiting your response.",Degree,High
PR-0147,"Respected Sir/Madam, i would like to know how to request a change of campus from Baghdad-ul-Jadeed Campus to another campus. Kindly advise.",Other,Medium
TCK-0103,"My admission has been put on hold because my HEC equivalence certificate has not been verified yet, and classes for MBA start this week. Kindly expedite verification urgently.",Admission,High
PR-0413,What is the eligibility criteria for the merit-based scholarship? Kindly help.,Scholarship,Low
TCK-0286,Kindly issue my examination admit card as it is not showing on the portal yet. Roll No: F20BBPESS6M5891,Examination,Medium
PR-0993,"Kindly note: There is a clear discrepancy between my award list and my final result on the portal for 4 subjects, and I need this corrected before my transcript request this week. Thank you.",Result,High
PR-1345,"The fee payment gateway on the portal is throwing a fatal error for every single student today, which is the last date for semester fee submission without penalty. Regards.",Portal Technical Issue,Critical
PR-0395,"The result module of the portal has been throwing a server error for about a week, and I cannot proceed with a task due today. Please look into this.",Portal Technical Issue,High
PR-0266,"Respected Sir/Madam, there is a spelling mistake in my name on my student portal record; my correct name is Imran Sarwar. Could this be corrected? Regards.",Name Correction,Medium
PR-1480,"Sir, the Wi-Fi router in one of the blocks has been intermittent for several days; could it be checked? Thank you.",Infrastructure / Maintenance,Medium
PR-0050,How can I generate a new fee challan for the semester?,Fee & Challan,Low
PR-0026,"Respected Sir/Madam, i am escalating a critical complaint on behalf of my entire batch — none of our clearance requests have been processed for more than two months, and our convocation, requiring proof of clearance, is by tomorrow morning. Regards.",Complaint,Critical
PR-1459,"Sir, i need an official letter of recommendation urgently for a scholarship application closing by Friday, and my department has not responded to my request from over a week ago. Regards.",Other,High
TCK-0200,"I need an official letter of recommendation urgently for a scholarship application closing in two days, and my department has not responded to my request submitted over a month ago. Roll No: S22BBDOCS1M7484",Other,High
PR-1082,"Dear concerned team, i was declared eligible on the merit list for BS Software Engineering but my admission fee challan is not generating, and within 24 hours is the last date to pay and confirm my seat. Thank you.",Admission,High
PR-0657,"My urgent degree application has been under 'review' for over a week even though I paid the urgent fee, and I need it for a job offer that requires verification tomorrow. Kindly help.",Degree,High
PR-0275,How many credit hours can I generally register for in a normal semester?,Course Registration,Low
TCK-0003,My semester fee unpaid chalan not shown on portal. Please resolve this issue for payment of remaining semester fees,Fee & Challan,Medium
PR-1154,"Is there a way to change my profile picture on the portal, just curious about the option? Kindly advise.",Profile Update,Low
PR-0605,"I have a visa interview in two days and my experience certificate, promised for today, has still not been issued despite multiple follow-ups all week. Awaiting your response.",Employee Services,Critical
PR-1222,"My transcript request submitted about a week ago is still pending, and I would like an update on the expected completion date. Thank you.",Transcript,Medium
TCK-0124,I have applied for adjustment of MS allowance arrears against an excess amount deducted from my salary. Kindly confirm if any further information is required. Contact: 0355684858,Employee Services,Medium
PR-0206,"Hi, what documents are generally required for the final clearance process?",Clearance,Low
PR-0994,"My admission at a foreign university will be cancelled if I do not submit my original transcript by in two days, and the transcript office has not responded to my repeated requests.",Transcript,Critical
TCK-0115,What is the last date for semester fee submission this term?,Fee & Challan,Low
PR-1509,"My transcript request has been pending for over a week despite the fee being paid, and I need it for a scholarship submission today. Please look into this.",Transcript,High
TCK-0082,Is the result declaration date fixed yet for this semester?,Result,Low
PR-0982,"Respected Sir/Madam, i forgot my portal password and the reset link is not sending an OTP to my registered email; is there another way to reset it?",Account & Login,Medium
PR-0065,"The result module of the portal has been throwing a server error for a couple of days, and I cannot proceed with a task due within 24 hours. Kindly advise.",Portal Technical Issue,High
PR-0012,"Kindly note: It has been several weeks since I completed my graduation and I still have not received my degree, which is now delaying a job I was set to start by Friday. Please look into this.",Degree,High
PR-0501,"Kindly note: There is a clear discrepancy between my award list and my final result on the portal for 4 subjects, and I need this corrected before my transcript request in two days. Thank you.",Result,High
PR-0723,"Sir, my embassy visa interview is scheduled for tomorrow and they require my original degree as mandatory proof, which has still not been issued. Awaiting your response.",Degree,Critical
PR-1514,"Dear concerned team, i need an official letter of recommendation urgently for a scholarship application closing this week, and my department has not responded to my request from a couple of days ago. Regards.",Other,High
PR-1494,Kindly note: What is the normal degree processing time for MS Electrical Power Engineering graduates? Kindly help.,Degree,Low
PR-1301,"Sir, could you guide me on the process to apply for a semester leave of absence for personal reasons? Kindly help.",Other,Medium
TCK-0078,"I paid my semester fee of Rs. 22,000 via JazzCash on 14 July 2026 and the amount has been deducted from my account, but the portal still shows the challan as 'Expired'/'Pending'. Kindly verify from the bank ledger urgently. Roll No: S22BBSCS5M5033",Fee & Challan,High
PR-1176,"My transcript request has been pending for about a week despite the fee being paid, and I need it for a scholarship submission today. Regards.",Transcript,High
PR-0191,One of my course results is missing from my transcript page while the rest are showing correctly. Thank you.,Result,Medium
PR-1323,"Hi, i forgot my portal password and the reset link is not sending an OTP to my registered email; is there another way to reset it? Please look into this.",Account & Login,Medium
PR-0353,"Dear concerned team, today is the absolute last date for admission fee submission for BS Physical Education & Sports Sciences, and the online payment gateway has been down since this morning for every single applicant on the merit list. Regards.",Admission,Critical
PR-0162,"Dear concerned team, my account keeps logging me out automatically every few minutes, which is a bit inconvenient when filling out forms. Thank you.",Account & Login,Medium
PR-1054,"Hi, there is a clear discrepancy between my award list and my final result on the portal for 2 subjects, and I need this corrected before my transcript request in two days. Please look into this.",Result,High
TCK-0455,There is a clear discrepancy between my award list and my final result on the portal — several subjects show lower marks than what I actually secured. Kindly review urgently. Roll No: S22BBDATS3M8579,Result,High
TCK-0450,"It is respectfully submitted that the telephone line of the Department of English, Baghdad-ul-Jadeed Campus (Phone No. 065-3488628) is not functioning, and this is adversely affecting the ongoing admission campaign as applicants cannot reach us. Kindly repair urgently.",Infrastructure / Maintenance,High
PR-1097,"Hi, how do I log out of the portal properly on a shared computer? Thank you.",Account & Login,Low
PR-1140,"Dear concerned team, is there a mobile app version of the portal available, just curious? Please look into this.",Portal Technical Issue,Low
PR-1160,"My scholarship-covered fee challan is still showing unpaid even though the scholarship office confirmed disbursement over a week ago, and a late fee surcharge starts this week. Regards.",Fee & Challan,High
PR-0464,"Kindly note: My account has clearly been compromised, someone changed my password and recovery email, and I no longer have any access with my degree application deadline being this week. Awaiting your response.",Account & Login,Critical
PR-0019,"I am escalating a critical complaint on behalf of my entire batch — none of our clearance requests have been processed for over a month, and our convocation, requiring proof of clearance, is by Friday. Kindly help.",Complaint,Critical
PR-1433,Could you confirm the status of my scholarship application submitted about a week ago? Thank you.,Scholarship,Medium
PR-1173,"Sir, just wanted to confirm the standard leave application process for staff. Kindly help.",Employee Services,Low
PR-0669,"Hi, just wanted to confirm the general examination fee amount for this term. Kindly advise.",Examination,Low
PR-0751,"Kindly note: I have been awarded a compartment in Microbiology despite being confident I attempted the paper correctly, and I need urgent re-evaluation as it affects my scholarship eligibility review tomorrow. Please look into this.",Examination,High
TCK-0070,Please confirm whether my admission documents (matric and intermediate certificates) were successfully received.,Admission,Medium
PR-1411,"Hi, what is the normal degree processing time for PhD Management Sciences graduates?",Degree,Low
TCK-0045,"Subject: Request for Re-Generation of Degree Fee Challan under Spouse Quota Respected Sir, It is respectfully submitted that, as per the attached certificate, I am eligible to avail the Spouse Quota concession for the payment of the Normal Degree Fee. However, a degree fee challan amounting to Rs. 5,000/- has already been generated on my IUB E-Portal against my CNIC No. 31202-1108025-4 under the normal category instead of the applicable spouse quota. It is, therefore, requested that the already generated challan may kindly be cancelled, and the concerned Challan Generation Section may be directed to re-generate the degree fee challan in accordance with the Spouse Quota, as supported by the enclosed certificate. Your kind consideration and early action in this matter shall be highly appreciated. SHAHIDA SHAHEEN MPHIL SOFTWARE ENGINEERING SESSION (2022-2024)",Fee & Challan,Medium
TCK-0316,My HEC degree attestation application is currently stuck at 'Submitted by UFP' status and is pending online verification from the university for two weeks. HEC cannot proceed without this verification. Roll No: S24BBSCS4M7038,Certificate / Verification,High
PR-0132,Could you confirm receipt of the documents I submitted for my degree equivalence certification? Thank you.,Certificate / Verification,Medium
PR-0617,"Dear concerned team, small feedback: the waiting area could use a bit more seating, just a general comment. Kindly help.",Complaint,Low
TCK-0196,What documents are required for the final clearance process?,Clearance,Low
PR-0555,"Respected Sir/Madam, i have a supply in English Composition but the Course Repeat option does not show this subject; could it be enabled? Kindly help.",Course Registration,Medium
PR-0116,"Respected Sir/Madam, how can employees generally check their leave balance? Kindly advise.",Employee Services,Low
PR-1289,"Dear concerned team, my registered course list is missing one elective that I selected during registration week; could this be added back? Thank you.",Course Registration,Medium
TCK-0181,"My credit transfer approval, required today to secure my admission abroad before their deadline expires tonight, has still not been processed despite repeated urgent requests. Roll No: F25BBAGRI3M3754",Other,Critical
TCK-0161,My comprehensive exam date is missing from my record; kindly update it so I can proceed. Roll No: S24BBMEDS3M6446,Examination,Medium
PR-1334,My 4th semester result is not showing on the portal even though the declaration date has passed. Please look into this.,Result,Medium
PR-0294,"Hi, how many credit hours can I generally register for in a normal semester?",Course Registration,Low
PR-0966,"Just a minor suggestion: the response templates could be a bit more personalized, nothing urgent. Thank you.",Complaint,Low
PR-0856,"A major water leakage has flooded part of the server room at Baghdad-ul-Jadeed Campus, threatening to permanently damage critical IT infrastructure for the whole university.",Infrastructure / Maintenance,Critical
PR-1089,The thesis submission deadline is this week at midnight and the upload button has been completely non-functional for our entire batch since this afternoon.,Thesis,Critical
TCK-0265,Kindly confirm whether my thesis proposal has been forwarded to the board for approval. Roll No: F23BMBA1M8110,Thesis,Medium
PR-0048,"Kindly note: I was awarded the scholarship shown on my portal, but I have not received any update on the disbursement schedule yet. Kindly help.",Scholarship,Medium
PR-0233,"Kindly note: I have a visa interview this week and my experience certificate, promised for today, has still not been issued despite multiple follow-ups all week. Awaiting your response.",Employee Services,Critical
PR-0766,"Dear concerned team, i'd like to request re-generation of my degree fee challan as it was created under the wrong fee category. Please look into this.",Degree,Medium
PR-1346,"Respected Sir/Madam, my credit transfer approval, required by tomorrow morning to secure my admission abroad before their deadline expires, has still not been processed despite three urgent escalations this week.",Other,Critical
PR-0260,"Hi, could you guide me on the process to apply for a semester leave of absence for personal reasons? Regards.",Other,Medium
PR-0211,When is the next semester result usually announced?,Result,Low
TCK-0033,"My profile shows a completely wrong CNIC that is blocking my degree attestation submission, which is due at the HEC office tomorrow morning. Please fix this urgently. Roll No: S22BBDATS7M8564",Profile Update,Critical
PR-1462,"Sir, i need a duplicate transcript copy as my original was misplaced. Could you guide me on the reissuance process?",Transcript,Medium
PR-0463,"Respected Sir/Madam, my professional profile still shows outdated information even though I updated it a couple of days ago, and a scholarship committee is reviewing my profile today.",Profile Update,High
PR-0366,"Sir, could you confirm the status of my scholarship application submitted almost two weeks ago? Awaiting your response.",Scholarship,Medium
PR-0009,I need an Enrollment Certificate for a scheme application; could this be issued at your earliest convenience? Awaiting your response.,Certificate / Verification,Medium
PR-0245,"Hi, how can employees generally check their leave balance? Kindly advise.",Employee Services,Low
PR-0822,Could a dark mode option be added to the profile page? It would be a nice addition. Regards.,Profile Update,Low
PR-0746,"Respected Sir/Madam, what is the usual format of the mid-term examination? Regards.",Examination,Low
PR-1116,"Respected Sir/Madam, our entire class's clearance requests have been frozen due to a system error, blocking all 154 of us from collecting our degrees before today's convocation. Kindly help.",Clearance,Critical
TCK-0148,My 3rd semester result is not showing on the portal since the declaration date has passed. Roll No: S22BMBA3M2790. Kindly update.,Result,Medium
PR-0269,"Hi, just wanted to confirm the standard leave application process for staff. Kindly advise.",Employee Services,Low
PR-0137,"I need an official letter of recommendation urgently for a scholarship application closing within 24 hours, and my department has not responded to my request from about a week ago. Thank you.",Other,High
PR-0714,"Sir, i updated my profile with my new degree information required for a job application deadline this week, but the changes are not being saved by the portal at all. Regards.",Profile Update,High
PR-1537,"The payroll system for the entire faculty has failed this cycle and salaries have not been disbursed to anyone, with rent and utility deadlines due by Friday for many staff members.",Employee Services,Critical
PR-1025,"My account shows an 'Access Restricted' message on the dashboard, though I can still use the mobile app in the meantime.",Account & Login,Medium
PR-1094,"Dear concerned team, my department clearance is approved but the library clearance section still shows pending despite no outstanding books. Kindly help.",Clearance,Medium
PR-0591,I accidentally generated a combined fee voucher for two subjects; could this be split into separate vouchers? Kindly help.,Fee & Challan,Medium
PR-0480,"Sir, i have been awarded a compartment in Financial Accounting despite being confident I attempted the paper correctly, and I need urgent re-evaluation as it affects my scholarship eligibility review today.",Examination,High
PR-0497,"The entire university portal has been completely down for all students and staff since last night, and by Friday is the deadline for semester registration with no announced extension. Kindly advise.",Portal Technical Issue,Critical
PR-0905,"Respected Sir/Madam, how can I get the developer pack using my student email, just curious if it's available? Kindly help.",Other,Low
PR-0098,"Dear concerned team, could you guide me on the process to apply for a semester leave of absence for personal reasons? Kindly help.",Other,Medium
PR-1370,"Respected Sir/Madam, my educational records are not reflected in my profile despite attaching verified transcripts a couple of days ago. Kindly advise.",Profile Update,Medium
TCK-0064,Complaint regarding repeated delays in reply from the accounts office despite multiple emails sent over more than 20 days.,Complaint,Medium
PR-0762,I'd like to request re-generation of my degree fee challan as it was created under the wrong fee category. Kindly help.,Degree,Medium
PR-1360,"Respected Sir/Madam, the fee payment gateway on the portal is throwing a fatal error for every single student today, which is the last date for semester fee submission without penalty. Kindly help.",Portal Technical Issue,Critical
PR-1351,The projector in the the Scholarship Office lecture hall at Baghdad-ul-Jadeed Campus has not been working for a couple of weeks; could this be repaired? Thank you.,Infrastructure / Maintenance,Medium
TCK-0039,My uploaded documents keep failing to upload with a generic 'error' message on the portal. Roll No: F21BBDATS2M3847,Portal Technical Issue,Medium
TCK-0047,Is there a sports scholarship available for BS Mathematics students?,Scholarship,Low
TCK-0216,"Fee challan kaise generate karain portal per, please guide.",Fee & Challan,Low
PR-1437,"Hi, i need an official letter of recommendation urgently for a scholarship application closing by tomorrow morning, and my department has not responded to my request from about a week ago. Awaiting your response.",Other,High
PR-0165,"Sir, my admission application fee was paid but the status still shows 'Pending Payment' on the portal.",Admission,Medium
TCK-0385,"My repeat subject fee challan has not been generated even though the subject is showing on my result as failed, and course registration closes in two days. Roll No: S25BBSIT4M8242",Course Registration,High
TCK-0344,There is a spelling mistake in my name on my student email and portal record; my correct name is Yasir Mehmood. Kindly correct as soon as possible. Roll No: F21BMPHIL2M8619,Name Correction,Medium
PR-0593,"The fire alarm system across the entire Rahim Yar Khan Campus hostel block has stopped working, posing a serious safety risk to every resident student right now. Awaiting your response.",Infrastructure / Maintenance,Critical
PR-0417,"Respected Sir/Madam, i have a visa interview in two days and my experience certificate, promised for today, has still not been issued despite multiple follow-ups all week. Regards.",Employee Services,Critical
PR-0051,"My degree verification request from a foreign employer has been pending response for several weeks, and my job offer is contingent on it being completed by by tomorrow morning.",Certificate / Verification,High
PR-1548,"My admission abroad will be cancelled tomorrow unless my degree name matches my passport exactly, and the correction request has been pending for several weeks despite the urgency I flagged. Kindly advise.",Name Correction,Critical
PR-0015,"Respected Sir/Madam, my Turnitin account was blocked by mistake and despite raising a complaint about a week ago, it is still blocked, preventing me from submitting my assigned work due by tomorrow morning. Awaiting your response.",Account & Login,High
TCK-0209,I need my Enrollment Certificate for a scheme application. Kindly issue it as soon as possible. Roll No: S25BBECON6M3153,Certificate / Verification,Medium
PR-0189,"I updated my profile with my new degree information required for a job application deadline by tomorrow morning, but the changes are not being saved by the portal at all. Thank you.",Profile Update,High
PR-0950,I need my final transcript urgently as I am applying for a Master's program abroad and the application portal closes within 24 hours.,Transcript,High
PR-0415,"My admission has been put on hold because my HEC equivalence certificate has not been verified yet, and classes for BS Economics start tomorrow.",Admission,High
PR-0337,Kindly note: Is there a student club focused on AI that I could join? Awaiting your response.,Other,Low
PR-0663,Kindly note: I forgot my portal password and the reset link is not sending an OTP to my registered email; is there another way to reset it? Please look into this.,Account & Login,Medium
PR-0391,"Dear concerned team, how can I download my transcript from the student portal? Kindly help.",Transcript,Low
PR-0282,"My clearance was rejected without any specified reason, and this is now delaying my degree collection needed for a job joining date in two days. Regards.",Clearance,High
TCK-0432,"Please give me my transcript with marks, thank you.",Transcript,Low
PR-0128,"My result shows an F grade in Operating Systems that I'm confident is incorrect, and this is affecting my scholarship eligibility review scheduled by Friday. Kindly advise.",Result,High
TCK-0451,profile update submission is not working. profile update history is not showing any thing.,Portal Technical Issue,Medium
PR-0358,Kindly note: Could you correct my program preference on my admission application from BS Economics to LLB (5 Years)? Regards.,Admission,Medium
PR-0699,"Hi, the result declaration system crashed for the entire batch of 458 students just minutes before the scheduled announcement time, and everyone is waiting anxiously. Kindly advise.",Result,Critical
PR-0610,"Hi, our entire class's clearance requests have been frozen due to a system error, blocking all 182 of us from collecting our degrees before within 24 hours's convocation. Regards.",Clearance,Critical
PR-0253,"Dear concerned team, could you confirm receipt of the documents I submitted for my degree equivalence certification?",Certificate / Verification,Medium
PR-0820,"Respected Sir/Madam, by mistake I applied for clearance under the wrong semester; could my clearance be reset so I can reapply correctly?",Clearance,Medium
PR-1330,"Dear concerned team, i was declared eligible on the merit list for BS Computer Science but my admission fee challan is not generating, and today is the last date to pay and confirm my seat. Kindly help.",Admission,High
PR-1303,Kindly note: When do scholarship applications usually open for a new batch? Thank you.,Scholarship,Low
PR-0609,"Hi, i need my final transcript urgently as I am applying for a Master's program abroad and the application portal closes within 24 hours. Awaiting your response.",Transcript,High
PR-0445,"Sir, my admission offer will be automatically cancelled at midnight this week if I do not submit my documents, but the document upload portal is showing a server error for every applicant right now. Kindly help.",Admission,Critical
PR-0695,I forgot my portal password and the reset link is not sending an OTP to my registered email; is there another way to reset it? Kindly help.,Account & Login,Medium
PR-0032,"None of the 185 students in our batch can log in to the portal since last night, and today is the final date for exam form submission with no extension announced. Kindly advise.",Account & Login,Critical
PR-0448,"My admission has been put on hold because my HEC equivalence certificate has not been verified yet, and classes for BS Information Technology start by Friday. Awaiting your response.",Admission,High
PR-0428,"Hi, what is the normal degree processing time for BS Information Technology graduates?",Degree,Low
PR-0400,"Respected Sir/Madam, my login access to a system I need for essential work was suddenly revoked, and I have a task depending on it due today.",Account & Login,High
PR-1409,"Respected Sir/Madam, do I need to visit in person for a name correction, or is there an online option available?",Name Correction,Low
TCK-0347,Just want to know the process to request an ID card replacement as an employee.,Employee Services,Low
PR-0264,"My registration hold has still not been cleared despite clearing all dues weeks ago, and this week is the absolute last day to register, after which I will lose the entire semester. Thank you.",Course Registration,Critical
PR-0897,"I paid my semester fee of Rs. 7,200 on about a week ago and the amount was deducted from my account, but the portal still shows the challan as unpaid, and the late fee deadline is this week.",Fee & Challan,High
PR-0368,"My account keeps logging me out automatically every few minutes, which is a bit inconvenient when filling out forms. Thank you.",Account & Login,Medium
TCK-0168,"My exam re-evaluation result has still not been updated for about a week, and my final semester GPA calculation, needed for a scholarship application this week, depends on it. Roll No: S25BBELEN2M7730",Examination,High
PR-0859,"Respected Sir/Madam, hEC verification of my scholarship documents is still pending after about a week, and my semester fee due date is by Friday. Regards.",Scholarship,High
TCK-0281,"My profile shows a completely wrong CNIC that is blocking my degree attestation submission, which is due at the HEC office tomorrow morning. Please fix this urgently. Roll No: S23BLLB2M9751",Profile Update,Critical
PR-1380,"My admission at a foreign university will be cancelled if I do not submit my original transcript by this week, and the transcript office has not responded to my repeated requests.",Transcript,Critical
TCK-0374,Kindly confirm the referencing style required for the thesis document.,Thesis,Low
PR-0534,By mistake I applied for clearance under the wrong semester; could my clearance be reset so I can reapply correctly?,Clearance,Medium
PR-1249,"My admission offer will be automatically cancelled at midnight by tomorrow morning if I do not submit my documents, but the document upload portal is showing a server error for every applicant right now.",Admission,Critical
PR-1438,"Respected Sir/Madam, my admission has been put on hold because my HEC equivalence certificate has not been verified yet, and classes for LLB (5 Years) start tomorrow.",Admission,High
TCK-0270,"Respected Admin, ​I have accidentally generated a single fee voucher of Rs. 24,000 for two subjects of my 4th semester (Challan # 2627675818). ​I want to pay the fee for these subjects separately in two installments of Rs. 12,000 each. Therefore, I kindly request you to cancel/delete this current pending voucher from my portal so that I can generate separate vouchers for each subject. ​Thank you.",Fee & Challan,Medium
TCK-0295,"On LMS Dashboard profile My name is written as First Name: M Last Name: A please write full name there First Name: MUHAMMAD Last Name: AHSAN. i cannot edit it, kindly update the full name or enable profile/name edit option thankyou regards Muhammad Ahsan roll number S26BMEDS4E01005 PhD Media studies",Profile Update,Medium
PR-0689,"Sir, my thesis defense is this week and the portal will not let me download my approved supervisor sign-off, without which the committee will not allow me to defend. Regards.",Thesis,Critical
PR-1518,"My thesis defense is by tomorrow morning and the portal will not let me download my approved supervisor sign-off, without which the committee will not allow me to defend. Regards.",Thesis,Critical
PR-0145,I'd like to request re-generation of my degree fee challan as it was created under the wrong fee category. Regards.,Degree,Medium
TCK-0298,I am one of several students whose scholarship installment has been delayed causing us to accumulate late fee fines on our semester challans. Kindly expedite. Roll No: F22BLLB4M1406,Scholarship,High
PR-0111,My 6th semester result is not showing on the portal even though the declaration date has passed. Thank you.,Result,Medium
PR-0401,"Hi, my registered course list is missing one elective that I selected during registration week; could this be added back? Please look into this.",Course Registration,Medium
PR-0040,"Hi, the telephone line of the Library at Baghdad-ul-Jadeed Campus is not functioning, and this is adversely affecting the ongoing admission campaign whose deadline is within 24 hours. Kindly help.",Infrastructure / Maintenance,High
PR-1412,"Respected Sir/Madam, is it possible to link two of my accounts together, or should I just keep using them separately? Awaiting your response.",Account & Login,Low
PR-1515,"Hi, my admission at a foreign university will be cancelled if I do not submit my original transcript by this week, and the transcript office has not responded to my repeated requests. Regards.",Transcript,Critical
TCK-0381,I wish to complain about the lack of clear communication regarding changes to the examination schedule this semester.,Complaint,Medium
TCK-0254,"None of the students in our batch can log in to the portal since last night, and today is the final date for exam form submission with no extension announced. BS Mathematics",Account & Login,Critical
TCK-0106,"My repeat subject fee challan has not been generated even though the subject is showing on my result as failed, and course registration closes in two days. Roll No: F24BBECON1M7622",Course Registration,High
PR-1130,"Sir, the portal loads a little slowly on mobile sometimes; just wanted to mention it, not urgent. Kindly help.",Portal Technical Issue,Low
PR-1206,"Hi, the payroll system for the entire faculty has failed this cycle and salaries have not been disbursed to anyone, with rent and utility deadlines due by tomorrow morning for many staff members. Kindly help.",Employee Services,Critical
PR-0571,I have already submitted my thesis but I am unable to check the current status because it shows a missing registration number error. Regards.,Thesis,Medium
TCK-0201,"Despite three attempts, the portal will not save my updated CNIC on my profile, and HEC needs this exact record to complete my degree attestation this week. Roll No: F20BBELEN3M7624",Profile Update,High
PR-0765,Course registration closes at midnight by tomorrow morning and the registration module has been throwing an error for every single student in my batch since this morning.,Course Registration,Critical
PR-1078,"Kindly note: The result declaration system crashed for the entire batch of 533 students just minutes before the scheduled announcement time, and everyone is waiting anxiously. Awaiting your response.",Result,Critical
PR-0429,"Kindly note: My Turnitin account was blocked by mistake and despite raising a complaint about a week ago, it is still blocked, preventing me from submitting my assigned work due by tomorrow morning.",Account & Login,High
TCK-0096,"Subject: Request for Urgent Degree Issuance Dear Sir/Madam, I have already applied for my degree and paid the required fee/challan. However, my application is still under review. It has been two years since I completed my graduation, and I have neither received my degree nor any confirmation from the university. I kindly request you to process my application on an urgent basis and issue my degree as soon as possible, as I need it urgently for official purposes. Thank you for your consideration.",Degree,High
TCK-0268,Is clearance required even if I have no library or hostel dues?,Clearance,Low
TCK-0141,"REQUEST TO ADD MS DEGREE IN MY PERSONAL PROFILE Dear Sir, It is respectfully submitted that I have completed my MS Degree in 2024 but my degree is not added in my personal profile on MY IUB Portal. Please add my degree in personal profile and update on MY IUB Portal. Verified MS Transcript is also uploaded herewith this request. Thanking you in anticipation. Muhammad Rashid s/o Muhammad Iqbal Department of Bioinformatics, IUB",Profile Update,Medium
PR-1085,"Dear concerned team, my contract renewal has not been processed and my current contract expires tomorrow, putting my continued employment at risk. Regards.",Employee Services,High
PR-1590,"I was declared eligible on the merit list for MPhil Software Engineering but my admission fee challan is not generating, and by Friday is the last date to pay and confirm my seat. Please look into this.",Admission,High
TCK-0425,"My thesis section shows an error 'Missing Comprehensive Exam Date'; kindly contact the exam coordinator to update this on my behalf, or guide me on the process. Roll No: S24BBELEN5M3950",Thesis,Medium
PR-0795,"My repeat subject fee challan has not been generated even though the subject shows as failed on my result, and course registration closes by Friday. Kindly help.",Course Registration,High
PR-1190,Just wanted to confirm the general thesis submission format guidelines. Kindly help.,Thesis,Low
TCK-0430,It is late the result .please result on permanent time.,Result,Medium
PR-0980,"Hi, my salary has not been credited for a couple of days despite my department confirming approval, and I need this urgently to cover overdue expenses due tomorrow. Awaiting your response.",Employee Services,High
PR-0962,"Hi, my admission abroad will be cancelled tomorrow unless my degree name matches my passport exactly, and the correction request has been pending for several weeks despite the urgency I flagged.",Name Correction,Critical
PR-0251,"Hi, my admission abroad will be cancelled by tomorrow morning unless my degree name matches my passport exactly, and the correction request has been pending for nearly two months despite the urgency I flagged. Regards.",Name Correction,Critical
PR-1381,Kindly note: I need my final transcript urgently as I am applying for a Master's program abroad and the application portal closes by tomorrow morning. Thank you.,Transcript,High
TCK-0031,I would like to lodge a complaint regarding the unhelpful response I received from the Department of Chemistry front desk staff when inquiring about my documents.,Complaint,Medium
TCK-0095,How can I request my monthly payslip copy for record purposes?,Employee Services,Low
PR-0743,"Kindly note: It has been several weeks since I completed my graduation and I still have not received my degree, which is now delaying a job I was set to start tomorrow.",Degree,High
PR-0887,"I am unable to log in even with the correct credentials; it shows 'Invalid Username or Password' repeatedly, though I can still access things from my phone as a workaround. Thank you.",Account & Login,Medium
PR-1016,"I am writing on behalf of the entire batch of MPhil Software Engineering scholarship recipients — none of us have received our final installment for over two years, and several of us cannot complete clearance for graduation because of it.",Scholarship,Critical
PR-0361,"My scholarship disbursement has been delayed by more than two months, and I need this amount to clear my semester fee challan before the due date this week, otherwise I risk being dropped. Awaiting your response.",Scholarship,High
PR-0503,"Hi, the notification bell on my dashboard shows a count but clicking it does not open any notifications.",Portal Technical Issue,Medium
PR-1562,"Dear concerned team, could you update my thesis supervisor's details on the portal, as they were assigned about a week ago but not reflected yet? Regards.",Thesis,Medium
PR-0771,"Dear concerned team, my admission offer will be automatically cancelled at midnight by Friday if I do not submit my documents, but the document upload portal is showing a server error for every applicant right now. Awaiting your response.",Admission,Critical
PR-0732,"I was declared eligible on the merit list for BS Mathematics but my admission fee challan is not generating, and today is the last date to pay and confirm my seat. Regards.",Admission,High
PR-1386,"Dear concerned team, my transcript request submitted over a week ago is still pending, and I would like an update on the expected completion date. Kindly help.",Transcript,Medium
TCK-0434,Is there a sports scholarship available for MBA students?,Scholarship,Low
PR-1415,"My name correction request has been pending for more than two months, and it is now blocking my degree printing needed before by tomorrow morning. Regards.",Name Correction,High
PR-1003,"Dear concerned team, i would like to get my 'Calculus' exam paper rechecked as I believe there may be a marking error. Please look into this.",Examination,Medium
PR-1184,"Respected Sir/Madam, my clearance was rejected without any specified reason, and this is now delaying my degree collection needed for a job joining date within 24 hours. Kindly help.",Clearance,High
PR-0270,Could you confirm receipt of the documents I submitted for my degree equivalence certification?,Certificate / Verification,Medium
PR-0995,"Respected Sir/Madam, today is the absolute last date for admission fee submission for MPhil Software Engineering, and the online payment gateway has been down since this morning for every single applicant on the merit list.",Admission,Critical
PR-0662,I would like to get my 'Database Systems' exam paper rechecked as I believe there may be a marking error. Kindly advise.,Examination,Medium
PR-1441,"Sir, my repeat subject fee challan has not been generated even though the subject shows as failed on my result, and course registration closes today. Regards.",Course Registration,High
TCK-0377,Just want to confirm if my login ID is my roll number or email.,Account & Login,Low
PR-0034,"My degree application shows 'Submitted' status even though I paid the challan a couple of days ago, and I would like to know if this is normal processing time. Kindly help.",Degree,Medium
TCK-0384,"My leave of absence request for a medical emergency has not been approved yet, and my semester fee deadline, which depends on this approval, is this week. Roll No: S23BBSMATH6M6928",Other,High
PR-0462,"I have an F grade in Thermodynamics but the subject is not appearing in the Course Repeat section, and I cannot register for the upcoming semester which closes by tomorrow morning. Regards.",Course Registration,High
PR-0179,"Hi, what is the process to request an official transcript copy in general? Kindly help.",Transcript,Low
TCK-0449,"The portal shows 'Invalid Token Request' error whenever I try to access my dashboard, while other students are able to access theirs normally. Roll No: F21BBSEEN2M6039",Portal Technical Issue,High
TCK-0180,Just checking if clearance can be applied online or only in person.,Clearance,Low
TCK-0186,"Respected Sir/Madam, I submitted my original transcript for verification on 10 July 2026 but there has been no update for more than 20 days. I need it urgently as it is my only original copy. Name: Adnan Rasheed, Roll No: F24BLLB6M4598, BS Information Technology.",Transcript,High
PR-0865,"Dear concerned team, how can I change the spelling of my name on my student ID card? Awaiting your response.",Name Correction,Low
PR-1354,"Dear concerned team, do I need to visit in person for a name correction, or is there an online option available?",Name Correction,Low
TCK-0461,"It has been two weeks since I completed my graduation, yet I have not received my degree despite paying all dues. This is causing significant difficulty for my employment process. Roll No: S24BBSMATH5M7932",Degree,High
PR-0650,Kindly note: What is the usual turnaround time for certificate issuance? Kindly advise.,Certificate / Verification,Low
PR-0805,"Respected Sir/Madam, could you confirm receipt of the documents I submitted for my degree equivalence certification?",Certificate / Verification,Medium
PR-1034,"My repeat subject fee challan has not been generated even though the subject shows as failed on my result, and course registration closes within 24 hours.",Course Registration,High
PR-1457,"Hi, the telephone line of the Examination Department at Rahim Yar Khan Campus is not functioning, and this is adversely affecting the ongoing admission campaign whose deadline is by Friday. Regards.",Infrastructure / Maintenance,High
TCK-0353,I have been awarded a compartment (F grade) in Statistics despite being confident I attempted the paper correctly; I request urgent re-evaluation by a different examiner as this is affecting my scholarship eligibility. Roll No: S23BMBA7M7246,Examination,High
PR-0536,"Dear concerned team, despite paying all dues on time, I have faced continuous delays across multiple offices regarding my final clearance, now jeopardizing my job joining date in two days. Regards.",Complaint,High
PR-1137,"Dear concerned team, the notification bell on my dashboard shows a count but clicking it does not open any notifications.",Portal Technical Issue,Medium
PR-1282,My 5th semester result is not showing on the portal even though the declaration date has passed. Please look into this.,Result,Medium
PR-0674,"Dear concerned team, my account has been completely locked for over a week after a failed password reset, and I am unable to submit my thesis-related forms before the deadline by tomorrow morning. Please look into this.",Account & Login,High
PR-0299,"Dear concerned team, my name on my degree does not match my CNIC due to a typo, and this mismatch is blocking my HEC attestation submission, which has a deadline by tomorrow morning.",Name Correction,High
PR-0730,"Hi, my scholarship disbursement has been delayed by over a month, and I need this amount to clear my semester fee challan before the due date this week, otherwise I risk being dropped. Thank you.",Scholarship,High
PR-0509,"Kindly note: Our whole department's final semester result system is showing 'no data found' for every single student, and it is blocking all of us from applying for graduation clearance before by tomorrow morning.",Result,Critical
PR-0814,"Respected Sir/Madam, i accidentally generated a combined fee voucher for two subjects; could this be split into separate vouchers? Awaiting your response.",Fee & Challan,Medium
PR-0531,How can I download my transcript from the student portal? Regards.,Transcript,Low
PR-0292,"Sir, when is the next semester result usually announced? Please look into this.",Result,Low
PR-0190,"Respected Sir/Madam, my visa application will be rejected if I do not submit a verified degree equivalence certificate by in two days, and the verification office has stopped responding entirely. Please look into this.",Certificate / Verification,Critical
PR-1567,"How can I get the developer pack using my student email, just curious if it's available? Kindly advise.",Other,Low
TCK-0221,I have already submitted my thesis but am unable to check the current status on the MyIUB portal because it shows 'Registration Number is missing'. Kindly update. Roll No: F20BBECON7M1919,Thesis,Medium
PR-0302,"Small feedback: the waiting area could use a bit more seating, just a general comment. Kindly advise.",Complaint,Low
PR-0215,"Hi, just wanted to confirm the general thesis submission format guidelines. Awaiting your response.",Thesis,Low
TCK-0368,My thesis file was rejected by the portal for an unspecified reason and the resubmission deadline is in two days; I need urgent guidance. Roll No: S25BBPESS6M7951,Thesis,High
PR-1339,"Hi, my examination admit card is missing and my paper is scheduled for by Friday; without it I may not be allowed to sit the exam.",Examination,High
PR-0277,"My admission offer will be automatically cancelled at midnight today if I do not submit my documents, but the document upload portal is showing a server error for every applicant right now. Kindly advise.",Admission,Critical
PR-0875,"Respected Sir/Madam, by mistake I applied for clearance under the wrong semester; could my clearance be reset so I can reapply correctly? Thank you.",Clearance,Medium
PR-0469,"Respected Sir/Madam, what documents are generally required for the final clearance process?",Clearance,Low
PR-0740,"Dear concerned team, i need a duplicate transcript copy as my original was misplaced. Could you guide me on the reissuance process?",Transcript,Medium
PR-0431,Kindly note: How can I change the spelling of my name on my student ID card? Kindly help.,Name Correction,Low
PR-0505,"Respected Sir/Madam, my thesis file was rejected by the portal for an unspecified reason and the resubmission deadline is by Friday. Kindly help.",Thesis,High
PR-1273,"Kindly note: My profile shows a completely wrong CNIC that is blocking my degree attestation submission, which is due at the HEC office by Friday, and I cannot correct it myself. Kindly help.",Profile Update,Critical
PR-1254,"Kindly note: I paid my semester fee of Rs. 31,000 on over a week ago and the amount was deducted from my account, but the portal still shows the challan as unpaid, and the late fee deadline is within 24 hours.",Fee & Challan,High
PR-0053,"Kindly note: My salary has not been credited for over a week despite my department confirming approval, and I need this urgently to cover overdue expenses due tomorrow.",Employee Services,High
PR-1200,"Kindly note: My professional profile still shows outdated information even though I updated it over a week ago, and a scholarship committee is reviewing my profile by tomorrow morning.",Profile Update,High
TCK-0445,Kindly confirm the seating plan location for tomorrow's exams.,Examination,Low
PR-0063,"Respected Sir/Madam, my scholarship was suddenly cancelled without any notice and I have no funds to pay by tomorrow morning's fee deadline; if I don't pay today I will be dropped from the semester entirely. Thank you.",Scholarship,Critical
TCK-0090,My examination admit card is missing and my paper is scheduled for tomorrow morning; without it I may not be allowed to sit the exam. Roll No: F22BBSCS4M5342,Examination,High
PR-0631,"Hi, when does the admission form submission usually open for the next intake? Thank you.",Admission,Low
PR-1299,"Respected Sir/Madam, one of my course results is missing from my transcript page while the rest are showing correctly. Please look into this.",Result,Medium
PR-0789,"Dear concerned team, hEC verification of my scholarship documents is still pending after over a week, and my semester fee due date is in two days.",Scholarship,High
TCK-0024,Kindly change my registered email address on my account as I no longer have access to the old one. Roll No: S24BBDOCS3M7971,Account & Login,Medium
PR-1367,"Hi, what is the eligibility criteria for the merit-based scholarship? Thank you.",Scholarship,Low
PR-0344,"Hi, how can I request a bonafide certificate in general, just for future reference?",Certificate / Verification,Low
PR-1189,"Hi, my comprehensive exam date is missing from my record; could this be updated so I can proceed with the next steps? Kindly help.",Examination,Medium
PR-1543,"Respected Sir/Madam, my educational records are not reflected in my profile despite attaching verified transcripts about a week ago.",Profile Update,Medium
PR-1325,"I need an official letter of recommendation urgently for a scholarship application closing this week, and my department has not responded to my request from a couple of days ago. Thank you.",Other,High
PR-0896,"Hi, i forgot my portal password and the reset link is not sending an OTP to my registered email; is there another way to reset it?",Account & Login,Medium
PR-1241,"My account shows an 'Access Restricted' message on the dashboard, though I can still use the mobile app in the meantime. Thank you.",Account & Login,Medium
PR-0218,Kindly note: Just wanted to confirm the general examination fee amount for this term. Regards.,Examination,Low
PR-0461,I would like to get my 'Data Structures' exam paper rechecked as I believe there may be a marking error.,Examination,Medium
TCK-0099,My admission test result has not been uploaded on the portal though the test was conducted two weeks ago.,Admission,Medium
PR-1578,"Respected Sir/Madam, what is the usual format of the mid-term examination? Kindly advise.",Examination,Low
PR-1044,"Sir, my admission abroad will be cancelled within 24 hours unless I submit my original degree, and it has been stuck in processing for several months despite paying the urgent fee.",Degree,Critical
TCK-0053,How can I download my transcript from MyIUB portal?,Transcript,Low
PR-1475,"Hi, my registration hold has still not been cleared despite clearing all dues weeks ago, and in two days is the absolute last day to register, after which I will lose the entire semester. Thank you.",Course Registration,Critical
PR-1043,"My clearance was rejected without any specified reason, and this is now delaying my degree collection needed for a job joining date within 24 hours. Regards.",Clearance,High
TCK-0166,"My degree application submitted on 25 July 2026 still shows pending review. Kindly confirm expected completion date. Name: Adnan Rasheed, Roll No: S25BBMEDS5M5119",Degree,Medium
PR-0692,"My clearance is the only thing standing between me and graduation, and my scholarship abroad requires proof of graduation by this week, but the Directorate of Academics has gone completely silent. Thank you.",Clearance,Critical
PR-1436,"Respected Sir/Madam, just wanted to confirm the general thesis submission format guidelines.",Thesis,Low
PR-1269,"Hi, a major water leakage has flooded part of the server room at Rahim Yar Khan Campus, threatening to permanently damage critical IT infrastructure for the whole university. Awaiting your response.",Infrastructure / Maintenance,Critical
PR-0325,"Respected Sir/Madam, how can I change the spelling of my name on my student ID card? Thank you.",Name Correction,Low
PR-0276,Kindly note: When does the admission form submission usually open for the next intake? Kindly advise.,Admission,Low
PR-1456,Could a water cooler be installed near the Library? Just a small suggestion. Regards.,Infrastructure / Maintenance,Low
PR-1458,My 6th semester result is not showing on the portal even though the declaration date has passed. Please look into this.,Result,Medium
TCK-0139,Kindly help me drop a course I mistakenly registered for this semester. Roll No: S22BBECON3M2713,Course Registration,Medium
PR-1478,"Dear concerned team, when I open the result section on the portal it appears empty and does not load any data. Kindly help.",Portal Technical Issue,Medium
PR-0316,"Respected Sir/Madam, my scholarship was suddenly cancelled without any notice and I have no funds to pay within 24 hours's fee deadline; if I don't pay today I will be dropped from the semester entirely. Awaiting your response.",Scholarship,Critical
TCK-0439,On my student email in my name there is a mistake. It is written GhulamGhulam Haider which is incorrect. My correct name is Ghulam Haider. Due to this problem I am facing problem in many things because my Student name is not similar to my national id card name. Please correct it as soon as possible. Regards,Name Correction,Medium
PR-1208,"I am writing on behalf of the entire batch of BS Zoology scholarship recipients — none of us have received our final installment for over two years, and several of us cannot complete clearance for graduation because of it. Thank you.",Scholarship,Critical
TCK-0055,"Dear Sir/Madam, I applied for urgent degree of BS Mathematics and paid the urgent processing challan over a month ago, but the status still shows pending review. I need it for a job offer that requires original degree verification soon. Roll No: F22BBDATS6M8787, Name: Mariam Shafiq",Degree,High
TCK-0409,I am unable to log in even with the correct credentials; it shows 'Invalid Username or Password' repeatedly. Roll No: F24BBECON3M5526,Account & Login,Medium
TCK-0222,I have a visa interview appointment tomorrow morning and the embassy requires my original transcript as supporting evidence. My application will be rejected without it. Please issue on urgent basis. Roll No: S22BBPESS1M4456,Transcript,Critical
PR-1204,My thesis file was rejected by the portal for an unspecified reason and the resubmission deadline is this week.,Thesis,High
TCK-0275,"Respected Sir, Thank you for your reply. My only request is that as my urgent degree challan be issued accórding to spouse quota, instead of regular challan which is Rs.5000/-, and be upload on my MYIUB Portal. Regards Shahida Shaheen Roll No./MYIUB ID: F22BSEEN3M01013 CNIC No.31202-1108025-4",Fee & Challan,Medium
PR-1055,"I paid my urgent degree processing fee of Rs. 31,000 but the transaction has completely vanished from both my bank statement and the portal, and my visa appointment is within 24 hours. Kindly help.",Fee & Challan,Critical
PR-1007,How many credit hours can I generally register for in a normal semester? Kindly help.,Course Registration,Low
PR-0324,"Sir, my department clearance is approved but the library clearance section still shows pending despite no outstanding books.",Clearance,Medium
PR-1531,"Respected Sir/Madam, small feedback: the waiting area could use a bit more seating, just a general comment. Kindly advise.",Complaint,Low
PR-0423,"Respected Sir/Madam, my name on my degree does not match my CNIC due to a typo, and this mismatch is blocking my HEC attestation submission, which has a deadline in two days.",Name Correction,High
PR-0004,When I open the fee section on the portal it appears empty and does not load any data. Thank you.,Portal Technical Issue,Medium
PR-0729,Kindly note: My examination admit card is missing and my paper is scheduled for in two days; without it I may not be allowed to sit the exam. Kindly advise.,Examination,High
PR-0045,How many credit hours can I generally register for in a normal semester? Awaiting your response.,Course Registration,Low
PR-1499,"Hi, the portal loads a little slowly on mobile sometimes; just wanted to mention it, not urgent. Kindly help.",Portal Technical Issue,Low
PR-0635,I would like to get my 'Calculus' exam paper rechecked as I believe there may be a marking error.,Examination,Medium
PR-1227,"Kindly note: My admission has been put on hold because my HEC equivalence certificate has not been verified yet, and classes for BS Mathematics start by Friday.",Admission,High
TCK-0086,"It has been over a month since I completed my graduation, yet I have not received my degree despite paying all dues. This is causing significant difficulty for my employment process. Roll No: F23BMBA3M7537",Degree,High
PR-1455,"Hi, my account has clearly been compromised, someone changed my password and recovery email, and I no longer have any access with my degree application deadline being within 24 hours. Kindly help.",Account & Login,Critical
PR-0249,"Kindly note: My scholarship disbursement has been delayed by several weeks, and I need this amount to clear my semester fee challan before the due date tomorrow, otherwise I risk being dropped. Kindly advise.",Scholarship,High
PR-1280,"Kindly note: There is an unusual, time-sensitive situation affecting hundreds of students across multiple departments that doesn't fit any specific category, and it needs immediate institutional attention by tomorrow morning. Kindly help.",Other,Critical
PR-1570,"My HEC attestation appointment is by tomorrow morning and the university's online verification, which HEC is waiting on for dozens of applicants today, has still not been submitted for any of us. Kindly help.",Certificate / Verification,Critical
PR-0297,"HEC verification of my scholarship documents is still pending after a couple of days, and my semester fee due date is in two days. Regards.",Scholarship,High
PR-0955,"I keep getting logged out mid-way while submitting a required form, and I've now failed to submit it three times with the deadline being within 24 hours. Thank you.",Account & Login,High
PR-0858,"Respected Sir/Madam, my professional profile still shows outdated information even though I updated it almost two weeks ago, and a scholarship committee is reviewing my profile by Friday. Regards.",Profile Update,High
PR-0078,"Respected Sir/Madam, has the result declaration date been finalized yet for this semester? Please look into this.",Result,Low
PR-0727,"Respected Sir/Madam, is there a mobile app version of the portal available, just curious?",Portal Technical Issue,Low
PR-0010,"Sir, my admission offer will be automatically cancelled at midnight within 24 hours if I do not submit my documents, but the document upload portal is showing a server error for every applicant right now.",Admission,Critical
PR-0082,"Respected Sir/Madam, what is the usual turnaround time for certificate issuance? Please look into this.",Certificate / Verification,Low
PR-0937,"My result shows an F grade in Data Structures that I'm confident is incorrect, and this is affecting my scholarship eligibility review scheduled within 24 hours. Thank you.",Result,High
PR-0291,"Hi, the result module of the portal has been throwing a server error for over a week, and I cannot proceed with a task due by tomorrow morning.",Portal Technical Issue,High
PR-1312,"The main student database appears to be corrupted, and records for an entire batch of 234 students are showing blank or missing fields across every module. Awaiting your response.",Portal Technical Issue,Critical
PR-1201,"Respected Sir/Madam, what is the normal degree processing time for BS Agriculture graduates?",Degree,Low
PR-0257,"I was declared eligible on the merit list for MBA but my admission fee challan is not generating, and tomorrow is the last date to pay and confirm my seat. Thank you.",Admission,High
PR-1377,"Do I need to visit in person for a name correction, or is there an online option available? Kindly advise.",Name Correction,Low
PR-1256,"A major water leakage has flooded part of the server room at Bahawalpur City Campus, threatening to permanently damage critical IT infrastructure for the whole university.",Infrastructure / Maintenance,Critical
PR-0915,"My name correction request has been pending for more than two months, and it is now blocking my degree printing needed before within 24 hours.",Name Correction,High
TCK-0332,Kindly update my hostel clearance status; I vacated the hostel last month but it still shows unresolved. Roll No: F21BBPESS5M6491,Clearance,Medium
TCK-0215,"My HEC attestation appointment is tomorrow and the university verification, which HEC is waiting on, has still not been submitted despite my request nearly two months ago. Please expedite immediately. Roll No: F23BBMEDS1M6374",Certificate / Verification,Critical
PR-1142,"How can I get the developer pack using my student email, just curious if it's available? Regards.",Other,Low
PR-0619,"Hi, our whole department's final semester result system is showing 'no data found' for every single student, and it is blocking all of us from applying for graduation clearance before this week.",Result,Critical
PR-1075,"Respected Sir/Madam, there is a clear discrepancy between my award list and my final result on the portal for 4 subjects, and I need this corrected before my transcript request by Friday. Kindly help.",Result,High
PR-0204,"Respected Sir/Madam, my admission application fee was paid but the status still shows 'Pending Payment' on the portal. Regards.",Admission,Medium
TCK-0336,Just wanted to confirm the leave application process for faculty.,Employee Services,Low
PR-1408,"Sir, could you correct my program preference on my admission application from BS Economics to BS Data Science? Thank you.",Admission,Medium
PR-0433,"Respected Sir/Madam, the fire alarm system across the entire Bahawalpur City Campus hostel block has stopped working, posing a serious safety risk to every resident student right now. Kindly help.",Infrastructure / Maintenance,Critical
PR-0397,"Kindly note: How can I get the developer pack using my student email, just curious if it's available? Awaiting your response.",Other,Low
PR-1338,"Respected Sir/Madam, my examination is scheduled to start in less than an hour and the admit card generation system has been down for our entire session since early this morning. Awaiting your response.",Examination,Critical
PR-0741,"Sir, my name on my degree does not match my CNIC due to a typo, and this mismatch is blocking my HEC attestation submission, which has a deadline tomorrow. Kindly help.",Name Correction,High
PR-0519,Where can I go to check which email is currently registered against my account? Please look into this.,Account & Login,Low
PR-1317,I have already submitted my thesis but I am unable to check the current status because it shows a missing registration number error.,Thesis,Medium
PR-1066,"The telephone line of the Library at Bahawalpur City Campus is not functioning, and this is adversely affecting the ongoing admission campaign whose deadline is by Friday. Please look into this.",Infrastructure / Maintenance,High
PR-0882,"My salary has not been credited for a couple of days despite my department confirming approval, and I need this urgently to cover overdue expenses due in two days. Please look into this.",Employee Services,High
PR-0492,"Dear concerned team, could you correct my program preference on my admission application from MPhil Software Engineering to PhD Management Sciences?",Admission,Medium
TCK-0364,Is there a minimum number of credit hours required for scholarship eligibility?,Course Registration,Low
PR-0135,"Kindly note: None of the 145 students in our batch can log in to the portal since last night, and this week is the final date for exam form submission with no extension announced. Awaiting your response.",Account & Login,Critical
PR-1489,"Dear concerned team, none of the 116 students in our batch can log in to the portal since last night, and tomorrow is the final date for exam form submission with no extension announced. Thank you.",Account & Login,Critical
PR-0778,"Hi, is there a mobile app version of the portal available, just curious?",Portal Technical Issue,Low
PR-0569,"Hi, where can I go to check which email is currently registered against my account? Kindly advise.",Account & Login,Low
PR-1464,"Just a minor suggestion: the response templates could be a bit more personalized, nothing urgent. Please look into this.",Complaint,Low
TCK-0411,Just checking if calculators are allowed in the statistics final exam.,Examination,Low
PR-0161,"How can I request a bonafide certificate in general, just for future reference? Kindly help.",Certificate / Verification,Low
PR-0379,Kindly note: How can I download my transcript from the student portal? Kindly advise.,Transcript,Low
PR-1445,Kindly note: How long does the clearance approval usually take on average? Thank you.,Clearance,Low
PR-1284,"Respected Sir/Madam, could you confirm the status of my scholarship application submitted about a week ago?",Scholarship,Medium
PR-1443,"The entire university portal has been completely down for all students and staff since last night, and tomorrow is the deadline for semester registration with no announced extension. Please look into this.",Portal Technical Issue,Critical
PR-1279,"Dear concerned team, the main student database appears to be corrupted, and records for an entire batch of 309 students are showing blank or missing fields across every module. Awaiting your response.",Portal Technical Issue,Critical
PR-0839,"Sir, could you guide me on the process to apply for a semester leave of absence for personal reasons? Kindly advise.",Other,Medium
PR-1031,"My account has been completely locked for almost two weeks after a failed password reset, and I am unable to submit my thesis-related forms before the deadline today. Kindly help.",Account & Login,High
TCK-0085,"My registration hold has still not been cleared despite clearing all dues two weeks ago, and today is the absolute last day to register, after which I will lose the semester entirely. Roll No: S23BBSCS1M4920",Course Registration,Critical
PR-0616,My semester fee challan is not showing on the portal; could you help me generate it so I can pay before the due date?,Fee & Challan,Medium
PR-1340,"Sir, i am unable to update my biography and professional links on my profile page; the save button does not seem to work.",Profile Update,Medium
PR-0819,"Sir, there is a clear discrepancy between my award list and my final result on the portal for 3 subjects, and I need this corrected before my transcript request this week. Regards.",Result,High
PR-0538,Kindly note: How many credit hours can I generally register for in a normal semester? Regards.,Course Registration,Low
PR-1238,"Is it possible to link two of my accounts together, or should I just keep using them separately? Thank you.",Account & Login,Low
PR-0760,"My thesis defense is in two days and the portal will not let me download my approved supervisor sign-off, without which the committee will not allow me to defend. Kindly help.",Thesis,Critical
PR-0197,"Dear concerned team, my contract renewal has not been processed and my current contract expires tomorrow, putting my continued employment at risk.",Employee Services,High
PR-0866,"Respected Sir/Madam, the portal loads a little slowly on mobile sometimes; just wanted to mention it, not urgent. Kindly advise.",Portal Technical Issue,Low
PR-0449,What is the normal degree processing time for BS Data Science graduates? Please look into this.,Degree,Low
PR-1133,"Respected Sir/Madam, my scholarship disbursement has been delayed by more than two months, and I need this amount to clear my semester fee challan before the due date today, otherwise I risk being dropped. Thank you.",Scholarship,High
PR-1191,"Sir, i paid my semester fee of Rs. 12,000 on over a week ago and the amount was deducted from my account, but the portal still shows the challan as unpaid, and the late fee deadline is by tomorrow morning.",Fee & Challan,High
PR-1589,What is the recommended word count for a thesis final draft? Regards.,Thesis,Low
PR-1131,I would like to know how to request a change of campus from Rahim Yar Khan Campus to another campus.,Other,Medium
TCK-0154,Aoa sir kindly remove my clearance because meri 2 supply rehti ha mujhsy ghalti sy hogai clearance,Clearance,Medium
PR-0396,I'd like to request re-generation of my degree fee challan as it was created under the wrong fee category. Thank you.,Degree,Medium
PR-0478,Kindly note: Could a water cooler be installed near the Library? Just a small suggestion. Kindly advise.,Infrastructure / Maintenance,Low
PR-0924,"My degree application shows 'Submitted' status even though I paid the challan almost two weeks ago, and I would like to know if this is normal processing time. Thank you.",Degree,Medium
TCK-0261,Just want to know the plagiarism threshold allowed for thesis submission.,Thesis,Low
PR-0493,"Dear concerned team, my account has been completely locked for about a week after a failed password reset, and I am unable to submit my thesis-related forms before the deadline in two days.",Account & Login,High
PR-0854,"Sir, could you guide me on the process to apply for a semester leave of absence for personal reasons?",Other,Medium
TCK-0049,"My transcript request submitted on 28 July 2026 is still pending. Roll Number: S25BBPESS7M1106, BS Mathematics. Kindly update the status.",Transcript,Medium
PR-0031,Kindly note: The notification bell on my dashboard shows a count but clicking it does not open any notifications. Please look into this.,Portal Technical Issue,Medium
PR-0420,"Respected Sir/Madam, the thesis submission deadline is tomorrow at midnight and the upload button has been completely non-functional for our entire batch since this afternoon.",Thesis,Critical
PR-0570,"The clearance module of the portal has been throwing a server error for about a week, and I cannot proceed with a task due by Friday. Kindly advise.",Portal Technical Issue,High
PR-0362,"Dear concerned team, could a dark mode option be added to the profile page? It would be a nice addition. Please look into this.",Profile Update,Low
TCK-0029,respected sir my educational records are not updated in my profile kindly update them according to my attachments. MCS and MS degrees are attached,Profile Update,Medium
PR-0655,"Kindly note: My degree application shows 'Submitted' status even though I paid the challan a couple of days ago, and I would like to know if this is normal processing time. Thank you.",Degree,Medium
PR-0062,"Sir, there is a spelling mistake in my name on my student portal record; my correct name is Ayesha Siddiqui. Could this be corrected? Awaiting your response.",Name Correction,Medium
PR-1343,"Hi, how many credit hours can I generally register for in a normal semester? Please look into this.",Course Registration,Low
PR-0425,"The elevator serving the examination hall has broken down, creating serious difficulty for students with mobility issues ahead of within 24 hours's exam. Regards.",Infrastructure / Maintenance,High
PR-0898,"Sir, how can I change the spelling of my name on my student ID card? Awaiting your response.",Name Correction,Low
TCK-0198,I urgently need guidance on the credit transfer process as my enrollment at another institution depends on this being resolved before their deadline this week. Roll No: S22BBSMATH6M1693,Other,High
PR-0523,"Sir, the fee voucher module of the portal has been throwing a server error for about a week, and I cannot proceed with a task due today. Awaiting your response.",Portal Technical Issue,High
PR-0559,"Sir, there is a clear discrepancy between my award list and my final result on the portal for 2 subjects, and I need this corrected before my transcript request this week.",Result,High
PR-0352,"HEC verification of my scholarship documents is still pending after a couple of days, and my semester fee due date is tomorrow.",Scholarship,High
PR-0079,"Sir, how can I generate a new fee challan for the semester? Please look into this.",Fee & Challan,Low
TCK-0239,Where can employees check their provident fund balance?,Employee Services,Low
TCK-0193,"Request for repair of the projector in the Department of Agronomy lecture hall, Khanpur Campus, which has not been working for two weeks.",Infrastructure / Maintenance,Medium
PR-1304,"My name on my degree does not match my CNIC due to a typo, and this mismatch is blocking my HEC attestation submission, which has a deadline by Friday.",Name Correction,High
PR-0747,"My professional profile still shows outdated information even though I updated it about a week ago, and a scholarship committee is reviewing my profile by Friday. Kindly help.",Profile Update,High
PR-1106,"Dear concerned team, could a dark mode option be added to the profile page? It would be a nice addition. Thank you.",Profile Update,Low
PR-1391,Kindly note: My 5th semester result is not showing on the portal even though the declaration date has passed. Awaiting your response.,Result,Medium
TCK-0018,"Respected Sir, I have paid the transcript fee (3,500 Rs.) but my transcript is still not showing on the MyIUB portal. Roll No: F21BBAGRI2M9279. Kindly resolve. Regards, Sohail Anwar",Transcript,Medium
