ticket_id,description,category,priority
PR-0001,What is the usual format of the mid-term examination? Regards.,Examination,Low
PR-0002,"Respected Sir/Madam, the Wi-Fi router in one of the blocks has been intermittent for several days; could it be checked? Kindly advise.",Infrastructure / Maintenance,Medium
PR-0003,"My Turnitin account was blocked by mistake and despite raising a complaint almost two weeks ago, it is still blocked, preventing me from submitting my assigned work due by Friday.",Account & Login,High
PR-0004,When I open the fee section on the portal it appears empty and does not load any data. Thank you.,Portal Technical Issue,Medium
PR-0005,"My account keeps logging me out automatically every few minutes, which is a bit inconvenient when filling out forms. Kindly advise.",Account & Login,Medium
PR-0006,"Sir, could you confirm receipt of the documents I submitted for my degree equivalence certification? Kindly help.",Certificate / Verification,Medium
PR-0007,"Hi, what documents are generally required for the final clearance process? Kindly advise.",Clearance,Low
PR-0008,"Sir, how do I log out of the portal properly on a shared computer?",Account & Login,Low
PR-0009,I need an Enrollment Certificate for a scheme application; could this be issued at your earliest convenience? Awaiting your response.,Certificate / Verification,Medium
PR-0010,"Sir, my admission offer will be automatically cancelled at midnight within 24 hours if I do not submit my documents, but the document upload portal is showing a server error for every applicant right now.",Admission,Critical
PR-0011,My educational records are not reflected in my profile despite attaching verified transcripts almost two weeks ago.,Profile Update,Medium
PR-0012,"Kindly note: It has been several weeks since I completed my graduation and I still have not received my degree, which is now delaying a job I was set to start by Friday. Please look into this.",Degree,High
PR-0013,"I paid my urgent degree processing fee of Rs. 8,000 but the transaction has completely vanished from both my bank statement and the portal, and my visa appointment is tomorrow. Thank you.",Fee & Challan,Critical
PR-0014,"Hi, my comprehensive exam date is missing from my record; could this be updated so I can proceed with the next steps? Thank you.",Examination,Medium
PR-0015,"Respected Sir/Madam, my Turnitin account was blocked by mistake and despite raising a complaint about a week ago, it is still blocked, preventing me from submitting my assigned work due by tomorrow morning. Awaiting your response.",Account & Login,High
PR-0016,"Respected Sir/Madam, could a water cooler be installed near the HR Office? Just a small suggestion. Thank you.",Infrastructure / Maintenance,Low
PR-0017,"Sir, i accidentally generated a combined fee voucher for two subjects; could this be split into separate vouchers? Thank you.",Fee & Challan,Medium
PR-0018,"Respected Sir/Madam, how many credit hours can I generally register for in a normal semester? Please look into this.",Course Registration,Low
PR-0019,"I am escalating a critical complaint on behalf of my entire batch — none of our clearance requests have been processed for over a month, and our convocation, requiring proof of clearance, is by Friday. Kindly help.",Complaint,Critical
PR-0020,By mistake I applied for clearance under the wrong semester; could my clearance be reset so I can reapply correctly? Awaiting your response.,Clearance,Medium
PR-0021,"Hi, my account has been completely locked for about a week after a failed password reset, and I am unable to submit my thesis-related forms before the deadline tomorrow.",Account & Login,High
PR-0022,The Wi-Fi router in one of the blocks has been intermittent for several days; could it be checked? Thank you.,Infrastructure / Maintenance,Medium
PR-0023,"None of the 475 students in our batch can log in to the portal since last night, and today is the final date for exam form submission with no extension announced.",Account & Login,Critical
PR-0024,"My clearance is the only thing standing between me and graduation, and my scholarship abroad requires proof of graduation by within 24 hours, but the Directorate of Academics has gone completely silent. Thank you.",Clearance,Critical
PR-0025,"Dear concerned team, the projector in the the Admissions Office lecture hall at Rahim Yar Khan Campus has not been working for a couple of weeks; could this be repaired?",Infrastructure / Maintenance,Medium
PR-0026,"Respected Sir/Madam, i am escalating a critical complaint on behalf of my entire batch — none of our clearance requests have been processed for more than two months, and our convocation, requiring proof of clearance, is by tomorrow morning. Regards.",Complaint,Critical
PR-0027,"My thesis defense is by tomorrow morning and the portal will not let me download my approved supervisor sign-off, without which the committee will not allow me to defend. Please look into this.",Thesis,Critical
PR-0028,"Sir, is it possible to link two of my accounts together, or should I just keep using them separately?",Account & Login,Low
PR-0029,"Dear concerned team, my professional profile still shows outdated information even though I updated it over a week ago, and a scholarship committee is reviewing my profile in two days. Awaiting your response.",Profile Update,High
PR-0030,"Respected Sir/Madam, my salary has not been credited for a couple of days despite my department confirming approval, and I need this urgently to cover overdue expenses due today.",Employee Services,High
PR-0031,Kindly note: The notification bell on my dashboard shows a count but clicking it does not open any notifications. Please look into this.,Portal Technical Issue,Medium
PR-0032,"None of the 185 students in our batch can log in to the portal since last night, and today is the final date for exam form submission with no extension announced. Kindly advise.",Account & Login,Critical
PR-0033,"My admission abroad will be cancelled by tomorrow morning unless my degree name matches my passport exactly, and the correction request has been pending for several weeks despite the urgency I flagged. Thank you.",Name Correction,Critical
PR-0034,"My degree application shows 'Submitted' status even though I paid the challan a couple of days ago, and I would like to know if this is normal processing time. Kindly help.",Degree,Medium
PR-0035,"Dear concerned team, how many credit hours can I generally register for in a normal semester? Regards.",Course Registration,Low
PR-0036,"Hi, i want to complain that my previous ticket was closed without any resolution or explanation; could it be reopened?",Complaint,Medium
PR-0037,"Dear concerned team, my salary has not been credited for over a week despite my department confirming approval, and I need this urgently to cover overdue expenses due by tomorrow morning. Awaiting your response.",Employee Services,High
PR-0038,"Respected Sir/Madam, the paint on a corridor wall near the library is a little worn, just reporting it, not urgent at all. Thank you.",Infrastructure / Maintenance,Low
PR-0039,"Respected Sir/Madam, is there a student club focused on robotics that I could join? Kindly advise.",Other,Low
PR-0040,"Hi, the telephone line of the Library at Baghdad-ul-Jadeed Campus is not functioning, and this is adversely affecting the ongoing admission campaign whose deadline is within 24 hours. Kindly help.",Infrastructure / Maintenance,High
PR-0041,Kindly note: The Wi-Fi router in one of the blocks has been intermittent for several days; could it be checked? Thank you.,Infrastructure / Maintenance,Medium
PR-0042,"Dear concerned team, the entire university portal has been completely down for all students and staff since last night, and by Friday is the deadline for semester registration with no announced extension.",Portal Technical Issue,Critical
PR-0043,I would like to know how to request a change of campus from Rahim Yar Khan Campus to another campus. Kindly help.,Other,Medium
PR-0044,Kindly note: Could you correct my program preference on my admission application from BS Physical Education & Sports Sciences to BS Computer Science?,Admission,Medium
PR-0045,How many credit hours can I generally register for in a normal semester? Awaiting your response.,Course Registration,Low
PR-0046,How can I apply for degree collection once it's ready? Kindly help.,Degree,Low
PR-0047,"Hi, i am unable to update my biography and professional links on my profile page; the save button does not seem to work. Please look into this.",Profile Update,Medium
PR-0048,"Kindly note: I was awarded the scholarship shown on my portal, but I have not received any update on the disbursement schedule yet. Kindly help.",Scholarship,Medium
PR-0049,"Dear concerned team, my visa application will be rejected if I do not submit a verified degree equivalence certificate by this week, and the verification office has stopped responding entirely. Awaiting your response.",Certificate / Verification,Critical
PR-0050,How can I generate a new fee challan for the semester?,Fee & Challan,Low
PR-0051,"My degree verification request from a foreign employer has been pending response for several weeks, and my job offer is contingent on it being completed by by tomorrow morning.",Certificate / Verification,High
PR-0052,"Kindly note: The entire university portal has been completely down for all students and staff since last night, and this week is the deadline for semester registration with no announced extension. Regards.",Portal Technical Issue,Critical
PR-0053,"Kindly note: My salary has not been credited for over a week despite my department confirming approval, and I need this urgently to cover overdue expenses due tomorrow.",Employee Services,High
PR-0054,"Kindly note: I have a visa interview in two days and the embassy has specifically asked for my original transcript, which I still do not have despite requesting it almost two weeks ago.",Transcript,Critical
PR-0055,"Hi, i paid my semester fee of Rs. 22,000 on a couple of days ago and the amount was deducted from my account, but the portal still shows the challan as unpaid, and the late fee deadline is within 24 hours. Please look into this.",Fee & Challan,High
PR-0056,"Dear concerned team, i need a duplicate transcript copy as my original was misplaced. Could you guide me on the reissuance process? Awaiting your response.",Transcript,Medium
PR-0057,"Dear concerned team, has the result declaration date been finalized yet for this semester? Awaiting your response.",Result,Low
PR-0058,I would like to raise a complaint about receiving conflicting information from two different staff members regarding the same issue.,Complaint,Medium
PR-0059,"Kindly note: I am filing an urgent complaint that despite an official refund approval of Rs. 12,000 on record, the accounts office has still not released the funds, and I cannot pay this week's non-negotiable admission deadline fee without it. Awaiting your response.",Complaint,Critical
PR-0060,"The fee payment gateway on the portal is throwing a fatal error for every single student today, which is the last date for semester fee submission without penalty. Thank you.",Portal Technical Issue,Critical
PR-0061,"Dear concerned team, my admission abroad will be cancelled by tomorrow morning unless I submit my original degree, and it has been stuck in processing for nearly two months despite paying the urgent fee. Thank you.",Degree,Critical
PR-0062,"Sir, there is a spelling mistake in my name on my student portal record; my correct name is Ayesha Siddiqui. Could this be corrected? Awaiting your response.",Name Correction,Medium
PR-0063,"Respected Sir/Madam, my scholarship was suddenly cancelled without any notice and I have no funds to pay by tomorrow morning's fee deadline; if I don't pay today I will be dropped from the semester entirely. Thank you.",Scholarship,Critical
PR-0064,"Hi, i was awarded the scholarship shown on my portal, but I have not received any update on the disbursement schedule yet.",Scholarship,Medium
PR-0065,"The result module of the portal has been throwing a server error for a couple of days, and I cannot proceed with a task due within 24 hours. Kindly advise.",Portal Technical Issue,High
PR-0066,Kindly note: By mistake I applied for clearance under the wrong semester; could my clearance be reset so I can reapply correctly?,Clearance,Medium
PR-0067,"Kindly note: I have been awarded a compartment in Data Structures despite being confident I attempted the paper correctly, and I need urgent re-evaluation as it affects my scholarship eligibility review within 24 hours.",Examination,High
PR-0068,"Sir, how can I change the spelling of my name on my student ID card?",Name Correction,Low
PR-0069,What is the eligibility criteria for the merit-based scholarship? Thank you.,Scholarship,Low
PR-0070,"Respected Sir/Madam, my thesis file was rejected by the portal for an unspecified reason and the resubmission deadline is today.",Thesis,High
PR-0071,"Dear concerned team, i forgot my portal password and the reset link is not sending an OTP to my registered email; is there another way to reset it?",Account & Login,Medium
PR-0072,"Respected Sir/Madam, my semester fee challan is not showing on the portal; could you help me generate it so I can pay before the due date? Kindly advise.",Fee & Challan,Medium
PR-0073,"Respected Sir/Madam, my admission at a foreign university will be cancelled if I do not submit my original transcript by by Friday, and the transcript office has not responded to my repeated requests. Kindly advise.",Transcript,Critical
PR-0074,"Sir, small feedback: the waiting area could use a bit more seating, just a general comment. Kindly help.",Complaint,Low
PR-0075,Kindly note: Just wanted to confirm the standard leave application process for staff.,Employee Services,Low
PR-0076,"I am filing an urgent complaint that despite an official refund approval of Rs. 7,200 on record, the accounts office has still not released the funds, and I cannot pay tomorrow's non-negotiable admission deadline fee without it. Kindly advise.",Complaint,Critical
PR-0077,"Sir, my visa application will be rejected if I do not submit a verified degree equivalence certificate by tomorrow, and the verification office has stopped responding entirely. Please look into this.",Certificate / Verification,Critical
PR-0078,"Respected Sir/Madam, has the result declaration date been finalized yet for this semester? Please look into this.",Result,Low
PR-0079,"Sir, how can I generate a new fee challan for the semester? Please look into this.",Fee & Challan,Low
PR-0080,"Sir, i am filing an urgent complaint that despite an official refund approval of Rs. 26,400 on record, the accounts office has still not released the funds, and I cannot pay tomorrow's non-negotiable admission deadline fee without it.",Complaint,Critical
PR-0081,My comprehensive exam date is missing from my record; could this be updated so I can proceed with the next steps?,Examination,Medium
PR-0082,"Respected Sir/Madam, what is the usual turnaround time for certificate issuance? Please look into this.",Certificate / Verification,Low
PR-0083,My semester fee challan is not showing on the portal; could you help me generate it so I can pay before the due date? Kindly help.,Fee & Challan,Medium
PR-0084,"Today is the absolute last date for admission fee submission for MPhil Software Engineering, and the online payment gateway has been down since this morning for every single applicant on the merit list. Thank you.",Admission,Critical
PR-0085,What is the admission fee structure for BS Computer Science?,Admission,Low
PR-0086,"Dear concerned team, i am filing an urgent complaint that despite an official refund approval of Rs. 42,000 on record, the accounts office has still not released the funds, and I cannot pay today's non-negotiable admission deadline fee without it. Please look into this.",Complaint,Critical
PR-0087,"Sir, several months of ticket records and attached documents appear to have been permanently deleted from the system overnight with no backup available, affecting hundreds of open cases. Kindly help.",Portal Technical Issue,Critical
PR-0088,"Is there a mobile app version of the portal available, just curious? Awaiting your response.",Portal Technical Issue,Low
PR-0089,"Kindly note: My salary has not been credited for almost two weeks despite my department confirming approval, and I need this urgently to cover overdue expenses due today. Kindly help.",Employee Services,High
PR-0090,"My transcript request has been pending for a couple of days despite the fee being paid, and I need it for a scholarship submission by Friday. Thank you.",Transcript,High
PR-0091,"The entire university portal has been completely down for all students and staff since last night, and tomorrow is the deadline for semester registration with no announced extension.",Portal Technical Issue,Critical
PR-0092,Just wanted to confirm the standard leave application process for staff. Kindly advise.,Employee Services,Low
PR-0093,"I have been awarded a compartment in Database Systems despite being confident I attempted the paper correctly, and I need urgent re-evaluation as it affects my scholarship eligibility review this week. Please look into this.",Examination,High
PR-0094,The notification bell on my dashboard shows a count but clicking it does not open any notifications. Kindly advise.,Portal Technical Issue,Medium
PR-0095,"Dear concerned team, my contract renewal has not been processed and my current contract expires by tomorrow morning, putting my continued employment at risk.",Employee Services,High
PR-0096,Kindly note: There is a spelling mistake in my name on my student portal record; my correct name is Imran Sarwar. Could this be corrected? Kindly advise.,Name Correction,Medium
PR-0097,"Hi, my examination admit card is missing and my paper is scheduled for today; without it I may not be allowed to sit the exam. Thank you.",Examination,High
PR-0098,"Dear concerned team, could you guide me on the process to apply for a semester leave of absence for personal reasons? Kindly help.",Other,Medium
PR-0099,Is fee payable through mobile wallets or only through bank challan?,Fee & Challan,Low
PR-0100,"Respected Sir/Madam, i have a supply in Thermodynamics but the Course Repeat option does not show this subject; could it be enabled? Kindly advise.",Course Registration,Medium
PR-0101,"Sir, the fire alarm system across the entire Rahim Yar Khan Campus hostel block has stopped working, posing a serious safety risk to every resident student right now. Awaiting your response.",Infrastructure / Maintenance,Critical
PR-0102,"My HEC attestation appointment is within 24 hours and the university's online verification, which HEC is waiting on for dozens of applicants today, has still not been submitted for any of us. Kindly help.",Certificate / Verification,Critical
PR-0103,"Respected Sir/Madam, the examination portal has completely gone down while the final exam is currently being conducted live for hundreds of students, and no backup arrangement has been announced. Thank you.",Examination,Critical
PR-0104,"Respected Sir/Madam, my degree application shows 'Submitted' status even though I paid the challan over a week ago, and I would like to know if this is normal processing time. Awaiting your response.",Degree,Medium
PR-0105,"Respected Sir/Madam, my admission abroad will be cancelled this week unless I submit my original degree, and it has been stuck in processing for several weeks despite paying the urgent fee. Kindly advise.",Degree,Critical
PR-0106,"Sir, i am escalating a critical complaint on behalf of my entire batch — none of our clearance requests have been processed for over a month, and our convocation, requiring proof of clearance, is by Friday. Thank you.",Complaint,Critical
PR-0107,"The profile update system has been completely inaccessible for the entire batch for two days, and our internship documents due within 24 hours require an updated profile printout. Kindly advise.",Profile Update,Critical
PR-0108,"Dear concerned team, my department clearance is approved but the library clearance section still shows pending despite no outstanding books.",Clearance,Medium
PR-0109,"Small feedback: the waiting area could use a bit more seating, just a general comment.",Complaint,Low
PR-0110,"Dear concerned team, my examination is scheduled to start in less than an hour and the admit card generation system has been down for our entire session since early this morning.",Examination,Critical
PR-0111,My 6th semester result is not showing on the portal even though the declaration date has passed. Thank you.,Result,Medium
PR-0112,"My credit transfer approval, required by tomorrow morning to secure my admission abroad before their deadline expires, has still not been processed despite three urgent escalations this week. Kindly help.",Other,Critical
PR-0113,"Sir, i have a supply in English Composition but the Course Repeat option does not show this subject; could it be enabled? Thank you.",Course Registration,Medium
PR-0114,"Sir, the clearance module of the portal has been throwing a server error for over a week, and I cannot proceed with a task due tomorrow. Kindly help.",Portal Technical Issue,High
PR-0115,I forgot my portal password and the reset link is not sending an OTP to my registered email; is there another way to reset it? Regards.,Account & Login,Medium
PR-0116,"Respected Sir/Madam, how can employees generally check their leave balance? Kindly advise.",Employee Services,Low
PR-0117,"Respected Sir/Madam, the result declaration system crashed for the entire batch of 215 students just minutes before the scheduled announcement time, and everyone is waiting anxiously. Thank you.",Result,Critical
PR-0118,"My profile shows a completely wrong CNIC that is blocking my degree attestation submission, which is due at the HEC office by Friday, and I cannot correct it myself. Awaiting your response.",Profile Update,Critical
PR-0119,"Respected Sir/Madam, i would like to get my 'Financial Accounting' exam paper rechecked as I believe there may be a marking error. Regards.",Examination,Medium
PR-0120,"Kindly note: I have been awarded a compartment in Computer Architecture despite being confident I attempted the paper correctly, and I need urgent re-evaluation as it affects my scholarship eligibility review today.",Examination,High
PR-0121,"Dear concerned team, the examination portal has completely gone down while the final exam is currently being conducted live for hundreds of students, and no backup arrangement has been announced. Kindly advise.",Examination,Critical
PR-0122,"My credit transfer approval, required tomorrow to secure my admission abroad before their deadline expires, has still not been processed despite three urgent escalations this week.",Other,Critical
PR-0123,"Respected Sir/Madam, what is the process to request an official transcript copy in general? Awaiting your response.",Transcript,Low
PR-0124,My registered course list is missing one elective that I selected during registration week; could this be added back? Kindly help.,Course Registration,Medium
PR-0125,Course registration closes at midnight by tomorrow morning and the registration module has been throwing an error for every single student in my batch since this morning. Kindly help.,Course Registration,Critical
PR-0126,"Hi, my account shows an 'Access Restricted' message on the dashboard, though I can still use the mobile app in the meantime. Kindly advise.",Account & Login,Medium
PR-0127,Could you correct my program preference on my admission application from MBA to BS Mathematics? Please look into this.,Admission,Medium
PR-0128,"My result shows an F grade in Operating Systems that I'm confident is incorrect, and this is affecting my scholarship eligibility review scheduled by Friday. Kindly advise.",Result,High
PR-0129,"Hi, the result declaration system crashed for the entire batch of 360 students just minutes before the scheduled announcement time, and everyone is waiting anxiously. Kindly help.",Result,Critical
PR-0130,"Respected Sir/Madam, my thesis submission is blocked on the portal due to a missing field error, and my defense is scheduled within 24 hours. Regards.",Thesis,High
PR-0131,"Hi, could you guide me on the process to apply for a semester leave of absence for personal reasons?",Other,Medium
PR-0132,Could you confirm receipt of the documents I submitted for my degree equivalence certification? Thank you.,Certificate / Verification,Medium
PR-0133,Could a dark mode option be added to the profile page? It would be a nice addition.,Profile Update,Low
PR-0134,I need my final transcript urgently as I am applying for a Master's program abroad and the application portal closes this week. Regards.,Transcript,High
PR-0135,"Kindly note: None of the 145 students in our batch can log in to the portal since last night, and this week is the final date for exam form submission with no extension announced. Awaiting your response.",Account & Login,Critical
PR-0136,Where can I go to check which email is currently registered against my account? Thank you.,Account & Login,Low
PR-0137,"I need an official letter of recommendation urgently for a scholarship application closing within 24 hours, and my department has not responded to my request from about a week ago. Thank you.",Other,High
PR-0138,"There is an unusual, time-sensitive situation affecting hundreds of students across multiple departments that doesn't fit any specific category, and it needs immediate institutional attention by tomorrow morning. Awaiting your response.",Other,Critical
PR-0139,"Dear concerned team, i want to complain that my previous ticket was closed without any resolution or explanation; could it be reopened? Thank you.",Complaint,Medium
PR-0140,"Hi, could a dark mode option be added to the profile page? It would be a nice addition. Kindly help.",Profile Update,Low
PR-0141,What is the admission fee structure for MPhil Software Engineering? Thank you.,Admission,Low
PR-0142,"Dear concerned team, has the result declaration date been finalized yet for this semester? Thank you.",Result,Low
PR-0143,"Hi, what is the eligibility criteria for the merit-based scholarship? Kindly advise.",Scholarship,Low
PR-0144,"Sir, there is an unusual, time-sensitive situation affecting hundreds of students across multiple departments that doesn't fit any specific category, and it needs immediate institutional attention by Friday.",Other,Critical
PR-0145,I'd like to request re-generation of my degree fee challan as it was created under the wrong fee category. Regards.,Degree,Medium
PR-0146,"There is a clear discrepancy between my award list and my final result on the portal for 4 subjects, and I need this corrected before my transcript request within 24 hours. Kindly help.",Result,High
PR-0147,"Respected Sir/Madam, i would like to know how to request a change of campus from Baghdad-ul-Jadeed Campus to another campus. Kindly advise.",Other,Medium
PR-0148,"Respected Sir/Madam, my account shows an 'Access Restricted' message on the dashboard, though I can still use the mobile app in the meantime. Regards.",Account & Login,Medium
PR-0149,"Dear concerned team, when I open the transcript section on the portal it appears empty and does not load any data.",Portal Technical Issue,Medium
PR-0150,"Dear concerned team, i have already submitted my thesis but I am unable to check the current status because it shows a missing registration number error.",Thesis,Medium
PR-0151,"Respected Sir/Madam, could you confirm the status of my scholarship application submitted over a week ago? Please look into this.",Scholarship,Medium
PR-0152,Kindly note: My admission application fee was paid but the status still shows 'Pending Payment' on the portal. Kindly help.,Admission,Medium
PR-0153,My department clearance is approved but the library clearance section still shows pending despite no outstanding books. Kindly help.,Clearance,Medium
PR-0154,"Sir, i am unable to update my biography and professional links on my profile page; the save button does not seem to work. Regards.",Profile Update,Medium
PR-0155,"I am escalating a critical complaint on behalf of my entire batch — none of our clearance requests have been processed for over a month, and our convocation, requiring proof of clearance, is by Friday. Regards.",Complaint,Critical
PR-0156,"Dear concerned team, how many credit hours can I generally register for in a normal semester?",Course Registration,Low
PR-0157,I need an Enrollment Certificate for a scheme application; could this be issued at your earliest convenience? Kindly advise.,Certificate / Verification,Medium
PR-0158,"Dear concerned team, how long does the clearance approval usually take on average?",Clearance,Low
PR-0159,"Respected Sir/Madam, i am escalating a critical complaint on behalf of my entire batch — none of our clearance requests have been processed for over a month, and our convocation, requiring proof of clearance, is by tomorrow morning. Awaiting your response.",Complaint,Critical
PR-0160,Has the result declaration date been finalized yet for this semester? Regards.,Result,Low
PR-0161,"How can I request a bonafide certificate in general, just for future reference? Kindly help.",Certificate / Verification,Low
PR-0162,"Dear concerned team, my account keeps logging me out automatically every few minutes, which is a bit inconvenient when filling out forms. Thank you.",Account & Login,Medium
PR-0163,"Sir, is there a way to change my profile picture on the portal, just curious about the option? Thank you.",Profile Update,Low
PR-0164,"Dear concerned team, several months of ticket records and attached documents appear to have been permanently deleted from the system overnight with no backup available, affecting hundreds of open cases. Please look into this.",Portal Technical Issue,Critical
PR-0165,"Sir, my admission application fee was paid but the status still shows 'Pending Payment' on the portal.",Admission,Medium
PR-0166,"Hi, i have a supply in Financial Accounting but the Course Repeat option does not show this subject; could it be enabled? Awaiting your response.",Course Registration,Medium
PR-0167,"Respected Sir/Madam, my name mismatch between my degree and CNIC is the sole reason my HEC attestation, required in two days for a visa appointment, has been rejected. Please look into this.",Name Correction,Critical
PR-0168,"Dear concerned team, by mistake I applied for clearance under the wrong semester; could my clearance be reset so I can reapply correctly? Kindly advise.",Clearance,Medium
PR-0169,"Sir, how many credit hours can I generally register for in a normal semester? Kindly advise.",Course Registration,Low
PR-0170,"I am formally complaining about a delay of more than two months in processing my transcript request despite multiple follow-ups, and I now have a hard deadline this week. Thank you.",Complaint,High
PR-0171,"Hi, what documents are generally required for the final clearance process? Regards.",Clearance,Low
PR-0172,"Dear concerned team, i was declared eligible on the merit list for BS Mathematics but my admission fee challan is not generating, and by tomorrow morning is the last date to pay and confirm my seat. Awaiting your response.",Admission,High
PR-0173,"Hi, i would like to request my monthly payslip copies for the last few months for my personal records. Awaiting your response.",Employee Services,Medium
PR-0174,"Kindly note: My profile shows a completely wrong CNIC that is blocking my degree attestation submission, which is due at the HEC office tomorrow, and I cannot correct it myself.",Profile Update,Critical
PR-0175,I need my final transcript urgently as I am applying for a Master's program abroad and the application portal closes today. Please look into this.,Transcript,High
PR-0176,"Dear concerned team, my contract renewal has not been processed and my current contract expires by Friday, putting my continued employment at risk. Kindly advise.",Employee Services,High
PR-0177,"Sir, my scholarship was suddenly cancelled without any notice and I have no funds to pay in two days's fee deadline; if I don't pay today I will be dropped from the semester entirely.",Scholarship,Critical
PR-0178,"Sir, my department clearance is approved but the library clearance section still shows pending despite no outstanding books. Kindly advise.",Clearance,Medium
PR-0179,"Hi, what is the process to request an official transcript copy in general? Kindly help.",Transcript,Low
PR-0180,"Respected Sir/Madam, i have been awarded a compartment in Financial Accounting despite being confident I attempted the paper correctly, and I need urgent re-evaluation as it affects my scholarship eligibility review within 24 hours. Please look into this.",Examination,High
PR-0181,"Kindly note: A major water leakage has flooded part of the server room at Bahawalpur City Campus, threatening to permanently damage critical IT infrastructure for the whole university. Please look into this.",Infrastructure / Maintenance,Critical
PR-0182,"Dear concerned team, what is the eligibility criteria for the merit-based scholarship?",Scholarship,Low
PR-0183,"Respected Sir/Madam, my registration hold has still not been cleared despite clearing all dues weeks ago, and by Friday is the absolute last day to register, after which I will lose the entire semester.",Course Registration,Critical
PR-0184,"Respected Sir/Madam, the entire university portal has been completely down for all students and staff since last night, and tomorrow is the deadline for semester registration with no announced extension.",Portal Technical Issue,Critical
PR-0185,"Sir, i am writing on behalf of the entire batch of BS Agriculture scholarship recipients — none of us have received our final installment for over two years, and several of us cannot complete clearance for graduation because of it. Awaiting your response.",Scholarship,Critical
PR-0186,"My transcript request has been pending for over a week despite the fee being paid, and I need it for a scholarship submission this week. Thank you.",Transcript,High
PR-0187,"Sir, the thesis submission deadline is this week at midnight and the upload button has been completely non-functional for our entire batch since this afternoon. Awaiting your response.",Thesis,Critical
PR-0188,What is the normal degree processing time for BS Computer Science graduates?,Degree,Low
PR-0189,"I updated my profile with my new degree information required for a job application deadline by tomorrow morning, but the changes are not being saved by the portal at all. Thank you.",Profile Update,High
PR-0190,"Respected Sir/Madam, my visa application will be rejected if I do not submit a verified degree equivalence certificate by in two days, and the verification office has stopped responding entirely. Please look into this.",Certificate / Verification,Critical
PR-0191,One of my course results is missing from my transcript page while the rest are showing correctly. Thank you.,Result,Medium
PR-0192,"I am formally complaining about a delay of nearly two months in processing my clearance request despite multiple follow-ups, and I now have a hard deadline this week. Awaiting your response.",Complaint,High
PR-0193,"The main student database appears to be corrupted, and records for an entire batch of 367 students are showing blank or missing fields across every module. Regards.",Portal Technical Issue,Critical
PR-0194,"Dear concerned team, the entire fee payment gateway has been down since last night for all students, and in two days is the final date to submit semester fees without a late fine. Thank you.",Fee & Challan,Critical
PR-0195,"Kindly note: My HEC attestation appointment is by tomorrow morning and the university's online verification, which HEC is waiting on for dozens of applicants today, has still not been submitted for any of us. Thank you.",Certificate / Verification,Critical
PR-0196,"Kindly note: The clearance module of the portal has been throwing a server error for about a week, and I cannot proceed with a task due this week. Please look into this.",Portal Technical Issue,High
PR-0197,"Dear concerned team, my contract renewal has not been processed and my current contract expires tomorrow, putting my continued employment at risk.",Employee Services,High
PR-0198,"I was awarded the scholarship shown on my portal, but I have not received any update on the disbursement schedule yet. Regards.",Scholarship,Medium
PR-0199,"My login access to a system I need for essential work was suddenly revoked, and I have a task depending on it due this week.",Account & Login,High
PR-0200,"Sir, what is the usual turnaround time for certificate issuance? Regards.",Certificate / Verification,Low
PR-0201,"Respected Sir/Madam, the fee payment gateway on the portal is throwing a fatal error for every single student today, which is the last date for semester fee submission without penalty. Kindly advise.",Portal Technical Issue,Critical
PR-0202,"Our entire class's clearance requests have been frozen due to a system error, blocking all 217 of us from collecting our degrees before by tomorrow morning's convocation. Regards.",Clearance,Critical
PR-0203,My examination admit card is missing and my paper is scheduled for tomorrow; without it I may not be allowed to sit the exam.,Examination,High
PR-0204,"Respected Sir/Madam, my admission application fee was paid but the status still shows 'Pending Payment' on the portal. Regards.",Admission,Medium
PR-0205,"Sir, my admission abroad will be cancelled by Friday unless my degree name matches my passport exactly, and the correction request has been pending for several months despite the urgency I flagged. Kindly advise.",Name Correction,Critical
PR-0206,"Hi, what documents are generally required for the final clearance process?",Clearance,Low
PR-0207,"Dear concerned team, my result shows an F grade in English Composition that I'm confident is incorrect, and this is affecting my scholarship eligibility review scheduled by tomorrow morning. Please look into this.",Result,High
PR-0208,"Sir, my admission abroad will be cancelled by Friday unless I submit my original degree, and it has been stuck in processing for more than two months despite paying the urgent fee. Thank you.",Degree,Critical
PR-0209,My comprehensive exam date is missing from my record; could this be updated so I can proceed with the next steps? Thank you.,Examination,Medium
PR-0210,I would like to raise a complaint about receiving conflicting information from two different staff members regarding the same issue. Kindly advise.,Complaint,Medium
PR-0211,When is the next semester result usually announced?,Result,Low
PR-0212,"Respected Sir/Madam, my thesis submission is blocked on the portal due to a missing field error, and my defense is scheduled by Friday. Please look into this.",Thesis,High
PR-0213,"How can I request a bonafide certificate in general, just for future reference? Regards.",Certificate / Verification,Low
PR-0214,"Could you tell me the general process to change the username linked to my profile, no rush on this? Awaiting your response.",Account & Login,Low
PR-0215,"Hi, just wanted to confirm the general thesis submission format guidelines. Awaiting your response.",Thesis,Low
PR-0216,"Sir, my degree verification request from a foreign employer has been pending response for nearly two months, and my job offer is contingent on it being completed by today. Please look into this.",Certificate / Verification,High
PR-0217,"Sir, the entire fee payment gateway has been down since last night for all students, and this week is the final date to submit semester fees without a late fine. Kindly help.",Fee & Challan,Critical
PR-0218,Kindly note: Just wanted to confirm the general examination fee amount for this term. Regards.,Examination,Low
PR-0219,"Dear concerned team, how can I apply for degree collection once it's ready?",Degree,Low
PR-0220,"Hi, how can I generate a new fee challan for the semester? Please look into this.",Fee & Challan,Low
PR-0221,"Respected Sir/Madam, when does the admission form submission usually open for the next intake?",Admission,Low
PR-0222,"My name correction request has been pending for several months, and it is now blocking my degree printing needed before within 24 hours. Awaiting your response.",Name Correction,High
PR-0223,The thesis submission deadline is by Friday at midnight and the upload button has been completely non-functional for our entire batch since this afternoon. Thank you.,Thesis,Critical
PR-0224,Kindly note: I need a duplicate transcript copy as my original was misplaced. Could you guide me on the reissuance process?,Transcript,Medium
PR-0225,My department clearance is approved but the library clearance section still shows pending despite no outstanding books.,Clearance,Medium
PR-0226,"Hi, the examination portal has completely gone down while the final exam is currently being conducted live for hundreds of students, and no backup arrangement has been announced. Awaiting your response.",Examination,Critical
PR-0227,"My repeat subject fee challan has not been generated even though the subject shows as failed on my result, and course registration closes today. Thank you.",Course Registration,High
PR-0228,What is the recommended word count for a thesis final draft? Kindly help.,Thesis,Low
PR-0229,My educational records are not reflected in my profile despite attaching verified transcripts a couple of days ago. Regards.,Profile Update,Medium
PR-0230,"Dear concerned team, my thesis file was rejected by the portal for an unspecified reason and the resubmission deadline is tomorrow.",Thesis,High
PR-0231,"Sir, is there a student club focused on robotics that I could join?",Other,Low
PR-0232,"Respected Sir/Madam, despite paying all dues on time, I have faced continuous delays across multiple offices regarding my final clearance, now jeopardizing my job joining date in two days. Kindly advise.",Complaint,High
PR-0233,"Kindly note: I have a visa interview this week and my experience certificate, promised for today, has still not been issued despite multiple follow-ups all week. Awaiting your response.",Employee Services,Critical
PR-0234,Is fee payable through mobile wallets or only through bank challan? Awaiting your response.,Fee & Challan,Low
PR-0235,"Sir, i would like to know how to request a change of campus from Khanpur Campus to another campus. Regards.",Other,Medium
PR-0236,"Our whole department's final semester result system is showing 'no data found' for every single student, and it is blocking all of us from applying for graduation clearance before this week. Awaiting your response.",Result,Critical
PR-0237,Is there a student club focused on debate that I could join? Awaiting your response.,Other,Low
PR-0238,"My repeat subject fee challan has not been generated even though the subject shows as failed on my result, and course registration closes today.",Course Registration,High
PR-0239,"Kindly note: My account keeps logging me out automatically every few minutes, which is a bit inconvenient when filling out forms.",Account & Login,Medium
PR-0240,"Kindly note: I have been awarded a compartment in Statistics despite being confident I attempted the paper correctly, and I need urgent re-evaluation as it affects my scholarship eligibility review this week.",Examination,High
PR-0241,"My admission has been put on hold because my HEC equivalence certificate has not been verified yet, and classes for BS Zoology start this week. Kindly help.",Admission,High
PR-0242,"Dear concerned team, i would like to request my monthly payslip copies for the last few months for my personal records. Awaiting your response.",Employee Services,Medium
PR-0243,"Hi, i am unable to update my biography and professional links on my profile page; the save button does not seem to work. Awaiting your response.",Profile Update,Medium
PR-0244,"Dear concerned team, hEC verification of my scholarship documents is still pending after over a week, and my semester fee due date is this week. Thank you.",Scholarship,High
PR-0245,"Hi, how can employees generally check their leave balance? Kindly advise.",Employee Services,Low
PR-0246,How long does the clearance approval usually take on average?,Clearance,Low
PR-0247,Could you correct my program preference on my admission application from MPhil Software Engineering to PhD Management Sciences? Awaiting your response.,Admission,Medium
PR-0248,"Hi, could a water cooler be installed near the Registrar Office? Just a small suggestion.",Infrastructure / Maintenance,Low
PR-0249,"Kindly note: My scholarship disbursement has been delayed by several weeks, and I need this amount to clear my semester fee challan before the due date tomorrow, otherwise I risk being dropped. Kindly advise.",Scholarship,High
PR-0250,"Sir, my credit transfer approval, required today to secure my admission abroad before their deadline expires, has still not been processed despite three urgent escalations this week. Please look into this.",Other,Critical
PR-0251,"Hi, my admission abroad will be cancelled by tomorrow morning unless my degree name matches my passport exactly, and the correction request has been pending for nearly two months despite the urgency I flagged. Regards.",Name Correction,Critical
PR-0252,My semester fee challan is not showing on the portal; could you help me generate it so I can pay before the due date? Awaiting your response.,Fee & Challan,Medium
PR-0253,"Dear concerned team, could you confirm receipt of the documents I submitted for my degree equivalence certification?",Certificate / Verification,Medium
PR-0254,"The profile update system has been completely inaccessible for the entire batch for two days, and our internship documents due this week require an updated profile printout.",Profile Update,Critical
PR-0255,"Sir, my clearance is the only thing standing between me and graduation, and my scholarship abroad requires proof of graduation by by Friday, but the Directorate of Academics has gone completely silent. Kindly help.",Clearance,Critical
PR-0256,"I am formally complaining about a delay of over a month in processing my clearance request despite multiple follow-ups, and I now have a hard deadline this week.",Complaint,High
PR-0257,"I was declared eligible on the merit list for MBA but my admission fee challan is not generating, and tomorrow is the last date to pay and confirm my seat. Thank you.",Admission,High
PR-0258,"Sir, i keep getting logged out mid-way while submitting a required form, and I've now failed to submit it three times with the deadline being by Friday. Regards.",Account & Login,High
PR-0259,"Respected Sir/Madam, i need a duplicate transcript copy as my original was misplaced. Could you guide me on the reissuance process?",Transcript,Medium
PR-0260,"Hi, could you guide me on the process to apply for a semester leave of absence for personal reasons? Regards.",Other,Medium
PR-0261,"Sir, could a dark mode option be added to the profile page? It would be a nice addition. Please look into this.",Profile Update,Low
PR-0262,"Respected Sir/Madam, i paid my semester fee of Rs. 3,500 on about a week ago and the amount was deducted from my account, but the portal still shows the challan as unpaid, and the late fee deadline is within 24 hours.",Fee & Challan,High
PR-0263,"Hi, there is a spelling mistake in my name on my student portal record; my correct name is Waqas Ahmed. Could this be corrected? Kindly advise.",Name Correction,Medium
PR-0264,"My registration hold has still not been cleared despite clearing all dues weeks ago, and this week is the absolute last day to register, after which I will lose the entire semester. Thank you.",Course Registration,Critical
PR-0265,"It has been over a month since I completed my graduation and I still have not received my degree, which is now delaying a job I was set to start by tomorrow morning.",Degree,High
PR-0266,"Respected Sir/Madam, there is a spelling mistake in my name on my student portal record; my correct name is Imran Sarwar. Could this be corrected? Regards.",Name Correction,Medium
PR-0267,What documents are generally required for the final clearance process? Thank you.,Clearance,Low
PR-0268,"Sir, how can I get the developer pack using my student email, just curious if it's available? Please look into this.",Other,Low
PR-0269,"Hi, just wanted to confirm the standard leave application process for staff. Kindly advise.",Employee Services,Low
PR-0270,Could you confirm receipt of the documents I submitted for my degree equivalence certification?,Certificate / Verification,Medium
PR-0271,"Respected Sir/Madam, the elevator serving the examination hall has broken down, creating serious difficulty for students with mobility issues ahead of by Friday's exam. Kindly help.",Infrastructure / Maintenance,High
PR-0272,"Dear concerned team, what documents are generally required for the final clearance process?",Clearance,Low
PR-0273,How do I log out of the portal properly on a shared computer? Awaiting your response.,Account & Login,Low
PR-0274,"Dear concerned team, what is the process to request an official transcript copy in general? Please look into this.",Transcript,Low
PR-0275,How many credit hours can I generally register for in a normal semester?,Course Registration,Low
PR-0276,Kindly note: When does the admission form submission usually open for the next intake? Kindly advise.,Admission,Low
PR-0277,"My admission offer will be automatically cancelled at midnight today if I do not submit my documents, but the document upload portal is showing a server error for every applicant right now. Kindly advise.",Admission,Critical
PR-0278,"My clearance is the only thing standing between me and graduation, and my scholarship abroad requires proof of graduation by within 24 hours, but the Directorate of Academics has gone completely silent.",Clearance,Critical
PR-0279,"Kindly note: My leave of absence request for a medical situation has not been approved yet, and my semester fee deadline, which depends on this approval, is this week. Kindly advise.",Other,High
PR-0280,"Dear concerned team, my registered course list is missing one elective that I selected during registration week; could this be added back? Awaiting your response.",Course Registration,Medium
PR-0281,"Hi, my department clearance is approved but the library clearance section still shows pending despite no outstanding books. Regards.",Clearance,Medium
PR-0282,"My clearance was rejected without any specified reason, and this is now delaying my degree collection needed for a job joining date in two days. Regards.",Clearance,High
PR-0283,"Sir, just wanted to confirm the general examination fee amount for this term.",Examination,Low
PR-0284,"Sir, my HEC degree attestation application has been stuck pending university verification for over a week, and my attestation appointment is by tomorrow morning. Regards.",Certificate / Verification,High
PR-0285,"Hi, it has been several months since I completed my graduation and I still have not received my degree, which is now delaying a job I was set to start within 24 hours. Kindly advise.",Degree,High
PR-0286,How can I apply for degree collection once it's ready?,Degree,Low
PR-0287,"Hi, my degree application shows 'Submitted' status even though I paid the challan a couple of days ago, and I would like to know if this is normal processing time. Awaiting your response.",Degree,Medium
PR-0288,"Kindly note: My urgent degree application has been under 'review' for almost two weeks even though I paid the urgent fee, and I need it for a job offer that requires verification this week. Regards.",Degree,High
PR-0289,"Hi, i am writing on behalf of the entire batch of BS Data Science scholarship recipients — none of us have received our final installment for over two years, and several of us cannot complete clearance for graduation because of it. Kindly help.",Scholarship,Critical
PR-0290,I have already submitted my thesis but I am unable to check the current status because it shows a missing registration number error. Kindly help.,Thesis,Medium
PR-0291,"Hi, the result module of the portal has been throwing a server error for over a week, and I cannot proceed with a task due by tomorrow morning.",Portal Technical Issue,High
PR-0292,"Sir, when is the next semester result usually announced? Please look into this.",Result,Low
PR-0293,"Kindly note: I keep getting logged out mid-way while submitting a required form, and I've now failed to submit it three times with the deadline being by tomorrow morning. Regards.",Account & Login,High
PR-0294,"Hi, how many credit hours can I generally register for in a normal semester?",Course Registration,Low
PR-0295,"Dear concerned team, there is a clear discrepancy between my award list and my final result on the portal for 3 subjects, and I need this corrected before my transcript request by tomorrow morning.",Result,High
PR-0296,"Hi, the result declaration system crashed for the entire batch of 554 students just minutes before the scheduled announcement time, and everyone is waiting anxiously. Awaiting your response.",Result,Critical
PR-0297,"HEC verification of my scholarship documents is still pending after a couple of days, and my semester fee due date is in two days. Regards.",Scholarship,High
PR-0298,"Respected Sir/Madam, the notification bell on my dashboard shows a count but clicking it does not open any notifications. Thank you.",Portal Technical Issue,Medium
PR-0299,"Dear concerned team, my name on my degree does not match my CNIC due to a typo, and this mismatch is blocking my HEC attestation submission, which has a deadline by tomorrow morning.",Name Correction,High
PR-0300,"Hi, the telephone line of the Scholarship Office at Bahawalpur City Campus is not functioning, and this is adversely affecting the ongoing admission campaign whose deadline is within 24 hours.",Infrastructure / Maintenance,High
PR-0301,"Sir, what documents are generally required for the final clearance process?",Clearance,Low
PR-0302,"Small feedback: the waiting area could use a bit more seating, just a general comment. Kindly advise.",Complaint,Low
PR-0303,"Respected Sir/Madam, i need a duplicate transcript copy as my original was misplaced. Could you guide me on the reissuance process? Kindly help.",Transcript,Medium
PR-0304,"My admission offer will be automatically cancelled at midnight by tomorrow morning if I do not submit my documents, but the document upload portal is showing a server error for every applicant right now. Please look into this.",Admission,Critical
PR-0305,"Dear concerned team, i was declared eligible on the merit list for BS Software Engineering but my admission fee challan is not generating, and within 24 hours is the last date to pay and confirm my seat.",Admission,High
PR-0306,"Dear concerned team, how can employees generally check their leave balance? Awaiting your response.",Employee Services,Low
PR-0307,"Dear concerned team, when is the next semester result usually announced? Kindly help.",Result,Low
PR-0308,"I updated my profile with my new degree information required for a job application deadline by Friday, but the changes are not being saved by the portal at all. Awaiting your response.",Profile Update,High
PR-0309,Kindly note: I would like to request my monthly payslip copies for the last few months for my personal records. Thank you.,Employee Services,Medium
PR-0310,"Dear concerned team, what is the usual format of the mid-term examination?",Examination,Low
PR-0311,The notification bell on my dashboard shows a count but clicking it does not open any notifications. Thank you.,Portal Technical Issue,Medium
PR-0312,"Hi, how can employees generally check their leave balance? Kindly help.",Employee Services,Low
PR-0313,"Respected Sir/Madam, the examination portal has completely gone down while the final exam is currently being conducted live for hundreds of students, and no backup arrangement has been announced. Regards.",Examination,Critical
PR-0314,"Respected Sir/Madam, my thesis file was rejected by the portal for an unspecified reason and the resubmission deadline is this week. Please look into this.",Thesis,High
PR-0315,"Hi, my degree application shows 'Submitted' status even though I paid the challan almost two weeks ago, and I would like to know if this is normal processing time.",Degree,Medium
PR-0316,"Respected Sir/Madam, my scholarship was suddenly cancelled without any notice and I have no funds to pay within 24 hours's fee deadline; if I don't pay today I will be dropped from the semester entirely. Awaiting your response.",Scholarship,Critical
PR-0317,"Hi, the fire alarm system across the entire Rahim Yar Khan Campus hostel block has stopped working, posing a serious safety risk to every resident student right now. Awaiting your response.",Infrastructure / Maintenance,Critical
PR-0318,When does the admission form submission usually open for the next intake?,Admission,Low
PR-0319,I would like to request my monthly payslip copies for the last few months for my personal records. Regards.,Employee Services,Medium
PR-0320,"Dear concerned team, my Directorate of Academics clearance has been pending for several weeks even though my other clearances were completed long ago, and I need my final transcript for a job that starts today. Please look into this.",Clearance,High
PR-0321,What is the normal degree processing time for BS Statistics graduates? Regards.,Degree,Low
PR-0322,"Respected Sir/Madam, small feedback: the waiting area could use a bit more seating, just a general comment. Please look into this.",Complaint,Low
PR-0323,"My scholarship-covered fee challan is still showing unpaid even though the scholarship office confirmed disbursement about a week ago, and a late fee surcharge starts tomorrow.",Fee & Challan,High
PR-0324,"Sir, my department clearance is approved but the library clearance section still shows pending despite no outstanding books.",Clearance,Medium
PR-0325,"Respected Sir/Madam, how can I change the spelling of my name on my student ID card? Thank you.",Name Correction,Low
PR-0326,"Dear concerned team, i have a visa interview tomorrow morning and the embassy has specifically asked for my original transcript, which I still do not have despite requesting it over a week ago. Please look into this.",Transcript,Critical
PR-0327,"Hi, do I need to visit in person for a name correction, or is there an online option available? Thank you.",Name Correction,Low
PR-0328,"Sir, i am unable to update my biography and professional links on my profile page; the save button does not seem to work. Please look into this.",Profile Update,Medium
PR-0329,"Sir, the Wi-Fi router in one of the blocks has been intermittent for several days; could it be checked? Please look into this.",Infrastructure / Maintenance,Medium
PR-0330,"Hi, the entire fee payment gateway has been down since last night for all students, and this week is the final date to submit semester fees without a late fine. Please look into this.",Fee & Challan,Critical
PR-0331,Kindly note: My registered course list is missing one elective that I selected during registration week; could this be added back? Kindly advise.,Course Registration,Medium
PR-0332,"Hi, i was declared eligible on the merit list for BS Agriculture but my admission fee challan is not generating, and in two days is the last date to pay and confirm my seat. Awaiting your response.",Admission,High
PR-0333,"Respected Sir/Madam, i would like to raise a complaint about receiving conflicting information from two different staff members regarding the same issue. Awaiting your response.",Complaint,Medium
PR-0334,Just wondering if I can register for an elective from a different department. Please look into this.,Course Registration,Low
PR-0335,"Dear concerned team, do I need to visit in person for a name correction, or is there an online option available? Kindly help.",Name Correction,Low
PR-0336,"Respected Sir/Madam, how can I get the developer pack using my student email, just curious if it's available? Awaiting your response.",Other,Low
PR-0337,Kindly note: Is there a student club focused on AI that I could join? Awaiting your response.,Other,Low
PR-0338,One of my course results is missing from my transcript page while the rest are showing correctly.,Result,Medium
PR-0339,What documents are generally required for the final clearance process?,Clearance,Low
PR-0340,"Kindly note: Today is the absolute last date for admission fee submission for BS Statistics, and the online payment gateway has been down since this morning for every single applicant on the merit list. Please look into this.",Admission,Critical
PR-0341,"My credit transfer approval, required within 24 hours to secure my admission abroad before their deadline expires, has still not been processed despite three urgent escalations this week.",Other,Critical
PR-0342,"Dear concerned team, there is a clear discrepancy between my award list and my final result on the portal for 3 subjects, and I need this corrected before my transcript request this week. Regards.",Result,High
PR-0343,"Hi, my account shows an 'Access Restricted' message on the dashboard, though I can still use the mobile app in the meantime. Awaiting your response.",Account & Login,Medium
PR-0344,"Hi, how can I request a bonafide certificate in general, just for future reference?",Certificate / Verification,Low
PR-0345,"Our whole department's final semester result system is showing 'no data found' for every single student, and it is blocking all of us from applying for graduation clearance before in two days.",Result,Critical
PR-0346,"Respected Sir/Madam, the paint on a corridor wall near the library is a little worn, just reporting it, not urgent at all. Kindly help.",Infrastructure / Maintenance,Low
PR-0347,"Respected Sir/Madam, how can I generate a new fee challan for the semester? Please look into this.",Fee & Challan,Low
PR-0348,My semester fee challan is not showing on the portal; could you help me generate it so I can pay before the due date? Thank you.,Fee & Challan,Medium
PR-0349,"Hi, i would like to know how to request a change of campus from Khanpur Campus to another campus.",Other,Medium
PR-0350,"Dear concerned team, i have a visa interview tomorrow morning and the embassy has specifically asked for my original transcript, which I still do not have despite requesting it over a week ago. Kindly advise.",Transcript,Critical
PR-0351,"Despite paying all dues on time, I have faced continuous delays across multiple offices regarding my final clearance, now jeopardizing my job joining date by tomorrow morning.",Complaint,High
PR-0352,"HEC verification of my scholarship documents is still pending after a couple of days, and my semester fee due date is tomorrow.",Scholarship,High
PR-0353,"Dear concerned team, today is the absolute last date for admission fee submission for BS Physical Education & Sports Sciences, and the online payment gateway has been down since this morning for every single applicant on the merit list. Regards.",Admission,Critical
PR-0354,"Dear concerned team, the main student database appears to be corrupted, and records for an entire batch of 276 students are showing blank or missing fields across every module.",Portal Technical Issue,Critical
PR-0355,"Respected Sir/Madam, my professional profile still shows outdated information even though I updated it almost two weeks ago, and a scholarship committee is reviewing my profile by tomorrow morning. Regards.",Profile Update,High
PR-0356,One of my course results is missing from my transcript page while the rest are showing correctly. Kindly advise.,Result,Medium
PR-0357,"Hi, my profile shows a completely wrong CNIC that is blocking my degree attestation submission, which is due at the HEC office within 24 hours, and I cannot correct it myself. Kindly help.",Profile Update,Critical
PR-0358,Kindly note: Could you correct my program preference on my admission application from BS Economics to LLB (5 Years)? Regards.,Admission,Medium
PR-0359,"Sir, i have been awarded a compartment in Statistics despite being confident I attempted the paper correctly, and I need urgent re-evaluation as it affects my scholarship eligibility review by tomorrow morning.",Examination,High
PR-0360,"The fee payment gateway on the portal is throwing a fatal error for every single student today, which is the last date for semester fee submission without penalty.",Portal Technical Issue,Critical
PR-0361,"My scholarship disbursement has been delayed by more than two months, and I need this amount to clear my semester fee challan before the due date this week, otherwise I risk being dropped. Awaiting your response.",Scholarship,High
PR-0362,"Dear concerned team, could a dark mode option be added to the profile page? It would be a nice addition. Please look into this.",Profile Update,Low
PR-0363,"My HEC attestation appointment is today and the university's online verification, which HEC is waiting on for dozens of applicants today, has still not been submitted for any of us.",Certificate / Verification,Critical
PR-0364,"Sir, my account keeps logging me out automatically every few minutes, which is a bit inconvenient when filling out forms. Awaiting your response.",Account & Login,Medium
PR-0365,"Sir, none of the 565 students in our batch can log in to the portal since last night, and by Friday is the final date for exam form submission with no extension announced.",Account & Login,Critical
PR-0366,"Sir, could you confirm the status of my scholarship application submitted almost two weeks ago? Awaiting your response.",Scholarship,Medium
PR-0367,"Is it possible to link two of my accounts together, or should I just keep using them separately? Kindly help.",Account & Login,Low
PR-0368,"My account keeps logging me out automatically every few minutes, which is a bit inconvenient when filling out forms. Thank you.",Account & Login,Medium
PR-0369,Kindly note: There is a spelling mistake in my name on my student portal record; my correct name is Ahmed Raza. Could this be corrected? Kindly advise.,Name Correction,Medium
PR-0370,"Sir, i have already submitted my thesis but I am unable to check the current status because it shows a missing registration number error.",Thesis,Medium
PR-0371,"Respected Sir/Madam, my admission application fee was paid but the status still shows 'Pending Payment' on the portal. Kindly help.",Admission,Medium
PR-0372,"My HEC degree attestation application has been stuck pending university verification for over a week, and my attestation appointment is in two days.",Certificate / Verification,High
PR-0373,"Dear concerned team, my middle name is missing from my official university record though it appears correctly on my CNIC. Kindly help.",Name Correction,Medium
PR-0375,"Hi, my thesis defense is this week and the portal will not let me download my approved supervisor sign-off, without which the committee will not allow me to defend. Awaiting your response.",Thesis,Critical
PR-0376,"Sir, do I need to visit in person for a name correction, or is there an online option available? Please look into this.",Name Correction,Low
PR-0377,"Kindly note: The telephone line of the Scholarship Office at Bahawalpur City Campus is not functioning, and this is adversely affecting the ongoing admission campaign whose deadline is this week. Regards.",Infrastructure / Maintenance,High
PR-0378,"Kindly note: It has been several months since I completed my graduation and I still have not received my degree, which is now delaying a job I was set to start within 24 hours.",Degree,High
PR-0379,Kindly note: How can I download my transcript from the student portal? Kindly advise.,Transcript,Low
PR-0380,"My HEC degree attestation application has been stuck pending university verification for almost two weeks, and my attestation appointment is today. Kindly help.",Certificate / Verification,High
PR-0381,"Despite paying all dues on time, I have faced continuous delays across multiple offices regarding my final clearance, now jeopardizing my job joining date this week. Thank you.",Complaint,High
PR-0382,"Could you update my bank account details in the payroll system, as my old account has been closed? Please look into this.",Employee Services,Medium
PR-0383,"My clearance is the only thing standing between me and graduation, and my scholarship abroad requires proof of graduation by today, but the Directorate of Academics has gone completely silent. Kindly advise.",Clearance,Critical
PR-0384,"Respected Sir/Madam, i need an official letter of recommendation urgently for a scholarship application closing tomorrow, and my department has not responded to my request from over a week ago. Thank you.",Other,High
PR-0385,"Sir, my educational records are not reflected in my profile despite attaching verified transcripts a couple of days ago.",Profile Update,Medium
PR-0386,"My HEC degree attestation application has been stuck pending university verification for over a week, and my attestation appointment is this week. Kindly advise.",Certificate / Verification,High
PR-0387,"My account keeps logging me out automatically every few minutes, which is a bit inconvenient when filling out forms. Please look into this.",Account & Login,Medium
PR-0388,"There is an unusual, time-sensitive situation affecting hundreds of students across multiple departments that doesn't fit any specific category, and it needs immediate institutional attention today. Thank you.",Other,Critical
PR-0389,"Dear concerned team, my transcript request has been pending for over a week despite the fee being paid, and I need it for a scholarship submission by Friday.",Transcript,High
PR-0390,When does the admission form submission usually open for the next intake? Thank you.,Admission,Low
PR-0391,"Dear concerned team, how can I download my transcript from the student portal? Kindly help.",Transcript,Low
PR-0392,Kindly note: Could a water cooler be installed near the Accounts Office? Just a small suggestion.,Infrastructure / Maintenance,Low
PR-0393,Kindly note: When do scholarship applications usually open for a new batch?,Scholarship,Low
PR-0394,"The portal keeps logging me into an authentication error whenever I try to access my dashboard, and I have a form to submit before tomorrow.",Portal Technical Issue,High
PR-0395,"The result module of the portal has been throwing a server error for about a week, and I cannot proceed with a task due today. Please look into this.",Portal Technical Issue,High
PR-0396,I'd like to request re-generation of my degree fee challan as it was created under the wrong fee category. Thank you.,Degree,Medium
PR-0397,"Kindly note: How can I get the developer pack using my student email, just curious if it's available? Awaiting your response.",Other,Low
PR-0398,"Dear concerned team, my middle name is missing from my official university record though it appears correctly on my CNIC. Please look into this.",Name Correction,Medium
PR-0399,"Hi, my repeat subject fee challan has not been generated even though the subject shows as failed on my result, and course registration closes this week. Please look into this.",Course Registration,High
PR-0400,"Respected Sir/Madam, my login access to a system I need for essential work was suddenly revoked, and I have a task depending on it due today.",Account & Login,High
PR-0401,"Hi, my registered course list is missing one elective that I selected during registration week; could this be added back? Please look into this.",Course Registration,Medium
PR-0402,"Sir, what is the process to request an official transcript copy in general?",Transcript,Low
PR-0403,"Sir, could you confirm receipt of the documents I submitted for my degree equivalence certification? Kindly advise.",Certificate / Verification,Medium
PR-0404,"Respected Sir/Madam, just wondering if I can register for an elective from a different department.",Course Registration,Low
PR-0405,"Dear concerned team, my HEC degree attestation application has been stuck pending university verification for about a week, and my attestation appointment is tomorrow.",Certificate / Verification,High
PR-0406,Kindly note: My scholarship was suddenly cancelled without any notice and I have no funds to pay tomorrow's fee deadline; if I don't pay today I will be dropped from the semester entirely. Thank you.,Scholarship,Critical
PR-0407,"I am unable to log in even with the correct credentials; it shows 'Invalid Username or Password' repeatedly, though I can still access things from my phone as a workaround. Kindly help.",Account & Login,Medium
PR-0408,"Hi, my login access to a system I need for essential work was suddenly revoked, and I have a task depending on it due in two days. Kindly advise.",Account & Login,High
PR-0409,"Small feedback: the waiting area could use a bit more seating, just a general comment. Regards.",Complaint,Low
PR-0410,Kindly note: Just wanted to confirm the general thesis submission format guidelines.,Thesis,Low
PR-0411,Kindly note: One of my course results is missing from my transcript page while the rest are showing correctly. Please look into this.,Result,Medium
PR-0412,"Respected Sir/Madam, the telephone line of the Examination Department at Khanpur Campus is not functioning, and this is adversely affecting the ongoing admission campaign whose deadline is by tomorrow morning.",Infrastructure / Maintenance,High
PR-0413,What is the eligibility criteria for the merit-based scholarship? Kindly help.,Scholarship,Low
PR-0414,"My account has been completely locked for a couple of days after a failed password reset, and I am unable to submit my thesis-related forms before the deadline within 24 hours. Awaiting your response.",Account & Login,High
PR-0415,"My admission has been put on hold because my HEC equivalence certificate has not been verified yet, and classes for BS Economics start tomorrow.",Admission,High
PR-0416,"Hi, my degree verification request from a foreign employer has been pending response for several months, and my job offer is contingent on it being completed by today. Thank you.",Certificate / Verification,High
PR-0417,"Respected Sir/Madam, i have a visa interview in two days and my experience certificate, promised for today, has still not been issued despite multiple follow-ups all week. Regards.",Employee Services,Critical
PR-0418,"Dear concerned team, when do scholarship applications usually open for a new batch? Please look into this.",Scholarship,Low
PR-0419,Could you confirm the status of my scholarship application submitted over a week ago?,Scholarship,Medium
PR-0420,"Respected Sir/Madam, the thesis submission deadline is tomorrow at midnight and the upload button has been completely non-functional for our entire batch since this afternoon.",Thesis,Critical
PR-0421,"Respected Sir/Madam, how can I request a bonafide certificate in general, just for future reference?",Certificate / Verification,Low
PR-0422,How can employees generally check their leave balance? Regards.,Employee Services,Low
PR-0423,"Respected Sir/Madam, my name on my degree does not match my CNIC due to a typo, and this mismatch is blocking my HEC attestation submission, which has a deadline in two days.",Name Correction,High
PR-0424,"Respected Sir/Madam, where can I go to check which email is currently registered against my account? Kindly help.",Account & Login,Low
PR-0425,"The elevator serving the examination hall has broken down, creating serious difficulty for students with mobility issues ahead of within 24 hours's exam. Regards.",Infrastructure / Maintenance,High
PR-0426,I want to complain that my previous ticket was closed without any resolution or explanation; could it be reopened? Please look into this.,Complaint,Medium
PR-0427,"Kindly note: How can I request a bonafide certificate in general, just for future reference?",Certificate / Verification,Low
PR-0428,"Hi, what is the normal degree processing time for BS Information Technology graduates?",Degree,Low
PR-0429,"Kindly note: My Turnitin account was blocked by mistake and despite raising a complaint about a week ago, it is still blocked, preventing me from submitting my assigned work due by tomorrow morning.",Account & Login,High
PR-0430,"Dear concerned team, my department clearance is approved but the library clearance section still shows pending despite no outstanding books. Please look into this.",Clearance,Medium
PR-0431,Kindly note: How can I change the spelling of my name on my student ID card? Kindly help.,Name Correction,Low
PR-0432,"Kindly note: Today is the absolute last date for admission fee submission for MBA, and the online payment gateway has been down since this morning for every single applicant on the merit list. Kindly advise.",Admission,Critical
PR-0433,"Respected Sir/Madam, the fire alarm system across the entire Bahawalpur City Campus hostel block has stopped working, posing a serious safety risk to every resident student right now. Kindly help.",Infrastructure / Maintenance,Critical
PR-0434,"Dear concerned team, my department clearance is approved but the library clearance section still shows pending despite no outstanding books. Kindly advise.",Clearance,Medium
PR-0435,"Could you update my bank account details in the payroll system, as my old account has been closed? Kindly help.",Employee Services,Medium
PR-0436,"Respected Sir/Madam, the notification bell on my dashboard shows a count but clicking it does not open any notifications.",Portal Technical Issue,Medium
PR-0437,"My registration hold has still not been cleared despite clearing all dues weeks ago, and in two days is the absolute last day to register, after which I will lose the entire semester. Please look into this.",Course Registration,Critical
PR-0438,"Sir, i accidentally generated a combined fee voucher for two subjects; could this be split into separate vouchers? Awaiting your response.",Fee & Challan,Medium
PR-0439,"Hi, my clearance was rejected without any specified reason, and this is now delaying my degree collection needed for a job joining date within 24 hours.",Clearance,High
PR-0440,"Sir, the result declaration system crashed for the entire batch of 501 students just minutes before the scheduled announcement time, and everyone is waiting anxiously. Please look into this.",Result,Critical
PR-0441,"Respected Sir/Madam, my middle name is missing from my official university record though it appears correctly on my CNIC. Regards.",Name Correction,Medium
PR-0442,"Hi, it has been more than two months since I completed my graduation and I still have not received my degree, which is now delaying a job I was set to start tomorrow.",Degree,High
PR-0443,"Sir, my registered course list is missing one elective that I selected during registration week; could this be added back? Kindly help.",Course Registration,Medium
PR-0444,"Respected Sir/Madam, what is the normal degree processing time for BS Statistics graduates? Please look into this.",Degree,Low
PR-0445,"Sir, my admission offer will be automatically cancelled at midnight this week if I do not submit my documents, but the document upload portal is showing a server error for every applicant right now. Kindly help.",Admission,Critical
PR-0446,"Kindly note: It has been several weeks since I completed my graduation and I still have not received my degree, which is now delaying a job I was set to start within 24 hours. Regards.",Degree,High
PR-0447,"Dear concerned team, could you guide me on the process to apply for a semester leave of absence for personal reasons? Awaiting your response.",Other,Medium
PR-0448,"My admission has been put on hold because my HEC equivalence certificate has not been verified yet, and classes for BS Information Technology start by Friday. Awaiting your response.",Admission,High
PR-0449,What is the normal degree processing time for BS Data Science graduates? Please look into this.,Degree,Low
PR-0450,"Dear concerned team, our entire class's clearance requests have been frozen due to a system error, blocking all 192 of us from collecting our degrees before this week's convocation.",Clearance,Critical
PR-0451,"Kindly note: The elevator serving the examination hall has broken down, creating serious difficulty for students with mobility issues ahead of in two days's exam. Kindly help.",Infrastructure / Maintenance,High
PR-0452,How many credit hours can I generally register for in a normal semester? Regards.,Course Registration,Low
PR-0453,"The telephone line of the Library at Khanpur Campus is not functioning, and this is adversely affecting the ongoing admission campaign whose deadline is tomorrow. Regards.",Infrastructure / Maintenance,High
PR-0454,"Respected Sir/Madam, by mistake I applied for clearance under the wrong semester; could my clearance be reset so I can reapply correctly? Kindly advise.",Clearance,Medium
PR-0455,"My name mismatch between my degree and CNIC is the sole reason my HEC attestation, required in two days for a visa appointment, has been rejected.",Name Correction,Critical
PR-0456,"My HEC attestation appointment is in two days and the university's online verification, which HEC is waiting on for dozens of applicants today, has still not been submitted for any of us. Thank you.",Certificate / Verification,Critical
PR-0457,How can I generate a new fee challan for the semester? Thank you.,Fee & Challan,Low
PR-0458,Is there a student club focused on robotics that I could join? Thank you.,Other,Low
PR-0459,"Respected Sir/Madam, my account has clearly been compromised, someone changed my password and recovery email, and I no longer have any access with my degree application deadline being this week. Regards.",Account & Login,Critical
PR-0460,"I am writing on behalf of the entire batch of BS Mathematics scholarship recipients — none of us have received our final installment for over two years, and several of us cannot complete clearance for graduation because of it.",Scholarship,Critical
PR-0461,I would like to get my 'Data Structures' exam paper rechecked as I believe there may be a marking error.,Examination,Medium
PR-0462,"I have an F grade in Thermodynamics but the subject is not appearing in the Course Repeat section, and I cannot register for the upcoming semester which closes by tomorrow morning. Regards.",Course Registration,High
PR-0463,"Respected Sir/Madam, my professional profile still shows outdated information even though I updated it a couple of days ago, and a scholarship committee is reviewing my profile today.",Profile Update,High
PR-0464,"Kindly note: My account has clearly been compromised, someone changed my password and recovery email, and I no longer have any access with my degree application deadline being this week. Awaiting your response.",Account & Login,Critical
PR-0465,"I am filing an urgent complaint that despite an official refund approval of Rs. 12,000 on record, the accounts office has still not released the funds, and I cannot pay tomorrow's non-negotiable admission deadline fee without it.",Complaint,Critical
PR-0466,"Hi, i keep getting logged out mid-way while submitting a required form, and I've now failed to submit it three times with the deadline being in two days. Awaiting your response.",Account & Login,High
PR-0467,"Kindly note: Could you tell me the general process to change the username linked to my profile, no rush on this? Awaiting your response.",Account & Login,Low
PR-0468,When does the admission form submission usually open for the next intake? Kindly help.,Admission,Low
PR-0469,"Respected Sir/Madam, what documents are generally required for the final clearance process?",Clearance,Low
PR-0470,"My degree application shows 'Submitted' status even though I paid the challan over a week ago, and I would like to know if this is normal processing time.",Degree,Medium
PR-0471,"Respected Sir/Madam, my visa application will be rejected if I do not submit a verified degree equivalence certificate by this week, and the verification office has stopped responding entirely. Kindly help.",Certificate / Verification,Critical
PR-0472,"Kindly note: The examination portal has completely gone down while the final exam is currently being conducted live for hundreds of students, and no backup arrangement has been announced.",Examination,Critical
PR-0473,"Our entire class's clearance requests have been frozen due to a system error, blocking all 240 of us from collecting our degrees before by Friday's convocation.",Clearance,Critical
PR-0474,"I have a visa interview in two days and the embassy has specifically asked for my original transcript, which I still do not have despite requesting it almost two weeks ago. Regards.",Transcript,Critical
PR-0475,Kindly note: What is the usual format of the mid-term examination? Regards.,Examination,Low
PR-0476,"Dear concerned team, my name correction request has been pending for several months, and it is now blocking my degree printing needed before tomorrow.",Name Correction,High
PR-0477,What is the eligibility criteria for the merit-based scholarship?,Scholarship,Low
PR-0478,Kindly note: Could a water cooler be installed near the Library? Just a small suggestion. Kindly advise.,Infrastructure / Maintenance,Low
PR-0479,Course registration closes at midnight in two days and the registration module has been throwing an error for every single student in my batch since this morning. Kindly help.,Course Registration,Critical
PR-0480,"Sir, i have been awarded a compartment in Financial Accounting despite being confident I attempted the paper correctly, and I need urgent re-evaluation as it affects my scholarship eligibility review today.",Examination,High
PR-0481,"Sir, my transcript request has been pending for about a week despite the fee being paid, and I need it for a scholarship submission tomorrow.",Transcript,High
PR-0482,"Kindly note: Is there a way to change my profile picture on the portal, just curious about the option?",Profile Update,Low
PR-0483,"Respected Sir/Madam, the payroll system for the entire faculty has failed this cycle and salaries have not been disbursed to anyone, with rent and utility deadlines due within 24 hours for many staff members.",Employee Services,Critical
PR-0484,"My admission abroad will be cancelled by Friday unless my degree name matches my passport exactly, and the correction request has been pending for several weeks despite the urgency I flagged. Thank you.",Name Correction,Critical
PR-0485,Course registration closes at midnight by tomorrow morning and the registration module has been throwing an error for every single student in my batch since this morning. Kindly advise.,Course Registration,Critical
PR-0486,"Dear concerned team, a major water leakage has flooded part of the server room at Rahim Yar Khan Campus, threatening to permanently damage critical IT infrastructure for the whole university.",Infrastructure / Maintenance,Critical
PR-0487,"I am escalating a critical complaint on behalf of my entire batch — none of our clearance requests have been processed for over a month, and our convocation, requiring proof of clearance, is by Friday. Please look into this.",Complaint,Critical
PR-0488,My scholarship was suddenly cancelled without any notice and I have no funds to pay within 24 hours's fee deadline; if I don't pay today I will be dropped from the semester entirely. Thank you.,Scholarship,Critical
PR-0489,"My name mismatch between my degree and CNIC is the sole reason my HEC attestation, required within 24 hours for a visa appointment, has been rejected. Thank you.",Name Correction,Critical
PR-0490,I want to complain that my previous ticket was closed without any resolution or explanation; could it be reopened? Kindly help.,Complaint,Medium
PR-0491,"Sir, there is a spelling mistake in my name on my student portal record; my correct name is Iqra Bibi. Could this be corrected? Thank you.",Name Correction,Medium
PR-0492,"Dear concerned team, could you correct my program preference on my admission application from MPhil Software Engineering to PhD Management Sciences?",Admission,Medium
PR-0493,"Dear concerned team, my account has been completely locked for about a week after a failed password reset, and I am unable to submit my thesis-related forms before the deadline in two days.",Account & Login,High
PR-0494,"Dear concerned team, what is the recommended word count for a thesis final draft? Regards.",Thesis,Low
PR-0495,When I open the transcript section on the portal it appears empty and does not load any data. Thank you.,Portal Technical Issue,Medium
PR-0496,When do scholarship applications usually open for a new batch?,Scholarship,Low
PR-0497,"The entire university portal has been completely down for all students and staff since last night, and by Friday is the deadline for semester registration with no announced extension. Kindly advise.",Portal Technical Issue,Critical
PR-0498,"Hi, is there a mobile app version of the portal available, just curious? Kindly help.",Portal Technical Issue,Low
PR-0499,Kindly note: Could you correct my program preference on my admission application from BS Agriculture to BS Software Engineering? Please look into this.,Admission,Medium
PR-0500,"Hi, could you confirm the status of my scholarship application submitted over a week ago?",Scholarship,Medium
PR-0501,"Kindly note: There is a clear discrepancy between my award list and my final result on the portal for 4 subjects, and I need this corrected before my transcript request in two days. Thank you.",Result,High
PR-0502,Kindly note: Just wanted to confirm the general examination fee amount for this term. Kindly help.,Examination,Low
PR-0503,"Hi, the notification bell on my dashboard shows a count but clicking it does not open any notifications.",Portal Technical Issue,Medium
PR-0504,How can I change the spelling of my name on my student ID card?,Name Correction,Low
PR-0505,"Respected Sir/Madam, my thesis file was rejected by the portal for an unspecified reason and the resubmission deadline is by Friday. Kindly help.",Thesis,High
PR-0506,"Dear concerned team, hEC verification of my scholarship documents is still pending after over a week, and my semester fee due date is within 24 hours.",Scholarship,High
PR-0507,Could a water cooler be installed near the Library? Just a small suggestion. Thank you.,Infrastructure / Maintenance,Low
PR-0508,"Dear concerned team, is fee payable through mobile wallets or only through bank challan?",Fee & Challan,Low
PR-0509,"Kindly note: Our whole department's final semester result system is showing 'no data found' for every single student, and it is blocking all of us from applying for graduation clearance before by tomorrow morning.",Result,Critical
PR-0510,"Sir, the main student database appears to be corrupted, and records for an entire batch of 397 students are showing blank or missing fields across every module. Please look into this.",Portal Technical Issue,Critical
PR-0511,"Respected Sir/Madam, what is the normal degree processing time for BS Zoology graduates?",Degree,Low
PR-0512,"Respected Sir/Madam, i have a visa interview tomorrow morning and the embassy has specifically asked for my original transcript, which I still do not have despite requesting it almost two weeks ago.",Transcript,Critical
PR-0513,Kindly note: I need a duplicate transcript copy as my original was misplaced. Could you guide me on the reissuance process? Please look into this.,Transcript,Medium
PR-0514,"Hi, the notification bell on my dashboard shows a count but clicking it does not open any notifications. Thank you.",Portal Technical Issue,Medium
PR-0515,"Hi, could you correct my program preference on my admission application from BS Mathematics to MS Electrical Power Engineering? Thank you.",Admission,Medium
PR-0516,"Sir, i'd like to request re-generation of my degree fee challan as it was created under the wrong fee category.",Degree,Medium
PR-0517,I want to complain that my previous ticket was closed without any resolution or explanation; could it be reopened?,Complaint,Medium
PR-0518,"Hi, despite paying all dues on time, I have faced continuous delays across multiple offices regarding my final clearance, now jeopardizing my job joining date today. Please look into this.",Complaint,High
PR-0519,Where can I go to check which email is currently registered against my account? Please look into this.,Account & Login,Low
PR-0520,"Sir, i would like to request my monthly payslip copies for the last few months for my personal records. Kindly help.",Employee Services,Medium
PR-0521,"Kindly note: I paid my semester fee of Rs. 22,000 on a couple of days ago and the amount was deducted from my account, but the portal still shows the challan as unpaid, and the late fee deadline is within 24 hours. Kindly advise.",Fee & Challan,High
PR-0522,"My account has been completely locked for almost two weeks after a failed password reset, and I am unable to submit my thesis-related forms before the deadline by Friday.",Account & Login,High
PR-0523,"Sir, the fee voucher module of the portal has been throwing a server error for about a week, and I cannot proceed with a task due today. Awaiting your response.",Portal Technical Issue,High
PR-0524,"Dear concerned team, the entire university portal has been completely down for all students and staff since last night, and tomorrow is the deadline for semester registration with no announced extension. Regards.",Portal Technical Issue,Critical
PR-0525,"The entire university portal has been completely down for all students and staff since last night, and by tomorrow morning is the deadline for semester registration with no announced extension. Kindly advise.",Portal Technical Issue,Critical
PR-0526,Just wanted to confirm the standard leave application process for staff.,Employee Services,Low
PR-0528,"My admission abroad will be cancelled in two days unless I submit my original degree, and it has been stuck in processing for more than two months despite paying the urgent fee. Kindly help.",Degree,Critical
PR-0529,"Hi, my examination admit card is missing and my paper is scheduled for within 24 hours; without it I may not be allowed to sit the exam.",Examination,High
PR-0530,"Respected Sir/Madam, one of my course results is missing from my transcript page while the rest are showing correctly.",Result,Medium
PR-0531,How can I download my transcript from the student portal? Regards.,Transcript,Low
PR-0532,"A major water leakage has flooded part of the server room at Rahim Yar Khan Campus, threatening to permanently damage critical IT infrastructure for the whole university. Kindly advise.",Infrastructure / Maintenance,Critical
PR-0533,"Hi, is there a student club focused on photography that I could join? Awaiting your response.",Other,Low
PR-0534,By mistake I applied for clearance under the wrong semester; could my clearance be reset so I can reapply correctly?,Clearance,Medium
PR-0535,"Respected Sir/Madam, has the result declaration date been finalized yet for this semester? Kindly advise.",Result,Low
PR-0536,"Dear concerned team, despite paying all dues on time, I have faced continuous delays across multiple offices regarding my final clearance, now jeopardizing my job joining date in two days. Regards.",Complaint,High
PR-0537,"Respected Sir/Madam, none of the 591 students in our batch can log in to the portal since last night, and by tomorrow morning is the final date for exam form submission with no extension announced. Thank you.",Account & Login,Critical
PR-0538,Kindly note: How many credit hours can I generally register for in a normal semester? Regards.,Course Registration,Low
PR-0539,"Dear concerned team, today is the absolute last date for admission fee submission for BS Zoology, and the online payment gateway has been down since this morning for every single applicant on the merit list. Awaiting your response.",Admission,Critical
PR-0540,"Dear concerned team, could you update my thesis supervisor's details on the portal, as they were assigned almost two weeks ago but not reflected yet? Regards.",Thesis,Medium
PR-0541,"I need an official letter of recommendation urgently for a scholarship application closing tomorrow, and my department has not responded to my request from over a week ago. Thank you.",Other,High
PR-0542,"Hi, could a water cooler be installed near the IT Department? Just a small suggestion. Kindly help.",Infrastructure / Maintenance,Low
PR-0543,"My contract renewal has not been processed and my current contract expires this week, putting my continued employment at risk. Regards.",Employee Services,High
PR-0544,"The fee payment gateway on the portal is throwing a fatal error for every single student today, which is the last date for semester fee submission without penalty. Kindly help.",Portal Technical Issue,Critical
PR-0545,"I paid my urgent degree processing fee of Rs. 12,000 but the transaction has completely vanished from both my bank statement and the portal, and my visa appointment is tomorrow. Awaiting your response.",Fee & Challan,Critical
PR-0546,"Hi, the payroll system for the entire faculty has failed this cycle and salaries have not been disbursed to anyone, with rent and utility deadlines due this week for many staff members.",Employee Services,Critical
PR-0547,Kindly note: One of my course results is missing from my transcript page while the rest are showing correctly. Regards.,Result,Medium
PR-0548,"Respected Sir/Madam, there is an unusual, time-sensitive situation affecting hundreds of students across multiple departments that doesn't fit any specific category, and it needs immediate institutional attention today. Kindly advise.",Other,Critical
PR-0549,What is the usual turnaround time for certificate issuance? Awaiting your response.,Certificate / Verification,Low
PR-0550,Kindly note: I have already submitted my thesis but I am unable to check the current status because it shows a missing registration number error. Please look into this.,Thesis,Medium
PR-0551,"Sir, my salary has not been credited for about a week despite my department confirming approval, and I need this urgently to cover overdue expenses due by Friday. Kindly advise.",Employee Services,High
PR-0552,"My account shows an 'Access Restricted' message on the dashboard, though I can still use the mobile app in the meantime. Please look into this.",Account & Login,Medium
PR-0553,Just wanted to confirm the general thesis submission format guidelines. Kindly advise.,Thesis,Low
PR-0554,"Hi, when does the admission form submission usually open for the next intake? Awaiting your response.",Admission,Low
PR-0555,"Respected Sir/Madam, i have a supply in English Composition but the Course Repeat option does not show this subject; could it be enabled? Kindly help.",Course Registration,Medium
PR-0556,"My name correction request has been pending for several weeks, and it is now blocking my degree printing needed before in two days. Please look into this.",Name Correction,High
PR-0557,"I am formally complaining about a delay of nearly two months in processing my clearance request despite multiple follow-ups, and I now have a hard deadline by Friday. Kindly help.",Complaint,High
PR-0558,"Hi, just wanted to confirm the general examination fee amount for this term.",Examination,Low
PR-0559,"Sir, there is a clear discrepancy between my award list and my final result on the portal for 2 subjects, and I need this corrected before my transcript request this week.",Result,High
PR-0560,"I am unable to log in even with the correct credentials; it shows 'Invalid Username or Password' repeatedly, though I can still access things from my phone as a workaround.",Account & Login,Medium
PR-0561,"Respected Sir/Madam, is fee payable through mobile wallets or only through bank challan?",Fee & Challan,Low
PR-0562,"Hi, when do scholarship applications usually open for a new batch? Kindly advise.",Scholarship,Low
PR-0563,"Kindly note: My Directorate of Academics clearance has been pending for over a month even though my other clearances were completed long ago, and I need my final transcript for a job that starts today. Kindly help.",Clearance,High
PR-0564,"My scholarship-covered fee challan is still showing unpaid even though the scholarship office confirmed disbursement a couple of days ago, and a late fee surcharge starts today. Thank you.",Fee & Challan,High
PR-0565,I forgot my portal password and the reset link is not sending an OTP to my registered email; is there another way to reset it? Please look into this.,Account & Login,Medium
PR-0566,"The portal keeps logging me into an authentication error whenever I try to access my dashboard, and I have a form to submit before in two days.",Portal Technical Issue,High
PR-0567,I would like to request my monthly payslip copies for the last few months for my personal records. Kindly advise.,Employee Services,Medium
PR-0568,Kindly note: I am unable to update my biography and professional links on my profile page; the save button does not seem to work.,Profile Update,Medium
PR-0569,"Hi, where can I go to check which email is currently registered against my account? Kindly advise.",Account & Login,Low
PR-0570,"The clearance module of the portal has been throwing a server error for about a week, and I cannot proceed with a task due by Friday. Kindly advise.",Portal Technical Issue,High
PR-0571,I have already submitted my thesis but I am unable to check the current status because it shows a missing registration number error. Regards.,Thesis,Medium
PR-0572,"Dear concerned team, the profile update system has been completely inaccessible for the entire batch for two days, and our internship documents due by tomorrow morning require an updated profile printout. Awaiting your response.",Profile Update,Critical
PR-0573,"My name mismatch between my degree and CNIC is the sole reason my HEC attestation, required by tomorrow morning for a visa appointment, has been rejected. Kindly help.",Name Correction,Critical
PR-0574,"Sir, my thesis defense is within 24 hours and the portal will not let me download my approved supervisor sign-off, without which the committee will not allow me to defend. Thank you.",Thesis,Critical
PR-0575,When does the admission form submission usually open for the next intake? Regards.,Admission,Low
PR-0576,"Respected Sir/Madam, how long does the clearance approval usually take on average?",Clearance,Low
PR-0577,"My urgent degree application has been under 'review' for over a week even though I paid the urgent fee, and I need it for a job offer that requires verification by Friday. Awaiting your response.",Degree,High
PR-0578,Kindly note: How long does the clearance approval usually take on average? Regards.,Clearance,Low
PR-0579,"Respected Sir/Madam, the Wi-Fi router in one of the blocks has been intermittent for several days; could it be checked?",Infrastructure / Maintenance,Medium
PR-0580,"Respected Sir/Madam, how do I log out of the portal properly on a shared computer? Please look into this.",Account & Login,Low
PR-0581,"Sir, my admission has been put on hold because my HEC equivalence certificate has not been verified yet, and classes for BS Physical Education & Sports Sciences start this week.",Admission,High
PR-0582,"Dear concerned team, when does the admission form submission usually open for the next intake?",Admission,Low
PR-0583,"Kindly note: My result shows an F grade in Computer Architecture that I'm confident is incorrect, and this is affecting my scholarship eligibility review scheduled within 24 hours. Thank you.",Result,High
PR-0584,"Hi, my 4th semester result is not showing on the portal even though the declaration date has passed. Please look into this.",Result,Medium
PR-0585,"My login access to a system I need for essential work was suddenly revoked, and I have a task depending on it due by tomorrow morning. Kindly advise.",Account & Login,High
PR-0586,"Sir, how long does the clearance approval usually take on average? Awaiting your response.",Clearance,Low
PR-0587,"Respected Sir/Madam, what is the normal degree processing time for BS Data Science graduates?",Degree,Low
PR-0588,My scholarship was suddenly cancelled without any notice and I have no funds to pay by tomorrow morning's fee deadline; if I don't pay today I will be dropped from the semester entirely. Please look into this.,Scholarship,Critical
PR-0589,"Kindly note: I need an official letter of recommendation urgently for a scholarship application closing in two days, and my department has not responded to my request from almost two weeks ago.",Other,High
PR-0590,"Sir, i need an Enrollment Certificate for a scheme application; could this be issued at your earliest convenience? Kindly help.",Certificate / Verification,Medium
PR-0591,I accidentally generated a combined fee voucher for two subjects; could this be split into separate vouchers? Kindly help.,Fee & Challan,Medium
PR-0592,What is the process to request an official transcript copy in general? Kindly advise.,Transcript,Low
PR-0593,"The fire alarm system across the entire Rahim Yar Khan Campus hostel block has stopped working, posing a serious safety risk to every resident student right now. Awaiting your response.",Infrastructure / Maintenance,Critical
PR-0594,"Dear concerned team, by mistake I applied for clearance under the wrong semester; could my clearance be reset so I can reapply correctly?",Clearance,Medium
PR-0595,My comprehensive exam date is missing from my record; could this be updated so I can proceed with the next steps? Regards.,Examination,Medium
PR-0596,"Hi, my registration hold has still not been cleared despite clearing all dues weeks ago, and in two days is the absolute last day to register, after which I will lose the entire semester.",Course Registration,Critical
PR-0597,"Hi, could you update my thesis supervisor's details on the portal, as they were assigned a couple of days ago but not reflected yet? Please look into this.",Thesis,Medium
PR-0598,My middle name is missing from my official university record though it appears correctly on my CNIC. Regards.,Name Correction,Medium
PR-0599,"Hi, how can I download my transcript from the student portal?",Transcript,Low
PR-0600,"Respected Sir/Madam, the main student database appears to be corrupted, and records for an entire batch of 185 students are showing blank or missing fields across every module.",Portal Technical Issue,Critical
PR-0601,"Hi, my semester fee challan is not showing on the portal; could you help me generate it so I can pay before the due date?",Fee & Challan,Medium
PR-0602,"Kindly note: Is there a way to change my profile picture on the portal, just curious about the option? Regards.",Profile Update,Low
PR-0603,"Hi, the main student database appears to be corrupted, and records for an entire batch of 402 students are showing blank or missing fields across every module. Awaiting your response.",Portal Technical Issue,Critical
PR-0604,"Sir, my transcript request submitted a couple of days ago is still pending, and I would like an update on the expected completion date. Please look into this.",Transcript,Medium
PR-0605,"I have a visa interview in two days and my experience certificate, promised for today, has still not been issued despite multiple follow-ups all week. Awaiting your response.",Employee Services,Critical
PR-0606,"Dear concerned team, i updated my profile with my new degree information required for a job application deadline in two days, but the changes are not being saved by the portal at all.",Profile Update,High
PR-0607,How long does the clearance approval usually take on average? Awaiting your response.,Clearance,Low
PR-0608,"Hi, i have a visa interview by tomorrow morning and my experience certificate, promised for today, has still not been issued despite multiple follow-ups all week. Kindly advise.",Employee Services,Critical
PR-0609,"Hi, i need my final transcript urgently as I am applying for a Master's program abroad and the application portal closes within 24 hours. Awaiting your response.",Transcript,High
PR-0610,"Hi, our entire class's clearance requests have been frozen due to a system error, blocking all 182 of us from collecting our degrees before within 24 hours's convocation. Regards.",Clearance,Critical
PR-0611,"Hi, my department clearance is approved but the library clearance section still shows pending despite no outstanding books.",Clearance,Medium
PR-0612,"Kindly note: The fee payment gateway on the portal is throwing a fatal error for every single student today, which is the last date for semester fee submission without penalty. Kindly advise.",Portal Technical Issue,Critical
PR-0613,"Dear concerned team, i paid my semester fee of Rs. 26,400 on about a week ago and the amount was deducted from my account, but the portal still shows the challan as unpaid, and the late fee deadline is this week.",Fee & Challan,High
PR-0614,"Sir, the profile update system has been completely inaccessible for the entire batch for two days, and our internship documents due tomorrow require an updated profile printout.",Profile Update,Critical
PR-0615,"I keep getting logged out mid-way while submitting a required form, and I've now failed to submit it three times with the deadline being tomorrow. Kindly help.",Account & Login,High
PR-0616,My semester fee challan is not showing on the portal; could you help me generate it so I can pay before the due date?,Fee & Challan,Medium
PR-0617,"Dear concerned team, small feedback: the waiting area could use a bit more seating, just a general comment. Kindly help.",Complaint,Low
PR-0618,"Dear concerned team, i was declared eligible on the merit list for BS Data Science but my admission fee challan is not generating, and by Friday is the last date to pay and confirm my seat. Awaiting your response.",Admission,High
PR-0619,"Hi, our whole department's final semester result system is showing 'no data found' for every single student, and it is blocking all of us from applying for graduation clearance before this week.",Result,Critical
PR-0620,What is the admission fee structure for MPhil Software Engineering? Awaiting your response.,Admission,Low
PR-0621,"My Turnitin account was blocked by mistake and despite raising a complaint about a week ago, it is still blocked, preventing me from submitting my assigned work due within 24 hours. Kindly advise.",Account & Login,High
PR-0622,"Sir, i would like to know how to request a change of campus from Rahim Yar Khan Campus to another campus. Please look into this.",Other,Medium
PR-0623,"Hi, my examination admit card is missing and my paper is scheduled for by tomorrow morning; without it I may not be allowed to sit the exam.",Examination,High
PR-0624,"Hi, could you confirm receipt of the documents I submitted for my degree equivalence certification? Awaiting your response.",Certificate / Verification,Medium
PR-0625,"Dear concerned team, could you update my bank account details in the payroll system, as my old account has been closed? Awaiting your response.",Employee Services,Medium
PR-0626,"Hi, my thesis defense is tomorrow and the portal will not let me download my approved supervisor sign-off, without which the committee will not allow me to defend.",Thesis,Critical
PR-0627,"Dear concerned team, my scholarship-covered fee challan is still showing unpaid even though the scholarship office confirmed disbursement over a week ago, and a late fee surcharge starts tomorrow. Regards.",Fee & Challan,High
PR-0628,How do I log out of the portal properly on a shared computer?,Account & Login,Low
PR-0629,What documents are generally required for the final clearance process? Regards.,Clearance,Low
PR-0630,Kindly note: My thesis file was rejected by the portal for an unspecified reason and the resubmission deadline is within 24 hours. Thank you.,Thesis,High
PR-0631,"Hi, when does the admission form submission usually open for the next intake? Thank you.",Admission,Low
PR-0632,"Dear concerned team, small feedback: the waiting area could use a bit more seating, just a general comment. Kindly advise.",Complaint,Low
PR-0633,"My credit transfer approval, required within 24 hours to secure my admission abroad before their deadline expires, has still not been processed despite three urgent escalations this week. Kindly help.",Other,Critical
PR-0634,"Kindly note: My salary has not been credited for almost two weeks despite my department confirming approval, and I need this urgently to cover overdue expenses due today. Thank you.",Employee Services,High
PR-0635,I would like to get my 'Calculus' exam paper rechecked as I believe there may be a marking error.,Examination,Medium
PR-0636,"Hi, how do I log out of the portal properly on a shared computer?",Account & Login,Low
PR-0637,"Hi, when is the next semester result usually announced?",Result,Low
PR-0638,"Respected Sir/Madam, i am unable to log in even with the correct credentials; it shows 'Invalid Username or Password' repeatedly, though I can still access things from my phone as a workaround.",Account & Login,Medium
PR-0639,When is the next semester result usually announced? Please look into this.,Result,Low
PR-0640,"The examination portal has completely gone down while the final exam is currently being conducted live for hundreds of students, and no backup arrangement has been announced. Thank you.",Examination,Critical
PR-0641,"My HEC attestation appointment is by tomorrow morning and the university's online verification, which HEC is waiting on for dozens of applicants today, has still not been submitted for any of us.",Certificate / Verification,Critical
PR-0642,Has the result declaration date been finalized yet for this semester?,Result,Low
PR-0643,"Respected Sir/Madam, i updated my profile with my new degree information required for a job application deadline this week, but the changes are not being saved by the portal at all.",Profile Update,High
PR-0644,"My name mismatch between my degree and CNIC is the sole reason my HEC attestation, required this week for a visa appointment, has been rejected. Awaiting your response.",Name Correction,Critical
PR-0645,The notification bell on my dashboard shows a count but clicking it does not open any notifications.,Portal Technical Issue,Medium
PR-0646,I would like to request my monthly payslip copies for the last few months for my personal records. Thank you.,Employee Services,Medium
PR-0647,"Sir, my 6th semester result is not showing on the portal even though the declaration date has passed. Regards.",Result,Medium
PR-0648,"Dear concerned team, my 5th semester result is not showing on the portal even though the declaration date has passed. Regards.",Result,Medium
PR-0649,"Dear concerned team, what is the admission fee structure for BS Economics? Please look into this.",Admission,Low
PR-0650,Kindly note: What is the usual turnaround time for certificate issuance? Kindly advise.,Certificate / Verification,Low
PR-0651,Kindly note: I would like to know how to request a change of campus from Khanpur Campus to another campus.,Other,Medium
PR-0652,Kindly note: Could a water cooler be installed near the Admissions Office? Just a small suggestion.,Infrastructure / Maintenance,Low
PR-0653,"I have an F grade in Thermodynamics but the subject is not appearing in the Course Repeat section, and I cannot register for the upcoming semester which closes in two days. Kindly advise.",Course Registration,High
PR-0654,"Dear concerned team, my salary has not been credited for over a week despite my department confirming approval, and I need this urgently to cover overdue expenses due within 24 hours. Awaiting your response.",Employee Services,High
PR-0655,"Kindly note: My degree application shows 'Submitted' status even though I paid the challan a couple of days ago, and I would like to know if this is normal processing time. Thank you.",Degree,Medium
PR-0656,"The examination portal has completely gone down while the final exam is currently being conducted live for hundreds of students, and no backup arrangement has been announced.",Examination,Critical
PR-0657,"My urgent degree application has been under 'review' for over a week even though I paid the urgent fee, and I need it for a job offer that requires verification tomorrow. Kindly help.",Degree,High
PR-0658,"Kindly note: Is it possible to link two of my accounts together, or should I just keep using them separately? Awaiting your response.",Account & Login,Low
PR-0659,"Hi, my scholarship was suddenly cancelled without any notice and I have no funds to pay in two days's fee deadline; if I don't pay today I will be dropped from the semester entirely. Kindly advise.",Scholarship,Critical
PR-0660,"Dear concerned team, what is the admission fee structure for MBA?",Admission,Low
PR-0661,"The portal loads a little slowly on mobile sometimes; just wanted to mention it, not urgent. Thank you.",Portal Technical Issue,Low
PR-0662,I would like to get my 'Database Systems' exam paper rechecked as I believe there may be a marking error. Kindly advise.,Examination,Medium
PR-0663,Kindly note: I forgot my portal password and the reset link is not sending an OTP to my registered email; is there another way to reset it? Please look into this.,Account & Login,Medium
PR-0664,The Wi-Fi router in one of the blocks has been intermittent for several days; could it be checked? Please look into this.,Infrastructure / Maintenance,Medium
PR-0665,"My urgent degree application has been under 'review' for almost two weeks even though I paid the urgent fee, and I need it for a job offer that requires verification by tomorrow morning. Awaiting your response.",Degree,High
PR-0666,How can I change the spelling of my name on my student ID card? Awaiting your response.,Name Correction,Low
PR-0667,"Dear concerned team, could you confirm receipt of the documents I submitted for my degree equivalence certification? Awaiting your response.",Certificate / Verification,Medium
PR-0668,"My leave of absence request for a medical situation has not been approved yet, and my semester fee deadline, which depends on this approval, is by Friday.",Other,High
PR-0669,"Hi, just wanted to confirm the general examination fee amount for this term. Kindly advise.",Examination,Low
PR-0670,"Hi, could you update my thesis supervisor's details on the portal, as they were assigned about a week ago but not reflected yet?",Thesis,Medium
PR-0671,"Respected Sir/Madam, my admission abroad will be cancelled today unless I submit my original degree, and it has been stuck in processing for more than two months despite paying the urgent fee. Thank you.",Degree,Critical
PR-0672,"Dear concerned team, what is the admission fee structure for BS Mathematics? Kindly advise.",Admission,Low
PR-0673,Kindly note: Could a dark mode option be added to the profile page? It would be a nice addition.,Profile Update,Low
PR-0674,"Dear concerned team, my account has been completely locked for over a week after a failed password reset, and I am unable to submit my thesis-related forms before the deadline by tomorrow morning. Please look into this.",Account & Login,High
PR-0675,"Hi, i have already submitted my thesis but I am unable to check the current status because it shows a missing registration number error.",Thesis,Medium
PR-0676,How do I log out of the portal properly on a shared computer? Regards.,Account & Login,Low
PR-0677,"My admission has been put on hold because my HEC equivalence certificate has not been verified yet, and classes for BS Information Technology start this week.",Admission,High
PR-0678,Just wanted to confirm the general examination fee amount for this term. Kindly help.,Examination,Low
PR-0679,"My transcript request has been pending for a couple of days despite the fee being paid, and I need it for a scholarship submission tomorrow. Thank you.",Transcript,High
PR-0680,"Kindly note: My account has been completely locked for a couple of days after a failed password reset, and I am unable to submit my thesis-related forms before the deadline by tomorrow morning. Regards.",Account & Login,High
PR-0681,"Kindly note: My registration hold has still not been cleared despite clearing all dues weeks ago, and this week is the absolute last day to register, after which I will lose the entire semester. Kindly advise.",Course Registration,Critical
PR-0682,What is the process to request an official transcript copy in general?,Transcript,Low
PR-0683,"My repeat subject fee challan has not been generated even though the subject shows as failed on my result, and course registration closes by tomorrow morning.",Course Registration,High
PR-0684,"The result declaration system crashed for the entire batch of 412 students just minutes before the scheduled announcement time, and everyone is waiting anxiously. Kindly advise.",Result,Critical
PR-0685,I want to complain that my previous ticket was closed without any resolution or explanation; could it be reopened? Regards.,Complaint,Medium
PR-0686,"Kindly note: My leave of absence request for a medical situation has not been approved yet, and my semester fee deadline, which depends on this approval, is by tomorrow morning. Kindly help.",Other,High
PR-0687,"Hi, my degree application shows 'Submitted' status even though I paid the challan a couple of days ago, and I would like to know if this is normal processing time. Kindly help.",Degree,Medium
PR-0688,"The fee voucher module of the portal has been throwing a server error for over a week, and I cannot proceed with a task due in two days.",Portal Technical Issue,High
PR-0689,"Sir, my thesis defense is this week and the portal will not let me download my approved supervisor sign-off, without which the committee will not allow me to defend. Regards.",Thesis,Critical
PR-0690,"Kindly note: The portal loads a little slowly on mobile sometimes; just wanted to mention it, not urgent. Kindly advise.",Portal Technical Issue,Low
PR-0691,I need a duplicate transcript copy as my original was misplaced. Could you guide me on the reissuance process? Kindly advise.,Transcript,Medium
PR-0692,"My clearance is the only thing standing between me and graduation, and my scholarship abroad requires proof of graduation by this week, but the Directorate of Academics has gone completely silent. Thank you.",Clearance,Critical
PR-0693,"Dear concerned team, my department clearance is approved but the library clearance section still shows pending despite no outstanding books. Awaiting your response.",Clearance,Medium
PR-0694,"My result shows an F grade in Thermodynamics that I'm confident is incorrect, and this is affecting my scholarship eligibility review scheduled by Friday.",Result,High
PR-0695,I forgot my portal password and the reset link is not sending an OTP to my registered email; is there another way to reset it? Kindly help.,Account & Login,Medium
PR-0696,"Kindly note: My profile shows a completely wrong CNIC that is blocking my degree attestation submission, which is due at the HEC office this week, and I cannot correct it myself.",Profile Update,Critical
PR-0697,"Respected Sir/Madam, the main student database appears to be corrupted, and records for an entire batch of 248 students are showing blank or missing fields across every module.",Portal Technical Issue,Critical
PR-0698,"Dear concerned team, the clearance module of the portal has been throwing a server error for about a week, and I cannot proceed with a task due today. Please look into this.",Portal Technical Issue,High
PR-0699,"Hi, the result declaration system crashed for the entire batch of 458 students just minutes before the scheduled announcement time, and everyone is waiting anxiously. Kindly advise.",Result,Critical
PR-0700,"Respected Sir/Madam, my transcript request submitted a couple of days ago is still pending, and I would like an update on the expected completion date. Please look into this.",Transcript,Medium
PR-0701,"Kindly note: I have a visa interview tomorrow morning and the embassy has specifically asked for my original transcript, which I still do not have despite requesting it a couple of days ago. Kindly advise.",Transcript,Critical
PR-0702,"Kindly note: Just a minor suggestion: the response templates could be a bit more personalized, nothing urgent. Please look into this.",Complaint,Low
PR-0703,"Respected Sir/Madam, could a dark mode option be added to the profile page? It would be a nice addition.",Profile Update,Low
PR-0704,"I paid my semester fee of Rs. 26,400 on over a week ago and the amount was deducted from my account, but the portal still shows the challan as unpaid, and the late fee deadline is this week. Awaiting your response.",Fee & Challan,High
PR-0705,"Respected Sir/Madam, my Directorate of Academics clearance has been pending for over a month even though my other clearances were completed long ago, and I need my final transcript for a job that starts within 24 hours. Please look into this.",Clearance,High
PR-0706,"Hi, my HEC degree attestation application has been stuck pending university verification for a couple of days, and my attestation appointment is by Friday. Regards.",Certificate / Verification,High
PR-0707,"Respected Sir/Madam, the fee payment gateway on the portal is throwing a fatal error for every single student today, which is the last date for semester fee submission without penalty.",Portal Technical Issue,Critical
PR-0708,"I paid my semester fee of Rs. 26,400 on a couple of days ago and the amount was deducted from my account, but the portal still shows the challan as unpaid, and the late fee deadline is by tomorrow morning. Kindly help.",Fee & Challan,High
PR-0709,"Respected Sir/Madam, my degree verification request from a foreign employer has been pending response for several weeks, and my job offer is contingent on it being completed by tomorrow. Awaiting your response.",Certificate / Verification,High
PR-0710,"Sir, several months of ticket records and attached documents appear to have been permanently deleted from the system overnight with no backup available, affecting hundreds of open cases.",Portal Technical Issue,Critical
PR-0711,"The paint on a corridor wall near the library is a little worn, just reporting it, not urgent at all. Thank you.",Infrastructure / Maintenance,Low
PR-0712,"Hi, the entire fee payment gateway has been down since last night for all students, and by Friday is the final date to submit semester fees without a late fine. Thank you.",Fee & Challan,Critical
PR-0713,"Dear concerned team, my account keeps logging me out automatically every few minutes, which is a bit inconvenient when filling out forms. Kindly advise.",Account & Login,Medium
PR-0714,"Sir, i updated my profile with my new degree information required for a job application deadline this week, but the changes are not being saved by the portal at all. Regards.",Profile Update,High
PR-0715,I have a supply in Database Systems but the Course Repeat option does not show this subject; could it be enabled? Thank you.,Course Registration,Medium
PR-0716,"Sir, my repeat subject fee challan has not been generated even though the subject shows as failed on my result, and course registration closes this week. Please look into this.",Course Registration,High
PR-0717,"Kindly note: The elevator serving the examination hall has broken down, creating serious difficulty for students with mobility issues ahead of within 24 hours's exam. Kindly advise.",Infrastructure / Maintenance,High
PR-0718,"Dear concerned team, my name on my degree does not match my CNIC due to a typo, and this mismatch is blocking my HEC attestation submission, which has a deadline this week.",Name Correction,High
PR-0719,"Sir, could you correct my program preference on my admission application from BS Data Science to BS Economics? Kindly help.",Admission,Medium
PR-0720,"Hi, i am unable to update my biography and professional links on my profile page; the save button does not seem to work. Regards.",Profile Update,Medium
PR-0721,"Hi, could you update my bank account details in the payroll system, as my old account has been closed?",Employee Services,Medium
PR-0722,"Hi, our entire class's clearance requests have been frozen due to a system error, blocking all 266 of us from collecting our degrees before today's convocation. Awaiting your response.",Clearance,Critical
PR-0723,"Sir, my embassy visa interview is scheduled for tomorrow and they require my original degree as mandatory proof, which has still not been issued. Awaiting your response.",Degree,Critical
PR-0724,"Dear concerned team, i was declared eligible on the merit list for BS Software Engineering but my admission fee challan is not generating, and tomorrow is the last date to pay and confirm my seat.",Admission,High
PR-0725,How can I change the spelling of my name on my student ID card? Please look into this.,Name Correction,Low
PR-0726,What is the normal degree processing time for BS Computer Science graduates? Please look into this.,Degree,Low
PR-0727,"Respected Sir/Madam, is there a mobile app version of the portal available, just curious?",Portal Technical Issue,Low
PR-0728,Has the result declaration date been finalized yet for this semester? Awaiting your response.,Result,Low
PR-0729,Kindly note: My examination admit card is missing and my paper is scheduled for in two days; without it I may not be allowed to sit the exam. Kindly advise.,Examination,High
PR-0730,"Hi, my scholarship disbursement has been delayed by over a month, and I need this amount to clear my semester fee challan before the due date this week, otherwise I risk being dropped. Thank you.",Scholarship,High
PR-0731,"Respected Sir/Madam, i would like to get my 'Computer Architecture' exam paper rechecked as I believe there may be a marking error. Kindly advise.",Examination,Medium
PR-0732,"I was declared eligible on the merit list for BS Mathematics but my admission fee challan is not generating, and today is the last date to pay and confirm my seat. Regards.",Admission,High
PR-0733,"My admission abroad will be cancelled within 24 hours unless I submit my original degree, and it has been stuck in processing for several months despite paying the urgent fee. Awaiting your response.",Degree,Critical
PR-0734,"Respected Sir/Madam, the projector in the the Scholarship Office lecture hall at Khanpur Campus has not been working for a couple of weeks; could this be repaired? Awaiting your response.",Infrastructure / Maintenance,Medium
PR-0735,"Respected Sir/Madam, my leave of absence request for a medical situation has not been approved yet, and my semester fee deadline, which depends on this approval, is in two days. Thank you.",Other,High
PR-0736,"Dear concerned team, there is an unusual, time-sensitive situation affecting hundreds of students across multiple departments that doesn't fit any specific category, and it needs immediate institutional attention today.",Other,Critical
PR-0737,"Respected Sir/Madam, my result shows an F grade in English Composition that I'm confident is incorrect, and this is affecting my scholarship eligibility review scheduled within 24 hours.",Result,High
PR-0738,"My visa application will be rejected if I do not submit a verified degree equivalence certificate by in two days, and the verification office has stopped responding entirely. Please look into this.",Certificate / Verification,Critical
PR-0739,Kindly note: How can I download my transcript from the student portal? Awaiting your response.,Transcript,Low
PR-0740,"Dear concerned team, i need a duplicate transcript copy as my original was misplaced. Could you guide me on the reissuance process?",Transcript,Medium
PR-0741,"Sir, my name on my degree does not match my CNIC due to a typo, and this mismatch is blocking my HEC attestation submission, which has a deadline tomorrow. Kindly help.",Name Correction,High
PR-0742,"Dear concerned team, i have a supply in English Composition but the Course Repeat option does not show this subject; could it be enabled?",Course Registration,Medium
PR-0743,"Kindly note: It has been several weeks since I completed my graduation and I still have not received my degree, which is now delaying a job I was set to start tomorrow.",Degree,High
PR-0744,"Respected Sir/Madam, course registration closes at midnight by Friday and the registration module has been throwing an error for every single student in my batch since this morning. Awaiting your response.",Course Registration,Critical
PR-0745,"Respected Sir/Madam, my profile shows a completely wrong CNIC that is blocking my degree attestation submission, which is due at the HEC office this week, and I cannot correct it myself. Kindly advise.",Profile Update,Critical
PR-0746,"Respected Sir/Madam, what is the usual format of the mid-term examination? Regards.",Examination,Low
PR-0747,"My professional profile still shows outdated information even though I updated it about a week ago, and a scholarship committee is reviewing my profile by Friday. Kindly help.",Profile Update,High
PR-0748,"My clearance was rejected without any specified reason, and this is now delaying my degree collection needed for a job joining date this week. Regards.",Clearance,High
PR-0749,"Respected Sir/Madam, my name on my degree does not match my CNIC due to a typo, and this mismatch is blocking my HEC attestation submission, which has a deadline tomorrow.",Name Correction,High
PR-0750,"Hi, my admission abroad will be cancelled this week unless I submit my original degree, and it has been stuck in processing for nearly two months despite paying the urgent fee.",Degree,Critical
PR-0751,"Kindly note: I have been awarded a compartment in Microbiology despite being confident I attempted the paper correctly, and I need urgent re-evaluation as it affects my scholarship eligibility review tomorrow. Please look into this.",Examination,High
PR-0752,"Kindly note: My HEC degree attestation application has been stuck pending university verification for a couple of days, and my attestation appointment is by tomorrow morning. Kindly advise.",Certificate / Verification,High
PR-0753,Kindly note: What is the recommended word count for a thesis final draft?,Thesis,Low
PR-0754,"Dear concerned team, the Wi-Fi router in one of the blocks has been intermittent for several days; could it be checked?",Infrastructure / Maintenance,Medium
PR-0755,"My thesis submission is blocked on the portal due to a missing field error, and my defense is scheduled tomorrow.",Thesis,High
PR-0756,I forgot my portal password and the reset link is not sending an OTP to my registered email; is there another way to reset it?,Account & Login,Medium
PR-0757,"I am unable to log in even with the correct credentials; it shows 'Invalid Username or Password' repeatedly, though I can still access things from my phone as a workaround. Please look into this.",Account & Login,Medium
PR-0758,"Hi, could a water cooler be installed near the Library? Just a small suggestion. Please look into this.",Infrastructure / Maintenance,Low
PR-0759,Kindly note: The thesis submission deadline is by tomorrow morning at midnight and the upload button has been completely non-functional for our entire batch since this afternoon.,Thesis,Critical
PR-0760,"My thesis defense is in two days and the portal will not let me download my approved supervisor sign-off, without which the committee will not allow me to defend. Kindly help.",Thesis,Critical
PR-0761,"My thesis submission is blocked on the portal due to a missing field error, and my defense is scheduled tomorrow. Thank you.",Thesis,High
PR-0762,I'd like to request re-generation of my degree fee challan as it was created under the wrong fee category. Kindly help.,Degree,Medium
PR-0763,"Dear concerned team, i need an Enrollment Certificate for a scheme application; could this be issued at your earliest convenience?",Certificate / Verification,Medium
PR-0764,"Just a minor suggestion: the response templates could be a bit more personalized, nothing urgent. Awaiting your response.",Complaint,Low
PR-0765,Course registration closes at midnight by tomorrow morning and the registration module has been throwing an error for every single student in my batch since this morning.,Course Registration,Critical
PR-0766,"Dear concerned team, i'd like to request re-generation of my degree fee challan as it was created under the wrong fee category. Please look into this.",Degree,Medium
PR-0767,"Respected Sir/Madam, i have a visa interview tomorrow and my experience certificate, promised for today, has still not been issued despite multiple follow-ups all week. Kindly advise.",Employee Services,Critical
PR-0768,"Sir, my credit transfer approval, required in two days to secure my admission abroad before their deadline expires, has still not been processed despite three urgent escalations this week.",Other,Critical
PR-0769,"Sir, how long does the clearance approval usually take on average? Kindly help.",Clearance,Low
PR-0770,"Sir, how can I generate a new fee challan for the semester?",Fee & Challan,Low
PR-0771,"Dear concerned team, my admission offer will be automatically cancelled at midnight by Friday if I do not submit my documents, but the document upload portal is showing a server error for every applicant right now. Awaiting your response.",Admission,Critical
PR-0772,"Hi, my thesis file was rejected by the portal for an unspecified reason and the resubmission deadline is today.",Thesis,High
PR-0773,"Sir, what is the recommended word count for a thesis final draft? Please look into this.",Thesis,Low
PR-0774,"Kindly note: The entire fee payment gateway has been down since last night for all students, and in two days is the final date to submit semester fees without a late fine.",Fee & Challan,Critical
PR-0775,"Respected Sir/Madam, my clearance is the only thing standing between me and graduation, and my scholarship abroad requires proof of graduation by by Friday, but the Directorate of Academics has gone completely silent. Please look into this.",Clearance,Critical
PR-0776,"Sir, i would like to get my 'Calculus' exam paper rechecked as I believe there may be a marking error.",Examination,Medium
PR-0777,"Hi, i forgot my portal password and the reset link is not sending an OTP to my registered email; is there another way to reset it? Kindly advise.",Account & Login,Medium
PR-0778,"Hi, is there a mobile app version of the portal available, just curious?",Portal Technical Issue,Low
PR-0779,My examination is scheduled to start in less than an hour and the admit card generation system has been down for our entire session since early this morning. Please look into this.,Examination,Critical
PR-0780,"Respected Sir/Madam, how can I generate a new fee challan for the semester?",Fee & Challan,Low
PR-0781,How can I download my transcript from the student portal? Kindly advise.,Transcript,Low
PR-0782,"Is there a mobile app version of the portal available, just curious? Kindly advise.",Portal Technical Issue,Low
PR-0783,"There is an unusual, time-sensitive situation affecting hundreds of students across multiple departments that doesn't fit any specific category, and it needs immediate institutional attention within 24 hours.",Other,Critical
PR-0784,Kindly note: I need an Enrollment Certificate for a scheme application; could this be issued at your earliest convenience? Regards.,Certificate / Verification,Medium
PR-0785,My registered course list is missing one elective that I selected during registration week; could this be added back? Awaiting your response.,Course Registration,Medium
PR-0786,"My professional profile still shows outdated information even though I updated it about a week ago, and a scholarship committee is reviewing my profile today.",Profile Update,High
PR-0787,"Dear concerned team, it has been more than two months since I completed my graduation and I still have not received my degree, which is now delaying a job I was set to start within 24 hours. Awaiting your response.",Degree,High
PR-0788,Kindly note: I am unable to update my biography and professional links on my profile page; the save button does not seem to work. Regards.,Profile Update,Medium
PR-0789,"Dear concerned team, hEC verification of my scholarship documents is still pending after over a week, and my semester fee due date is in two days.",Scholarship,High
PR-0790,"Respected Sir/Madam, i am writing on behalf of the entire batch of BS Agriculture scholarship recipients — none of us have received our final installment for over two years, and several of us cannot complete clearance for graduation because of it.",Scholarship,Critical
PR-0791,"Sir, my 6th semester result is not showing on the portal even though the declaration date has passed.",Result,Medium
PR-0792,Could a water cooler be installed near the Hostel Office? Just a small suggestion. Awaiting your response.,Infrastructure / Maintenance,Low
PR-0793,Kindly note: What is the normal degree processing time for BS Mathematics graduates? Thank you.,Degree,Low
PR-0794,"My name mismatch between my degree and CNIC is the sole reason my HEC attestation, required by tomorrow morning for a visa appointment, has been rejected.",Name Correction,Critical
PR-0795,"My repeat subject fee challan has not been generated even though the subject shows as failed on my result, and course registration closes by Friday. Kindly help.",Course Registration,High
PR-0796,"The fee payment gateway on the portal is throwing a fatal error for every single student today, which is the last date for semester fee submission without penalty. Please look into this.",Portal Technical Issue,Critical
PR-0797,"Dear concerned team, my account shows an 'Access Restricted' message on the dashboard, though I can still use the mobile app in the meantime. Thank you.",Account & Login,Medium
PR-0798,Is fee payable through mobile wallets or only through bank challan? Kindly help.,Fee & Challan,Low
PR-0799,"Dear concerned team, i forgot my portal password and the reset link is not sending an OTP to my registered email; is there another way to reset it? Awaiting your response.",Account & Login,Medium
PR-0800,"My admission abroad will be cancelled tomorrow unless I submit my original degree, and it has been stuck in processing for more than two months despite paying the urgent fee. Please look into this.",Degree,Critical
PR-0801,"My HEC attestation appointment is in two days and the university's online verification, which HEC is waiting on for dozens of applicants today, has still not been submitted for any of us. Kindly help.",Certificate / Verification,Critical
PR-0802,"Dear concerned team, my name correction request has been pending for nearly two months, and it is now blocking my degree printing needed before this week.",Name Correction,High
PR-0803,"Dear concerned team, there is a spelling mistake in my name on my student portal record; my correct name is Laiba Yasmin. Could this be corrected? Kindly advise.",Name Correction,Medium
PR-0804,"Dear concerned team, could you update my bank account details in the payroll system, as my old account has been closed? Thank you.",Employee Services,Medium
PR-0805,"Respected Sir/Madam, could you confirm receipt of the documents I submitted for my degree equivalence certification?",Certificate / Verification,Medium
PR-0806,"Sir, i need an official letter of recommendation urgently for a scholarship application closing within 24 hours, and my department has not responded to my request from a couple of days ago. Thank you.",Other,High
PR-0807,"Sir, my degree verification request from a foreign employer has been pending response for nearly two months, and my job offer is contingent on it being completed by by tomorrow morning. Thank you.",Certificate / Verification,High
PR-0808,"I have a visa interview today and my experience certificate, promised for today, has still not been issued despite multiple follow-ups all week.",Employee Services,Critical
PR-0809,"Sir, what is the eligibility criteria for the merit-based scholarship? Regards.",Scholarship,Low
PR-0810,Kindly note: I accidentally generated a combined fee voucher for two subjects; could this be split into separate vouchers? Thank you.,Fee & Challan,Medium
PR-0811,Kindly note: How many credit hours can I generally register for in a normal semester?,Course Registration,Low
PR-0812,"Sir, my thesis defense is by Friday and the portal will not let me download my approved supervisor sign-off, without which the committee will not allow me to defend. Kindly help.",Thesis,Critical
PR-0813,"Kindly note: My name on my degree does not match my CNIC due to a typo, and this mismatch is blocking my HEC attestation submission, which has a deadline this week. Kindly advise.",Name Correction,High
PR-0814,"Respected Sir/Madam, i accidentally generated a combined fee voucher for two subjects; could this be split into separate vouchers? Awaiting your response.",Fee & Challan,Medium
PR-0815,The projector in the the HR Office lecture hall at Bahawalpur City Campus has not been working for a couple of weeks; could this be repaired? Kindly advise.,Infrastructure / Maintenance,Medium
PR-0816,"Hi, what is the usual turnaround time for certificate issuance? Kindly help.",Certificate / Verification,Low
PR-0817,"The entire fee payment gateway has been down since last night for all students, and by tomorrow morning is the final date to submit semester fees without a late fine. Regards.",Fee & Challan,Critical
PR-0818,"Our whole department's final semester result system is showing 'no data found' for every single student, and it is blocking all of us from applying for graduation clearance before by Friday. Kindly help.",Result,Critical
PR-0819,"Sir, there is a clear discrepancy between my award list and my final result on the portal for 3 subjects, and I need this corrected before my transcript request this week. Regards.",Result,High
PR-0820,"Respected Sir/Madam, by mistake I applied for clearance under the wrong semester; could my clearance be reset so I can reapply correctly?",Clearance,Medium
PR-0821,"Sir, my profile shows a completely wrong CNIC that is blocking my degree attestation submission, which is due at the HEC office within 24 hours, and I cannot correct it myself. Thank you.",Profile Update,Critical
PR-0822,Could a dark mode option be added to the profile page? It would be a nice addition. Regards.,Profile Update,Low
PR-0823,"Hi, i keep getting logged out mid-way while submitting a required form, and I've now failed to submit it three times with the deadline being today. Thank you.",Account & Login,High
PR-0824,"Respected Sir/Madam, the fee voucher module of the portal has been throwing a server error for almost two weeks, and I cannot proceed with a task due in two days. Regards.",Portal Technical Issue,High
PR-0825,"Kindly note: My admission at a foreign university will be cancelled if I do not submit my original transcript by tomorrow, and the transcript office has not responded to my repeated requests.",Transcript,Critical
PR-0826,"Sir, my embassy visa interview is scheduled for tomorrow and they require my original degree as mandatory proof, which has still not been issued. Please look into this.",Degree,Critical
PR-0827,I have already submitted my thesis but I am unable to check the current status because it shows a missing registration number error. Thank you.,Thesis,Medium
PR-0828,"Sir, i have a supply in Microbiology but the Course Repeat option does not show this subject; could it be enabled? Kindly help.",Course Registration,Medium
PR-0829,"Dear concerned team, how many credit hours can I generally register for in a normal semester? Kindly help.",Course Registration,Low
PR-0830,"Hi, my Directorate of Academics clearance has been pending for more than two months even though my other clearances were completed long ago, and I need my final transcript for a job that starts today. Awaiting your response.",Clearance,High
PR-0831,"Sir, do I need to visit in person for a name correction, or is there an online option available?",Name Correction,Low
PR-0832,"My account has clearly been compromised, someone changed my password and recovery email, and I no longer have any access with my degree application deadline being today. Please look into this.",Account & Login,Critical
PR-0833,"My name correction request has been pending for several months, and it is now blocking my degree printing needed before this week. Awaiting your response.",Name Correction,High
PR-0834,Just wondering if I can register for an elective from a different department. Awaiting your response.,Course Registration,Low
PR-0835,"Dear concerned team, my login access to a system I need for essential work was suddenly revoked, and I have a task depending on it due this week. Please look into this.",Account & Login,High
PR-0836,"Hi, my name mismatch between my degree and CNIC is the sole reason my HEC attestation, required in two days for a visa appointment, has been rejected.",Name Correction,Critical
PR-0837,"My scholarship disbursement has been delayed by several months, and I need this amount to clear my semester fee challan before the due date by tomorrow morning, otherwise I risk being dropped. Awaiting your response.",Scholarship,High
PR-0838,"Hi, my contract renewal has not been processed and my current contract expires tomorrow, putting my continued employment at risk.",Employee Services,High
PR-0839,"Sir, could you guide me on the process to apply for a semester leave of absence for personal reasons? Kindly advise.",Other,Medium
PR-0840,My educational records are not reflected in my profile despite attaching verified transcripts a couple of days ago. Kindly advise.,Profile Update,Medium
PR-0841,"Sir, when does the admission form submission usually open for the next intake? Awaiting your response.",Admission,Low
PR-0842,"Dear concerned team, i have an F grade in Operating Systems but the subject is not appearing in the Course Repeat section, and I cannot register for the upcoming semester which closes this week.",Course Registration,High
PR-0843,"Respected Sir/Madam, i am unable to log in even with the correct credentials; it shows 'Invalid Username or Password' repeatedly, though I can still access things from my phone as a workaround. Regards.",Account & Login,Medium
PR-0844,"Dear concerned team, how can I request a bonafide certificate in general, just for future reference? Kindly help.",Certificate / Verification,Low
PR-0845,"Sir, the entire university portal has been completely down for all students and staff since last night, and by Friday is the deadline for semester registration with no announced extension. Kindly advise.",Portal Technical Issue,Critical
PR-0846,"Several months of ticket records and attached documents appear to have been permanently deleted from the system overnight with no backup available, affecting hundreds of open cases. Awaiting your response.",Portal Technical Issue,Critical
PR-0847,"Is it possible to link two of my accounts together, or should I just keep using them separately?",Account & Login,Low
PR-0848,"My name correction request has been pending for nearly two months, and it is now blocking my degree printing needed before by Friday.",Name Correction,High
PR-0849,"My degree verification request from a foreign employer has been pending response for several months, and my job offer is contingent on it being completed by within 24 hours.",Certificate / Verification,High
PR-0850,"Dear concerned team, the payroll system for the entire faculty has failed this cycle and salaries have not been disbursed to anyone, with rent and utility deadlines due by Friday for many staff members. Regards.",Employee Services,Critical
PR-0851,"Dear concerned team, my degree verification request from a foreign employer has been pending response for over a month, and my job offer is contingent on it being completed by by tomorrow morning. Regards.",Certificate / Verification,High
PR-0852,"Sir, i would like to get my 'Microbiology' exam paper rechecked as I believe there may be a marking error. Kindly help.",Examination,Medium
PR-0853,"Dear concerned team, our entire class's clearance requests have been frozen due to a system error, blocking all 307 of us from collecting our degrees before by Friday's convocation. Awaiting your response.",Clearance,Critical
PR-0854,"Sir, could you guide me on the process to apply for a semester leave of absence for personal reasons?",Other,Medium
PR-0855,I would like to get my 'Financial Accounting' exam paper rechecked as I believe there may be a marking error. Please look into this.,Examination,Medium
PR-0856,"A major water leakage has flooded part of the server room at Baghdad-ul-Jadeed Campus, threatening to permanently damage critical IT infrastructure for the whole university.",Infrastructure / Maintenance,Critical
PR-0857,Kindly note: The notification bell on my dashboard shows a count but clicking it does not open any notifications. Regards.,Portal Technical Issue,Medium
PR-0858,"Respected Sir/Madam, my professional profile still shows outdated information even though I updated it almost two weeks ago, and a scholarship committee is reviewing my profile by Friday. Regards.",Profile Update,High
PR-0859,"Respected Sir/Madam, hEC verification of my scholarship documents is still pending after about a week, and my semester fee due date is by Friday. Regards.",Scholarship,High
PR-0860,I am unable to update my biography and professional links on my profile page; the save button does not seem to work. Awaiting your response.,Profile Update,Medium
PR-0861,"Sir, i have been awarded a compartment in Computer Architecture despite being confident I attempted the paper correctly, and I need urgent re-evaluation as it affects my scholarship eligibility review tomorrow.",Examination,High
PR-0862,"Hi, my result shows an F grade in English Composition that I'm confident is incorrect, and this is affecting my scholarship eligibility review scheduled tomorrow.",Result,High
PR-0863,"Our whole department's final semester result system is showing 'no data found' for every single student, and it is blocking all of us from applying for graduation clearance before in two days. Please look into this.",Result,Critical
PR-0864,"Respected Sir/Madam, my admission has been put on hold because my HEC equivalence certificate has not been verified yet, and classes for BS Statistics start tomorrow. Kindly help.",Admission,High
PR-0865,"Dear concerned team, how can I change the spelling of my name on my student ID card? Awaiting your response.",Name Correction,Low
PR-0866,"Respected Sir/Madam, the portal loads a little slowly on mobile sometimes; just wanted to mention it, not urgent. Kindly advise.",Portal Technical Issue,Low
PR-0867,"Sir, i would like to raise a complaint about receiving conflicting information from two different staff members regarding the same issue. Regards.",Complaint,Medium
PR-0868,"Sir, i forgot my portal password and the reset link is not sending an OTP to my registered email; is there another way to reset it?",Account & Login,Medium
PR-0869,My 6th semester result is not showing on the portal even though the declaration date has passed.,Result,Medium
PR-0870,How can I apply for degree collection once it's ready? Awaiting your response.,Degree,Low
PR-0871,"The payroll system for the entire faculty has failed this cycle and salaries have not been disbursed to anyone, with rent and utility deadlines due this week for many staff members. Awaiting your response.",Employee Services,Critical
PR-0872,"Sir, just wanted to confirm the general thesis submission format guidelines. Kindly advise.",Thesis,Low
PR-0873,"The fee voucher module of the portal has been throwing a server error for a couple of days, and I cannot proceed with a task due this week.",Portal Technical Issue,High
PR-0874,"Respected Sir/Madam, i am writing on behalf of the entire batch of BS Mathematics scholarship recipients — none of us have received our final installment for over two years, and several of us cannot complete clearance for graduation because of it. Thank you.",Scholarship,Critical
PR-0875,"Respected Sir/Madam, by mistake I applied for clearance under the wrong semester; could my clearance be reset so I can reapply correctly? Thank you.",Clearance,Medium
PR-0876,"Sir, is there a mobile app version of the portal available, just curious?",Portal Technical Issue,Low
PR-0877,Kindly note: My thesis file was rejected by the portal for an unspecified reason and the resubmission deadline is tomorrow. Awaiting your response.,Thesis,High
PR-0878,"Sir, my name on my degree does not match my CNIC due to a typo, and this mismatch is blocking my HEC attestation submission, which has a deadline today.",Name Correction,High
PR-0879,"Hi, my 6th semester result is not showing on the portal even though the declaration date has passed.",Result,Medium
PR-0880,"Sir, has the result declaration date been finalized yet for this semester?",Result,Low
PR-0881,"Dear concerned team, there is a spelling mistake in my name on my student portal record; my correct name is Kamran Akhtar. Could this be corrected? Kindly advise.",Name Correction,Medium
PR-0882,"My salary has not been credited for a couple of days despite my department confirming approval, and I need this urgently to cover overdue expenses due in two days. Please look into this.",Employee Services,High
PR-0883,How can employees generally check their leave balance?,Employee Services,Low
PR-0884,"Sir, the elevator serving the examination hall has broken down, creating serious difficulty for students with mobility issues ahead of within 24 hours's exam. Thank you.",Infrastructure / Maintenance,High
PR-0885,"My profile shows a completely wrong CNIC that is blocking my degree attestation submission, which is due at the HEC office this week, and I cannot correct it myself. Kindly advise.",Profile Update,Critical
PR-0886,"Is there a way to change my profile picture on the portal, just curious about the option?",Profile Update,Low
PR-0887,"I am unable to log in even with the correct credentials; it shows 'Invalid Username or Password' repeatedly, though I can still access things from my phone as a workaround. Thank you.",Account & Login,Medium
PR-0888,"My HEC attestation appointment is by tomorrow morning and the university's online verification, which HEC is waiting on for dozens of applicants today, has still not been submitted for any of us. Please look into this.",Certificate / Verification,Critical
PR-0889,"Kindly note: My registration hold has still not been cleared despite clearing all dues weeks ago, and by tomorrow morning is the absolute last day to register, after which I will lose the entire semester. Kindly help.",Course Registration,Critical
PR-0890,"Hi, my leave of absence request for a medical situation has not been approved yet, and my semester fee deadline, which depends on this approval, is by Friday.",Other,High
PR-0891,"Respected Sir/Madam, i was awarded the scholarship shown on my portal, but I have not received any update on the disbursement schedule yet. Awaiting your response.",Scholarship,Medium
PR-0892,The projector in the the Registrar Office lecture hall at Khanpur Campus has not been working for a couple of weeks; could this be repaired? Kindly advise.,Infrastructure / Maintenance,Medium
PR-0893,"Hi, none of the 460 students in our batch can log in to the portal since last night, and within 24 hours is the final date for exam form submission with no extension announced. Awaiting your response.",Account & Login,Critical
PR-0894,"I have a visa interview tomorrow morning and the embassy has specifically asked for my original transcript, which I still do not have despite requesting it almost two weeks ago. Please look into this.",Transcript,Critical
PR-0895,"Hi, i would like to request my monthly payslip copies for the last few months for my personal records. Kindly advise.",Employee Services,Medium
PR-0896,"Hi, i forgot my portal password and the reset link is not sending an OTP to my registered email; is there another way to reset it?",Account & Login,Medium
PR-0897,"I paid my semester fee of Rs. 7,200 on about a week ago and the amount was deducted from my account, but the portal still shows the challan as unpaid, and the late fee deadline is this week.",Fee & Challan,High
PR-0898,"Sir, how can I change the spelling of my name on my student ID card? Awaiting your response.",Name Correction,Low
PR-0899,"Kindly note: I am writing on behalf of the entire batch of BS Data Science scholarship recipients — none of us have received our final installment for over two years, and several of us cannot complete clearance for graduation because of it. Kindly help.",Scholarship,Critical
PR-0900,"Sir, it has been over a month since I completed my graduation and I still have not received my degree, which is now delaying a job I was set to start by tomorrow morning.",Degree,High
PR-0901,"Respected Sir/Madam, i have a visa interview tomorrow morning and the embassy has specifically asked for my original transcript, which I still do not have despite requesting it about a week ago.",Transcript,Critical
PR-0902,My scholarship was suddenly cancelled without any notice and I have no funds to pay by Friday's fee deadline; if I don't pay today I will be dropped from the semester entirely. Kindly help.,Scholarship,Critical
PR-0903,"Hi, how can I apply for degree collection once it's ready? Regards.",Degree,Low
PR-0904,"Hi, what is the process to request an official transcript copy in general? Awaiting your response.",Transcript,Low
PR-0905,"Respected Sir/Madam, how can I get the developer pack using my student email, just curious if it's available? Kindly help.",Other,Low
PR-0906,"The telephone line of the Hostel Office at Khanpur Campus is not functioning, and this is adversely affecting the ongoing admission campaign whose deadline is within 24 hours. Thank you.",Infrastructure / Maintenance,High
PR-0907,"My transcript request submitted a couple of days ago is still pending, and I would like an update on the expected completion date. Awaiting your response.",Transcript,Medium
PR-0908,"Sir, the paint on a corridor wall near the library is a little worn, just reporting it, not urgent at all. Thank you.",Infrastructure / Maintenance,Low
PR-0909,"Hi, a major water leakage has flooded part of the server room at Bahawalpur City Campus, threatening to permanently damage critical IT infrastructure for the whole university. Regards.",Infrastructure / Maintenance,Critical
PR-0910,"I have a visa interview in two days and the embassy has specifically asked for my original transcript, which I still do not have despite requesting it a couple of days ago.",Transcript,Critical
PR-0911,"Dear concerned team, i would like to raise a complaint about receiving conflicting information from two different staff members regarding the same issue. Please look into this.",Complaint,Medium
PR-0912,"Hi, could you update my bank account details in the payroll system, as my old account has been closed? Awaiting your response.",Employee Services,Medium
PR-0913,"Hi, my transcript request submitted almost two weeks ago is still pending, and I would like an update on the expected completion date. Awaiting your response.",Transcript,Medium
PR-0914,"Dear concerned team, my result shows an F grade in Computer Architecture that I'm confident is incorrect, and this is affecting my scholarship eligibility review scheduled this week. Please look into this.",Result,High
PR-0915,"My name correction request has been pending for more than two months, and it is now blocking my degree printing needed before within 24 hours.",Name Correction,High
PR-0916,"Sir, how can I request a bonafide certificate in general, just for future reference?",Certificate / Verification,Low
PR-0917,I want to complain that my previous ticket was closed without any resolution or explanation; could it be reopened? Awaiting your response.,Complaint,Medium
PR-0918,"Respected Sir/Madam, my Directorate of Academics clearance has been pending for over a month even though my other clearances were completed long ago, and I need my final transcript for a job that starts by Friday. Please look into this.",Clearance,High
PR-0919,"I keep getting logged out mid-way while submitting a required form, and I've now failed to submit it three times with the deadline being tomorrow. Please look into this.",Account & Login,High
PR-0920,"Respected Sir/Madam, what is the recommended word count for a thesis final draft?",Thesis,Low
PR-0921,"Respected Sir/Madam, my registered course list is missing one elective that I selected during registration week; could this be added back? Kindly help.",Course Registration,Medium
PR-0922,"Hi, what is the usual turnaround time for certificate issuance?",Certificate / Verification,Low
PR-0923,"Sir, is there a student club focused on debate that I could join? Please look into this.",Other,Low
PR-0924,"My degree application shows 'Submitted' status even though I paid the challan almost two weeks ago, and I would like to know if this is normal processing time. Thank you.",Degree,Medium
PR-0925,Kindly note: What documents are generally required for the final clearance process?,Clearance,Low
PR-0926,Could you confirm receipt of the documents I submitted for my degree equivalence certification? Regards.,Certificate / Verification,Medium
PR-0927,"I have a visa interview by Friday and my experience certificate, promised for today, has still not been issued despite multiple follow-ups all week.",Employee Services,Critical
PR-0928,"Respected Sir/Madam, my account has clearly been compromised, someone changed my password and recovery email, and I no longer have any access with my degree application deadline being by tomorrow morning. Please look into this.",Account & Login,Critical
PR-0929,"Hi, my profile shows a completely wrong CNIC that is blocking my degree attestation submission, which is due at the HEC office in two days, and I cannot correct it myself.",Profile Update,Critical
PR-0930,The thesis submission deadline is today at midnight and the upload button has been completely non-functional for our entire batch since this afternoon.,Thesis,Critical
PR-0931,What is the eligibility criteria for the merit-based scholarship? Awaiting your response.,Scholarship,Low
PR-0932,"Kindly note: My account has clearly been compromised, someone changed my password and recovery email, and I no longer have any access with my degree application deadline being by Friday. Kindly advise.",Account & Login,Critical
PR-0933,"My account shows an 'Access Restricted' message on the dashboard, though I can still use the mobile app in the meantime. Awaiting your response.",Account & Login,Medium
PR-0934,"Respected Sir/Madam, my registration hold has still not been cleared despite clearing all dues weeks ago, and this week is the absolute last day to register, after which I will lose the entire semester. Awaiting your response.",Course Registration,Critical
PR-0935,"Hi, how long does the clearance approval usually take on average? Kindly advise.",Clearance,Low
PR-0936,"Respected Sir/Madam, how can I request a bonafide certificate in general, just for future reference? Kindly advise.",Certificate / Verification,Low
PR-0937,"My result shows an F grade in Data Structures that I'm confident is incorrect, and this is affecting my scholarship eligibility review scheduled within 24 hours. Thank you.",Result,High
PR-0938,"Dear concerned team, my educational records are not reflected in my profile despite attaching verified transcripts a couple of days ago.",Profile Update,Medium
PR-0939,"My HEC attestation appointment is by Friday and the university's online verification, which HEC is waiting on for dozens of applicants today, has still not been submitted for any of us. Regards.",Certificate / Verification,Critical
PR-0940,"Respected Sir/Madam, could you update my bank account details in the payroll system, as my old account has been closed?",Employee Services,Medium
PR-0941,"My leave of absence request for a medical situation has not been approved yet, and my semester fee deadline, which depends on this approval, is by Friday. Awaiting your response.",Other,High
PR-0942,"The portal loads a little slowly on mobile sometimes; just wanted to mention it, not urgent. Kindly advise.",Portal Technical Issue,Low
PR-0943,"Hi, i accidentally generated a combined fee voucher for two subjects; could this be split into separate vouchers? Awaiting your response.",Fee & Challan,Medium
PR-0944,"Kindly note: The main student database appears to be corrupted, and records for an entire batch of 282 students are showing blank or missing fields across every module. Please look into this.",Portal Technical Issue,Critical
PR-0945,"Hi, i would like to know how to request a change of campus from Khanpur Campus to another campus. Please look into this.",Other,Medium
PR-0946,"Kindly note: My login access to a system I need for essential work was suddenly revoked, and I have a task depending on it due by tomorrow morning. Awaiting your response.",Account & Login,High
PR-0947,The thesis submission deadline is by tomorrow morning at midnight and the upload button has been completely non-functional for our entire batch since this afternoon.,Thesis,Critical
PR-0948,"Hi, is there a student club focused on debate that I could join? Please look into this.",Other,Low
PR-0949,Kindly note: I have a supply in Calculus but the Course Repeat option does not show this subject; could it be enabled? Please look into this.,Course Registration,Medium
PR-0950,I need my final transcript urgently as I am applying for a Master's program abroad and the application portal closes within 24 hours.,Transcript,High
PR-0951,"HEC verification of my scholarship documents is still pending after about a week, and my semester fee due date is within 24 hours. Regards.",Scholarship,High
PR-0952,There is a spelling mistake in my name on my student portal record; my correct name is Danish Ali. Could this be corrected?,Name Correction,Medium
PR-0953,"Respected Sir/Madam, i paid my urgent degree processing fee of Rs. 5,000 but the transaction has completely vanished from both my bank statement and the portal, and my visa appointment is in two days. Kindly help.",Fee & Challan,Critical
PR-0954,"Sir, how many credit hours can I generally register for in a normal semester? Awaiting your response.",Course Registration,Low
PR-0955,"I keep getting logged out mid-way while submitting a required form, and I've now failed to submit it three times with the deadline being within 24 hours. Thank you.",Account & Login,High
PR-0956,"Hi, despite paying all dues on time, I have faced continuous delays across multiple offices regarding my final clearance, now jeopardizing my job joining date within 24 hours. Kindly advise.",Complaint,High
PR-0957,"Kindly note: My embassy visa interview is scheduled for the day after tomorrow and they require my original degree as mandatory proof, which has still not been issued.",Degree,Critical
PR-0958,"Our entire class's clearance requests have been frozen due to a system error, blocking all 172 of us from collecting our degrees before this week's convocation. Please look into this.",Clearance,Critical
PR-0959,"Respected Sir/Madam, the elevator serving the examination hall has broken down, creating serious difficulty for students with mobility issues ahead of by tomorrow morning's exam.",Infrastructure / Maintenance,High
PR-0960,How can I generate a new fee challan for the semester? Regards.,Fee & Challan,Low
PR-0961,What is the process to request an official transcript copy in general? Regards.,Transcript,Low
PR-0962,"Hi, my admission abroad will be cancelled tomorrow unless my degree name matches my passport exactly, and the correction request has been pending for several weeks despite the urgency I flagged.",Name Correction,Critical
PR-0963,"The elevator serving the examination hall has broken down, creating serious difficulty for students with mobility issues ahead of today's exam.",Infrastructure / Maintenance,High
PR-0964,"Dear concerned team, i accidentally generated a combined fee voucher for two subjects; could this be split into separate vouchers? Thank you.",Fee & Challan,Medium
PR-0965,Kindly note: Course registration closes at midnight by Friday and the registration module has been throwing an error for every single student in my batch since this morning.,Course Registration,Critical
PR-0966,"Just a minor suggestion: the response templates could be a bit more personalized, nothing urgent. Thank you.",Complaint,Low
PR-0967,"Hi, my Directorate of Academics clearance has been pending for over a month even though my other clearances were completed long ago, and I need my final transcript for a job that starts by tomorrow morning. Awaiting your response.",Clearance,High
PR-0968,The projector in the the Admissions Office lecture hall at Rahim Yar Khan Campus has not been working for a couple of weeks; could this be repaired?,Infrastructure / Maintenance,Medium
PR-0969,"Kindly note: I paid my urgent degree processing fee of Rs. 8,000 but the transaction has completely vanished from both my bank statement and the portal, and my visa appointment is this week. Thank you.",Fee & Challan,Critical
PR-0970,"I am writing on behalf of the entire batch of MS Electrical Power Engineering scholarship recipients — none of us have received our final installment for over two years, and several of us cannot complete clearance for graduation because of it.",Scholarship,Critical
PR-0971,"Dear concerned team, i have an F grade in Computer Architecture but the subject is not appearing in the Course Repeat section, and I cannot register for the upcoming semester which closes this week. Please look into this.",Course Registration,High
PR-0972,"Hi, small feedback: the waiting area could use a bit more seating, just a general comment. Awaiting your response.",Complaint,Low
PR-0973,"Sir, my urgent degree application has been under 'review' for a couple of days even though I paid the urgent fee, and I need it for a job offer that requires verification by Friday. Awaiting your response.",Degree,High
PR-0974,Could a water cooler be installed near the HR Office? Just a small suggestion.,Infrastructure / Maintenance,Low
PR-0975,"Hi, just wondering if I can register for an elective from a different department. Kindly advise.",Course Registration,Low
PR-0976,"Could you update my bank account details in the payroll system, as my old account has been closed? Regards.",Employee Services,Medium
PR-0977,"My visa application will be rejected if I do not submit a verified degree equivalence certificate by tomorrow, and the verification office has stopped responding entirely.",Certificate / Verification,Critical
PR-0978,"Hi, today is the absolute last date for admission fee submission for BS Economics, and the online payment gateway has been down since this morning for every single applicant on the merit list. Kindly help.",Admission,Critical
PR-0979,"Respected Sir/Madam, what documents are generally required for the final clearance process? Please look into this.",Clearance,Low
PR-0980,"Hi, my salary has not been credited for a couple of days despite my department confirming approval, and I need this urgently to cover overdue expenses due tomorrow. Awaiting your response.",Employee Services,High
PR-0981,"Dear concerned team, none of the 321 students in our batch can log in to the portal since last night, and within 24 hours is the final date for exam form submission with no extension announced. Thank you.",Account & Login,Critical
PR-0982,"Respected Sir/Madam, i forgot my portal password and the reset link is not sending an OTP to my registered email; is there another way to reset it?",Account & Login,Medium
PR-0983,"Dear concerned team, small feedback: the waiting area could use a bit more seating, just a general comment. Awaiting your response.",Complaint,Low
PR-0984,"Dear concerned team, i need an official letter of recommendation urgently for a scholarship application closing by tomorrow morning, and my department has not responded to my request from almost two weeks ago. Regards.",Other,High
PR-0985,"Is it possible to link two of my accounts together, or should I just keep using them separately? Kindly advise.",Account & Login,Low
PR-0986,"Respected Sir/Madam, our entire class's clearance requests have been frozen due to a system error, blocking all 216 of us from collecting our degrees before tomorrow's convocation. Please look into this.",Clearance,Critical
PR-0987,"Hi, i would like to know how to request a change of campus from Khanpur Campus to another campus. Thank you.",Other,Medium
PR-0988,"Hi, none of the 430 students in our batch can log in to the portal since last night, and by Friday is the final date for exam form submission with no extension announced. Awaiting your response.",Account & Login,Critical
PR-0989,"Kindly note: My thesis defense is in two days and the portal will not let me download my approved supervisor sign-off, without which the committee will not allow me to defend. Please look into this.",Thesis,Critical
PR-0990,"Sir, when do scholarship applications usually open for a new batch? Thank you.",Scholarship,Low
PR-0991,"Respected Sir/Madam, there is a spelling mistake in my name on my student portal record; my correct name is Rabia Anjum. Could this be corrected? Please look into this.",Name Correction,Medium
PR-0992,"Hi, one of my course results is missing from my transcript page while the rest are showing correctly. Please look into this.",Result,Medium
PR-0993,"Kindly note: There is a clear discrepancy between my award list and my final result on the portal for 4 subjects, and I need this corrected before my transcript request this week. Thank you.",Result,High
PR-0994,"My admission at a foreign university will be cancelled if I do not submit my original transcript by in two days, and the transcript office has not responded to my repeated requests.",Transcript,Critical
PR-0995,"Respected Sir/Madam, today is the absolute last date for admission fee submission for MPhil Software Engineering, and the online payment gateway has been down since this morning for every single applicant on the merit list.",Admission,Critical
PR-0996,"My repeat subject fee challan has not been generated even though the subject shows as failed on my result, and course registration closes by Friday.",Course Registration,High
PR-0997,"My thesis submission is blocked on the portal due to a missing field error, and my defense is scheduled by Friday. Kindly advise.",Thesis,High
PR-0998,"The entire university portal has been completely down for all students and staff since last night, and by Friday is the deadline for semester registration with no announced extension. Kindly help.",Portal Technical Issue,Critical
PR-0999,"The main student database appears to be corrupted, and records for an entire batch of 256 students are showing blank or missing fields across every module. Awaiting your response.",Portal Technical Issue,Critical
PR-1000,"Hi, i have a visa interview by tomorrow morning and my experience certificate, promised for today, has still not been issued despite multiple follow-ups all week. Please look into this.",Employee Services,Critical
PR-1001,Kindly note: What is the admission fee structure for LLB (5 Years)? Awaiting your response.,Admission,Low
PR-1002,"Respected Sir/Madam, my clearance is the only thing standing between me and graduation, and my scholarship abroad requires proof of graduation by by tomorrow morning, but the Directorate of Academics has gone completely silent.",Clearance,Critical
PR-1003,"Dear concerned team, i would like to get my 'Calculus' exam paper rechecked as I believe there may be a marking error. Please look into this.",Examination,Medium
PR-1004,"Respected Sir/Madam, my admission at a foreign university will be cancelled if I do not submit my original transcript by by tomorrow morning, and the transcript office has not responded to my repeated requests. Regards.",Transcript,Critical
PR-1005,"My account has been completely locked for a couple of days after a failed password reset, and I am unable to submit my thesis-related forms before the deadline by Friday. Kindly help.",Account & Login,High
PR-1006,"Dear concerned team, the portal loads a little slowly on mobile sometimes; just wanted to mention it, not urgent.",Portal Technical Issue,Low
PR-1007,How many credit hours can I generally register for in a normal semester? Kindly help.,Course Registration,Low
PR-1008,"I have been awarded a compartment in English Composition despite being confident I attempted the paper correctly, and I need urgent re-evaluation as it affects my scholarship eligibility review by tomorrow morning.",Examination,High
PR-1009,"Hi, when I open the fee section on the portal it appears empty and does not load any data. Awaiting your response.",Portal Technical Issue,Medium
PR-1010,I would like to get my 'Computer Architecture' exam paper rechecked as I believe there may be a marking error. Thank you.,Examination,Medium
PR-1011,"None of the 327 students in our batch can log in to the portal since last night, and this week is the final date for exam form submission with no extension announced. Kindly advise.",Account & Login,Critical
PR-1012,"Sir, my transcript request has been pending for almost two weeks despite the fee being paid, and I need it for a scholarship submission by Friday.",Transcript,High
PR-1013,Kindly note: Could you confirm the status of my scholarship application submitted a couple of days ago? Thank you.,Scholarship,Medium
PR-1014,"Hi, our entire class's clearance requests have been frozen due to a system error, blocking all 218 of us from collecting our degrees before this week's convocation. Kindly help.",Clearance,Critical
PR-1015,"How can I request a bonafide certificate in general, just for future reference? Awaiting your response.",Certificate / Verification,Low
PR-1016,"I am writing on behalf of the entire batch of MPhil Software Engineering scholarship recipients — none of us have received our final installment for over two years, and several of us cannot complete clearance for graduation because of it.",Scholarship,Critical
PR-1017,"My name on my degree does not match my CNIC due to a typo, and this mismatch is blocking my HEC attestation submission, which has a deadline this week. Kindly help.",Name Correction,High
PR-1018,"The result declaration system crashed for the entire batch of 685 students just minutes before the scheduled announcement time, and everyone is waiting anxiously. Kindly help.",Result,Critical
PR-1019,Kindly note: Could you confirm receipt of the documents I submitted for my degree equivalence certification? Thank you.,Certificate / Verification,Medium
PR-1020,"My HEC degree attestation application has been stuck pending university verification for over a week, and my attestation appointment is by tomorrow morning.",Certificate / Verification,High
PR-1021,"Hi, could a water cooler be installed near the Admissions Office? Just a small suggestion. Kindly help.",Infrastructure / Maintenance,Low
PR-1022,"Kindly note: I keep getting logged out mid-way while submitting a required form, and I've now failed to submit it three times with the deadline being today. Thank you.",Account & Login,High
PR-1023,When I open the fee section on the portal it appears empty and does not load any data. Please look into this.,Portal Technical Issue,Medium
PR-1024,"Sir, small feedback: the waiting area could use a bit more seating, just a general comment.",Complaint,Low
PR-1025,"My account shows an 'Access Restricted' message on the dashboard, though I can still use the mobile app in the meantime.",Account & Login,Medium
PR-1026,"Sir, my department clearance is approved but the library clearance section still shows pending despite no outstanding books. Please look into this.",Clearance,Medium
PR-1027,"Sir, my name on my degree does not match my CNIC due to a typo, and this mismatch is blocking my HEC attestation submission, which has a deadline within 24 hours.",Name Correction,High
PR-1028,"Kindly note: Our entire class's clearance requests have been frozen due to a system error, blocking all 213 of us from collecting our degrees before in two days's convocation.",Clearance,Critical
PR-1029,"Respected Sir/Madam, just a minor suggestion: the response templates could be a bit more personalized, nothing urgent.",Complaint,Low
PR-1030,"My transcript request submitted over a week ago is still pending, and I would like an update on the expected completion date. Awaiting your response.",Transcript,Medium
PR-1031,"My account has been completely locked for almost two weeks after a failed password reset, and I am unable to submit my thesis-related forms before the deadline today. Kindly help.",Account & Login,High
PR-1032,Just wondering if I can register for an elective from a different department.,Course Registration,Low
PR-1033,"Respected Sir/Madam, hEC verification of my scholarship documents is still pending after almost two weeks, and my semester fee due date is within 24 hours. Kindly advise.",Scholarship,High
PR-1034,"My repeat subject fee challan has not been generated even though the subject shows as failed on my result, and course registration closes within 24 hours.",Course Registration,High
PR-1035,"Dear concerned team, my semester fee challan is not showing on the portal; could you help me generate it so I can pay before the due date? Kindly advise.",Fee & Challan,Medium
PR-1036,Kindly note: Just wanted to confirm the standard leave application process for staff. Regards.,Employee Services,Low
PR-1037,"Dear concerned team, my account shows an 'Access Restricted' message on the dashboard, though I can still use the mobile app in the meantime. Regards.",Account & Login,Medium
PR-1038,"Hi, is it possible to link two of my accounts together, or should I just keep using them separately? Kindly help.",Account & Login,Low
PR-1039,"Hi, could you update my thesis supervisor's details on the portal, as they were assigned over a week ago but not reflected yet? Regards.",Thesis,Medium
PR-1040,"Respected Sir/Madam, my registration hold has still not been cleared despite clearing all dues weeks ago, and by Friday is the absolute last day to register, after which I will lose the entire semester. Please look into this.",Course Registration,Critical
PR-1041,"The portal loads a little slowly on mobile sometimes; just wanted to mention it, not urgent. Kindly help.",Portal Technical Issue,Low
PR-1042,"Hi, i would like to request my monthly payslip copies for the last few months for my personal records. Kindly help.",Employee Services,Medium
PR-1043,"My clearance was rejected without any specified reason, and this is now delaying my degree collection needed for a job joining date within 24 hours. Regards.",Clearance,High
PR-1044,"Sir, my admission abroad will be cancelled within 24 hours unless I submit my original degree, and it has been stuck in processing for several months despite paying the urgent fee.",Degree,Critical
PR-1045,"Hi, my admission application fee was paid but the status still shows 'Pending Payment' on the portal. Kindly advise.",Admission,Medium
PR-1046,"Dear concerned team, my admission application fee was paid but the status still shows 'Pending Payment' on the portal. Kindly help.",Admission,Medium
PR-1047,"Just a minor suggestion: the response templates could be a bit more personalized, nothing urgent. Kindly advise.",Complaint,Low
PR-1048,"Hi, hEC verification of my scholarship documents is still pending after almost two weeks, and my semester fee due date is within 24 hours. Kindly help.",Scholarship,High
PR-1049,"The portal keeps logging me into an authentication error whenever I try to access my dashboard, and I have a form to submit before this week.",Portal Technical Issue,High
PR-1050,What is the usual format of the mid-term examination? Please look into this.,Examination,Low
PR-1051,"Hi, the fee payment gateway on the portal is throwing a fatal error for every single student today, which is the last date for semester fee submission without penalty. Kindly advise.",Portal Technical Issue,Critical
PR-1052,"Respected Sir/Madam, my examination admit card is missing and my paper is scheduled for by Friday; without it I may not be allowed to sit the exam. Kindly help.",Examination,High
PR-1053,"My professional profile still shows outdated information even though I updated it almost two weeks ago, and a scholarship committee is reviewing my profile this week.",Profile Update,High
PR-1054,"Hi, there is a clear discrepancy between my award list and my final result on the portal for 2 subjects, and I need this corrected before my transcript request in two days. Please look into this.",Result,High
PR-1055,"I paid my urgent degree processing fee of Rs. 31,000 but the transaction has completely vanished from both my bank statement and the portal, and my visa appointment is within 24 hours. Kindly help.",Fee & Challan,Critical
PR-1056,"Our entire class's clearance requests have been frozen due to a system error, blocking all 184 of us from collecting our degrees before by Friday's convocation.",Clearance,Critical
PR-1057,"My scholarship disbursement has been delayed by several months, and I need this amount to clear my semester fee challan before the due date this week, otherwise I risk being dropped. Kindly advise.",Scholarship,High
PR-1058,"Sir, i updated my profile with my new degree information required for a job application deadline today, but the changes are not being saved by the portal at all.",Profile Update,High
PR-1059,"Several months of ticket records and attached documents appear to have been permanently deleted from the system overnight with no backup available, affecting hundreds of open cases. Kindly advise.",Portal Technical Issue,Critical
PR-1060,"Dear concerned team, my degree verification request from a foreign employer has been pending response for several weeks, and my job offer is contingent on it being completed by within 24 hours. Kindly help.",Certificate / Verification,High
PR-1061,Kindly note: How can I download my transcript from the student portal?,Transcript,Low
PR-1062,"My clearance was rejected without any specified reason, and this is now delaying my degree collection needed for a job joining date in two days. Kindly advise.",Clearance,High
PR-1063,"Sir, despite paying all dues on time, I have faced continuous delays across multiple offices regarding my final clearance, now jeopardizing my job joining date tomorrow. Kindly advise.",Complaint,High
PR-1064,"Dear concerned team, my semester fee challan is not showing on the portal; could you help me generate it so I can pay before the due date?",Fee & Challan,Medium
PR-1065,"I am unable to log in even with the correct credentials; it shows 'Invalid Username or Password' repeatedly, though I can still access things from my phone as a workaround. Regards.",Account & Login,Medium
PR-1066,"The telephone line of the Library at Bahawalpur City Campus is not functioning, and this is adversely affecting the ongoing admission campaign whose deadline is by Friday. Please look into this.",Infrastructure / Maintenance,High
PR-1067,Could a water cooler be installed near the Examination Department? Just a small suggestion.,Infrastructure / Maintenance,Low
PR-1068,Could you confirm the status of my scholarship application submitted over a week ago? Please look into this.,Scholarship,Medium
PR-1069,"Hi, could you confirm receipt of the documents I submitted for my degree equivalence certification?",Certificate / Verification,Medium
PR-1070,"Sir, i was awarded the scholarship shown on my portal, but I have not received any update on the disbursement schedule yet.",Scholarship,Medium
PR-1071,"I have a visa interview tomorrow morning and the embassy has specifically asked for my original transcript, which I still do not have despite requesting it over a week ago.",Transcript,Critical
PR-1072,"Hi, is fee payable through mobile wallets or only through bank challan? Please look into this.",Fee & Challan,Low
PR-1073,"Is there a mobile app version of the portal available, just curious? Thank you.",Portal Technical Issue,Low
PR-1074,"Sir, my HEC degree attestation application has been stuck pending university verification for about a week, and my attestation appointment is in two days.",Certificate / Verification,High
PR-1075,"Respected Sir/Madam, there is a clear discrepancy between my award list and my final result on the portal for 4 subjects, and I need this corrected before my transcript request by Friday. Kindly help.",Result,High
PR-1076,"Sir, what is the usual turnaround time for certificate issuance? Kindly advise.",Certificate / Verification,Low
PR-1077,Kindly note: Just wanted to confirm the standard leave application process for staff. Kindly help.,Employee Services,Low
PR-1078,"Kindly note: The result declaration system crashed for the entire batch of 533 students just minutes before the scheduled announcement time, and everyone is waiting anxiously. Awaiting your response.",Result,Critical
PR-1079,"Sir, our whole department's final semester result system is showing 'no data found' for every single student, and it is blocking all of us from applying for graduation clearance before within 24 hours. Awaiting your response.",Result,Critical
PR-1080,Kindly note: I would like to know how to request a change of campus from Bahawalpur City Campus to another campus. Please look into this.,Other,Medium
PR-1081,"My visa application will be rejected if I do not submit a verified degree equivalence certificate by tomorrow, and the verification office has stopped responding entirely. Thank you.",Certificate / Verification,Critical
PR-1082,"Dear concerned team, i was declared eligible on the merit list for BS Software Engineering but my admission fee challan is not generating, and within 24 hours is the last date to pay and confirm my seat. Thank you.",Admission,High
PR-1083,"Kindly note: Despite paying all dues on time, I have faced continuous delays across multiple offices regarding my final clearance, now jeopardizing my job joining date within 24 hours.",Complaint,High
PR-1084,"Sir, i have an F grade in Microbiology but the subject is not appearing in the Course Repeat section, and I cannot register for the upcoming semester which closes by Friday. Thank you.",Course Registration,High
PR-1085,"Dear concerned team, my contract renewal has not been processed and my current contract expires tomorrow, putting my continued employment at risk. Regards.",Employee Services,High
PR-1086,"My embassy visa interview is scheduled for tomorrow and they require my original degree as mandatory proof, which has still not been issued. Awaiting your response.",Degree,Critical
PR-1087,"Sir, is it possible to link two of my accounts together, or should I just keep using them separately? Kindly help.",Account & Login,Low
PR-1088,"Dear concerned team, my admission abroad will be cancelled this week unless my degree name matches my passport exactly, and the correction request has been pending for several months despite the urgency I flagged.",Name Correction,Critical
PR-1089,The thesis submission deadline is this week at midnight and the upload button has been completely non-functional for our entire batch since this afternoon.,Thesis,Critical
PR-1090,"Sir, has the result declaration date been finalized yet for this semester? Kindly advise.",Result,Low
PR-1091,"Respected Sir/Madam, my contract renewal has not been processed and my current contract expires by Friday, putting my continued employment at risk. Please look into this.",Employee Services,High
PR-1092,"Kindly note: The result declaration system crashed for the entire batch of 675 students just minutes before the scheduled announcement time, and everyone is waiting anxiously. Kindly advise.",Result,Critical
PR-1093,"Respected Sir/Madam, what is the recommended word count for a thesis final draft? Thank you.",Thesis,Low
PR-1094,"Dear concerned team, my department clearance is approved but the library clearance section still shows pending despite no outstanding books. Kindly help.",Clearance,Medium
PR-1095,"Sir, how can I generate a new fee challan for the semester? Regards.",Fee & Challan,Low
PR-1096,"Respected Sir/Madam, my clearance was rejected without any specified reason, and this is now delaying my degree collection needed for a job joining date within 24 hours. Please look into this.",Clearance,High
PR-1097,"Hi, how do I log out of the portal properly on a shared computer? Thank you.",Account & Login,Low
PR-1098,"Respected Sir/Madam, the portal keeps logging me into an authentication error whenever I try to access my dashboard, and I have a form to submit before tomorrow. Regards.",Portal Technical Issue,High
PR-1099,"Hi, my thesis defense is by Friday and the portal will not let me download my approved supervisor sign-off, without which the committee will not allow me to defend. Awaiting your response.",Thesis,Critical
PR-1100,"Sir, i need an official letter of recommendation urgently for a scholarship application closing by tomorrow morning, and my department has not responded to my request from a couple of days ago.",Other,High
PR-1101,"Sir, my degree verification request from a foreign employer has been pending response for several weeks, and my job offer is contingent on it being completed by within 24 hours. Kindly help.",Certificate / Verification,High
PR-1102,"Dear concerned team, is it possible to link two of my accounts together, or should I just keep using them separately?",Account & Login,Low
PR-1103,"Kindly note: The main student database appears to be corrupted, and records for an entire batch of 221 students are showing blank or missing fields across every module.",Portal Technical Issue,Critical
PR-1104,"Kindly note: The telephone line of the Admissions Office at Khanpur Campus is not functioning, and this is adversely affecting the ongoing admission campaign whose deadline is within 24 hours.",Infrastructure / Maintenance,High
PR-1105,I need my final transcript urgently as I am applying for a Master's program abroad and the application portal closes by Friday. Awaiting your response.,Transcript,High
PR-1106,"Dear concerned team, could a dark mode option be added to the profile page? It would be a nice addition. Thank you.",Profile Update,Low
PR-1107,"Dear concerned team, i have already submitted my thesis but I am unable to check the current status because it shows a missing registration number error. Regards.",Thesis,Medium
PR-1108,"Sir, my admission abroad will be cancelled by Friday unless I submit my original degree, and it has been stuck in processing for over a month despite paying the urgent fee. Awaiting your response.",Degree,Critical
PR-1109,"My clearance was rejected without any specified reason, and this is now delaying my degree collection needed for a job joining date in two days.",Clearance,High
PR-1110,"My professional profile still shows outdated information even though I updated it about a week ago, and a scholarship committee is reviewing my profile this week. Regards.",Profile Update,High
PR-1111,"I am filing an urgent complaint that despite an official refund approval of Rs. 31,000 on record, the accounts office has still not released the funds, and I cannot pay this week's non-negotiable admission deadline fee without it. Awaiting your response.",Complaint,Critical
PR-1112,"My account has been completely locked for about a week after a failed password reset, and I am unable to submit my thesis-related forms before the deadline today.",Account & Login,High
PR-1113,"Today is the absolute last date for admission fee submission for PhD Management Sciences, and the online payment gateway has been down since this morning for every single applicant on the merit list. Please look into this.",Admission,Critical
PR-1114,"Respected Sir/Madam, there is an unusual, time-sensitive situation affecting hundreds of students across multiple departments that doesn't fit any specific category, and it needs immediate institutional attention in two days. Please look into this.",Other,Critical
PR-1115,"Kindly note: I have an F grade in Operating Systems but the subject is not appearing in the Course Repeat section, and I cannot register for the upcoming semester which closes by tomorrow morning. Please look into this.",Course Registration,High
PR-1116,"Respected Sir/Madam, our entire class's clearance requests have been frozen due to a system error, blocking all 154 of us from collecting our degrees before today's convocation. Kindly help.",Clearance,Critical
PR-1117,Kindly note: Could you confirm the status of my scholarship application submitted over a week ago? Awaiting your response.,Scholarship,Medium
PR-1118,"Hi, i paid my urgent degree processing fee of Rs. 9,600 but the transaction has completely vanished from both my bank statement and the portal, and my visa appointment is this week. Kindly advise.",Fee & Challan,Critical
PR-1119,"Dear concerned team, i paid my urgent degree processing fee of Rs. 31,000 but the transaction has completely vanished from both my bank statement and the portal, and my visa appointment is in two days. Thank you.",Fee & Challan,Critical
PR-1120,"Sir, what is the normal degree processing time for BS Economics graduates? Regards.",Degree,Low
PR-1121,"Hi, my credit transfer approval, required this week to secure my admission abroad before their deadline expires, has still not been processed despite three urgent escalations this week.",Other,Critical
PR-1122,"Sir, i am unable to log in even with the correct credentials; it shows 'Invalid Username or Password' repeatedly, though I can still access things from my phone as a workaround. Regards.",Account & Login,Medium
PR-1123,My thesis file was rejected by the portal for an unspecified reason and the resubmission deadline is today. Regards.,Thesis,High
PR-1124,"Respected Sir/Madam, i have been awarded a compartment in Statistics despite being confident I attempted the paper correctly, and I need urgent re-evaluation as it affects my scholarship eligibility review within 24 hours. Please look into this.",Examination,High
PR-1125,"Dear concerned team, my admission has been put on hold because my HEC equivalence certificate has not been verified yet, and classes for BS Mathematics start by Friday. Please look into this.",Admission,High
PR-1126,"Kindly note: My scholarship disbursement has been delayed by over a month, and I need this amount to clear my semester fee challan before the due date today, otherwise I risk being dropped. Kindly help.",Scholarship,High
PR-1127,How can I download my transcript from the student portal? Awaiting your response.,Transcript,Low
PR-1128,"Hi, is there a way to change my profile picture on the portal, just curious about the option?",Profile Update,Low
PR-1129,I need a duplicate transcript copy as my original was misplaced. Could you guide me on the reissuance process? Please look into this.,Transcript,Medium
PR-1130,"Sir, the portal loads a little slowly on mobile sometimes; just wanted to mention it, not urgent. Kindly help.",Portal Technical Issue,Low
PR-1131,I would like to know how to request a change of campus from Rahim Yar Khan Campus to another campus.,Other,Medium
PR-1132,"Hi, my comprehensive exam date is missing from my record; could this be updated so I can proceed with the next steps? Kindly advise.",Examination,Medium
PR-1133,"Respected Sir/Madam, my scholarship disbursement has been delayed by more than two months, and I need this amount to clear my semester fee challan before the due date today, otherwise I risk being dropped. Thank you.",Scholarship,High
PR-1134,"Sir, hEC verification of my scholarship documents is still pending after a couple of days, and my semester fee due date is tomorrow.",Scholarship,High
PR-1135,"Hi, my profile shows a completely wrong CNIC that is blocking my degree attestation submission, which is due at the HEC office by tomorrow morning, and I cannot correct it myself. Please look into this.",Profile Update,Critical
PR-1136,"Respected Sir/Madam, i need an Enrollment Certificate for a scheme application; could this be issued at your earliest convenience?",Certificate / Verification,Medium
PR-1137,"Dear concerned team, the notification bell on my dashboard shows a count but clicking it does not open any notifications.",Portal Technical Issue,Medium
PR-1138,I have a supply in Microbiology but the Course Repeat option does not show this subject; could it be enabled? Kindly help.,Course Registration,Medium
PR-1139,"Kindly note: A major water leakage has flooded part of the server room at Baghdad-ul-Jadeed Campus, threatening to permanently damage critical IT infrastructure for the whole university. Thank you.",Infrastructure / Maintenance,Critical
PR-1140,"Dear concerned team, is there a mobile app version of the portal available, just curious? Please look into this.",Portal Technical Issue,Low
PR-1141,"Hi, the fire alarm system across the entire Baghdad-ul-Jadeed Campus hostel block has stopped working, posing a serious safety risk to every resident student right now.",Infrastructure / Maintenance,Critical
PR-1142,"How can I get the developer pack using my student email, just curious if it's available? Regards.",Other,Low
PR-1143,"Hi, there is a spelling mistake in my name on my student portal record; my correct name is Sobia Naz. Could this be corrected? Please look into this.",Name Correction,Medium
PR-1144,My examination is scheduled to start in less than an hour and the admit card generation system has been down for our entire session since early this morning. Regards.,Examination,Critical
PR-1145,Is fee payable through mobile wallets or only through bank challan? Please look into this.,Fee & Challan,Low
PR-1146,"Hi, i would like to raise a complaint about receiving conflicting information from two different staff members regarding the same issue. Thank you.",Complaint,Medium
PR-1147,"Dear concerned team, when is the next semester result usually announced? Please look into this.",Result,Low
PR-1148,How do I log out of the portal properly on a shared computer? Please look into this.,Account & Login,Low
PR-1149,"My urgent degree application has been under 'review' for almost two weeks even though I paid the urgent fee, and I need it for a job offer that requires verification tomorrow. Kindly advise.",Degree,High
PR-1150,"Hi, is there a student club focused on photography that I could join?",Other,Low
PR-1151,"My scholarship-covered fee challan is still showing unpaid even though the scholarship office confirmed disbursement almost two weeks ago, and a late fee surcharge starts today.",Fee & Challan,High
PR-1152,"The payroll system for the entire faculty has failed this cycle and salaries have not been disbursed to anyone, with rent and utility deadlines due in two days for many staff members.",Employee Services,Critical
PR-1153,"Dear concerned team, when I open the fee section on the portal it appears empty and does not load any data. Awaiting your response.",Portal Technical Issue,Medium
PR-1154,"Is there a way to change my profile picture on the portal, just curious about the option? Kindly advise.",Profile Update,Low
PR-1155,"Sir, none of the 159 students in our batch can log in to the portal since last night, and by Friday is the final date for exam form submission with no extension announced. Thank you.",Account & Login,Critical
PR-1156,"Dear concerned team, there is a spelling mistake in my name on my student portal record; my correct name is Mariam Shafiq. Could this be corrected?",Name Correction,Medium
PR-1157,Kindly note: My examination is scheduled to start in less than an hour and the admit card generation system has been down for our entire session since early this morning. Thank you.,Examination,Critical
PR-1158,"Sir, i would like to raise a complaint about receiving conflicting information from two different staff members regarding the same issue. Kindly help.",Complaint,Medium
PR-1159,"My thesis submission is blocked on the portal due to a missing field error, and my defense is scheduled by tomorrow morning. Kindly help.",Thesis,High
PR-1160,"My scholarship-covered fee challan is still showing unpaid even though the scholarship office confirmed disbursement over a week ago, and a late fee surcharge starts this week. Regards.",Fee & Challan,High
PR-1161,"Hi, what is the eligibility criteria for the merit-based scholarship?",Scholarship,Low
PR-1162,"Dear concerned team, my profile shows a completely wrong CNIC that is blocking my degree attestation submission, which is due at the HEC office in two days, and I cannot correct it myself. Please look into this.",Profile Update,Critical
PR-1163,Kindly note: Could you correct my program preference on my admission application from MBA to BS Data Science?,Admission,Medium
PR-1164,I need a duplicate transcript copy as my original was misplaced. Could you guide me on the reissuance process? Kindly help.,Transcript,Medium
PR-1165,"The portal loads a little slowly on mobile sometimes; just wanted to mention it, not urgent.",Portal Technical Issue,Low
PR-1166,"Kindly note: The entire fee payment gateway has been down since last night for all students, and in two days is the final date to submit semester fees without a late fine. Regards.",Fee & Challan,Critical
PR-1167,"I have a visa interview tomorrow morning and the embassy has specifically asked for my original transcript, which I still do not have despite requesting it almost two weeks ago.",Transcript,Critical
PR-1168,"Hi, my visa application will be rejected if I do not submit a verified degree equivalence certificate by within 24 hours, and the verification office has stopped responding entirely. Regards.",Certificate / Verification,Critical
PR-1169,"I was awarded the scholarship shown on my portal, but I have not received any update on the disbursement schedule yet.",Scholarship,Medium
PR-1170,"I am filing an urgent complaint that despite an official refund approval of Rs. 16,000 on record, the accounts office has still not released the funds, and I cannot pay today's non-negotiable admission deadline fee without it. Thank you.",Complaint,Critical
PR-1171,"Kindly note: My clearance was rejected without any specified reason, and this is now delaying my degree collection needed for a job joining date by tomorrow morning.",Clearance,High
PR-1172,"Hi, my clearance is the only thing standing between me and graduation, and my scholarship abroad requires proof of graduation by within 24 hours, but the Directorate of Academics has gone completely silent. Kindly advise.",Clearance,Critical
PR-1173,"Sir, just wanted to confirm the standard leave application process for staff. Kindly help.",Employee Services,Low
PR-1174,"Dear concerned team, i am escalating a critical complaint on behalf of my entire batch — none of our clearance requests have been processed for nearly two months, and our convocation, requiring proof of clearance, is this week. Please look into this.",Complaint,Critical
PR-1175,Kindly note: My examination is scheduled to start in less than an hour and the admit card generation system has been down for our entire session since early this morning. Kindly help.,Examination,Critical
PR-1176,"My transcript request has been pending for about a week despite the fee being paid, and I need it for a scholarship submission today. Regards.",Transcript,High
PR-1177,"The result declaration system crashed for the entire batch of 596 students just minutes before the scheduled announcement time, and everyone is waiting anxiously. Please look into this.",Result,Critical
PR-1178,"Respected Sir/Madam, the projector in the the Admissions Office lecture hall at Bahawalpur City Campus has not been working for a couple of weeks; could this be repaired? Regards.",Infrastructure / Maintenance,Medium
PR-1179,"Sir, what is the admission fee structure for BS Software Engineering? Awaiting your response.",Admission,Low
PR-1180,"I was awarded the scholarship shown on my portal, but I have not received any update on the disbursement schedule yet. Kindly help.",Scholarship,Medium
PR-1181,"None of the 584 students in our batch can log in to the portal since last night, and by Friday is the final date for exam form submission with no extension announced.",Account & Login,Critical
PR-1182,"Hi, just a minor suggestion: the response templates could be a bit more personalized, nothing urgent. Kindly help.",Complaint,Low
PR-1183,"Hi, small feedback: the waiting area could use a bit more seating, just a general comment. Regards.",Complaint,Low
PR-1184,"Respected Sir/Madam, my clearance was rejected without any specified reason, and this is now delaying my degree collection needed for a job joining date within 24 hours. Kindly help.",Clearance,High
PR-1185,"My scholarship disbursement has been delayed by more than two months, and I need this amount to clear my semester fee challan before the due date by tomorrow morning, otherwise I risk being dropped.",Scholarship,High
PR-1186,"It has been several weeks since I completed my graduation and I still have not received my degree, which is now delaying a job I was set to start tomorrow. Kindly help.",Degree,High
PR-1187,"My admission offer will be automatically cancelled at midnight by Friday if I do not submit my documents, but the document upload portal is showing a server error for every applicant right now. Please look into this.",Admission,Critical
PR-1188,"Dear concerned team, my degree application shows 'Submitted' status even though I paid the challan almost two weeks ago, and I would like to know if this is normal processing time. Kindly advise.",Degree,Medium
PR-1189,"Hi, my comprehensive exam date is missing from my record; could this be updated so I can proceed with the next steps? Kindly help.",Examination,Medium
PR-1190,Just wanted to confirm the general thesis submission format guidelines. Kindly help.,Thesis,Low
PR-1191,"Sir, i paid my semester fee of Rs. 12,000 on over a week ago and the amount was deducted from my account, but the portal still shows the challan as unpaid, and the late fee deadline is by tomorrow morning.",Fee & Challan,High
PR-1192,"Sir, i have a supply in Microbiology but the Course Repeat option does not show this subject; could it be enabled? Kindly advise.",Course Registration,Medium
PR-1193,"Hi, just wanted to confirm the standard leave application process for staff. Kindly help.",Employee Services,Low
PR-1194,"Respected Sir/Madam, how do I log out of the portal properly on a shared computer?",Account & Login,Low
PR-1195,"My Turnitin account was blocked by mistake and despite raising a complaint a couple of days ago, it is still blocked, preventing me from submitting my assigned work due this week.",Account & Login,High
PR-1196,"Hi, my admission abroad will be cancelled by tomorrow morning unless I submit my original degree, and it has been stuck in processing for nearly two months despite paying the urgent fee. Please look into this.",Degree,Critical
PR-1197,What is the recommended word count for a thesis final draft? Kindly advise.,Thesis,Low
PR-1198,"Could you update my bank account details in the payroll system, as my old account has been closed? Thank you.",Employee Services,Medium
PR-1199,"Kindly note: I paid my semester fee of Rs. 42,000 on about a week ago and the amount was deducted from my account, but the portal still shows the challan as unpaid, and the late fee deadline is within 24 hours. Regards.",Fee & Challan,High
PR-1200,"Kindly note: My professional profile still shows outdated information even though I updated it over a week ago, and a scholarship committee is reviewing my profile by tomorrow morning.",Profile Update,High
PR-1201,"Respected Sir/Madam, what is the normal degree processing time for BS Agriculture graduates?",Degree,Low
PR-1202,"Respected Sir/Madam, the entire fee payment gateway has been down since last night for all students, and by Friday is the final date to submit semester fees without a late fine. Kindly advise.",Fee & Challan,Critical
PR-1203,My examination admit card is missing and my paper is scheduled for in two days; without it I may not be allowed to sit the exam. Awaiting your response.,Examination,High
PR-1204,My thesis file was rejected by the portal for an unspecified reason and the resubmission deadline is this week.,Thesis,High
PR-1205,"I have an F grade in Operating Systems but the subject is not appearing in the Course Repeat section, and I cannot register for the upcoming semester which closes tomorrow.",Course Registration,High
PR-1206,"Hi, the payroll system for the entire faculty has failed this cycle and salaries have not been disbursed to anyone, with rent and utility deadlines due by tomorrow morning for many staff members. Kindly help.",Employee Services,Critical
PR-1207,Kindly note: Has the result declaration date been finalized yet for this semester?,Result,Low
PR-1208,"I am writing on behalf of the entire batch of BS Zoology scholarship recipients — none of us have received our final installment for over two years, and several of us cannot complete clearance for graduation because of it. Thank you.",Scholarship,Critical
PR-1209,"Sir, just wanted to confirm the general examination fee amount for this term. Regards.",Examination,Low
PR-1210,My semester fee challan is not showing on the portal; could you help me generate it so I can pay before the due date? Kindly advise.,Fee & Challan,Medium
PR-1211,"Hi, i am unable to log in even with the correct credentials; it shows 'Invalid Username or Password' repeatedly, though I can still access things from my phone as a workaround. Thank you.",Account & Login,Medium
PR-1212,Course registration closes at midnight by Friday and the registration module has been throwing an error for every single student in my batch since this morning. Thank you.,Course Registration,Critical
PR-1213,"Kindly note: My Turnitin account was blocked by mistake and despite raising a complaint over a week ago, it is still blocked, preventing me from submitting my assigned work due this week. Awaiting your response.",Account & Login,High
PR-1214,"Respected Sir/Madam, my login access to a system I need for essential work was suddenly revoked, and I have a task depending on it due in two days. Thank you.",Account & Login,High
PR-1215,I would like to request my monthly payslip copies for the last few months for my personal records. Awaiting your response.,Employee Services,Medium
PR-1216,"My account has been completely locked for about a week after a failed password reset, and I am unable to submit my thesis-related forms before the deadline by Friday. Kindly help.",Account & Login,High
PR-1217,"My embassy visa interview is scheduled for the day after tomorrow and they require my original degree as mandatory proof, which has still not been issued.",Degree,Critical
PR-1218,"Dear concerned team, my examination is scheduled to start in less than an hour and the admit card generation system has been down for our entire session since early this morning. Kindly help.",Examination,Critical
PR-1219,"The payroll system for the entire faculty has failed this cycle and salaries have not been disbursed to anyone, with rent and utility deadlines due by tomorrow morning for many staff members.",Employee Services,Critical
PR-1220,"My login access to a system I need for essential work was suddenly revoked, and I have a task depending on it due by tomorrow morning. Awaiting your response.",Account & Login,High
PR-1221,"Dear concerned team, the result declaration system crashed for the entire batch of 390 students just minutes before the scheduled announcement time, and everyone is waiting anxiously.",Result,Critical
PR-1222,"My transcript request submitted about a week ago is still pending, and I would like an update on the expected completion date. Thank you.",Transcript,Medium
PR-1223,"Sir, i would like to know how to request a change of campus from Rahim Yar Khan Campus to another campus. Thank you.",Other,Medium
PR-1224,"Sir, my scholarship was suddenly cancelled without any notice and I have no funds to pay today's fee deadline; if I don't pay today I will be dropped from the semester entirely. Regards.",Scholarship,Critical
PR-1225,"Sir, how can I download my transcript from the student portal? Regards.",Transcript,Low
PR-1226,"Dear concerned team, i have an F grade in Microbiology but the subject is not appearing in the Course Repeat section, and I cannot register for the upcoming semester which closes within 24 hours. Regards.",Course Registration,High
PR-1227,"Kindly note: My admission has been put on hold because my HEC equivalence certificate has not been verified yet, and classes for BS Mathematics start by Friday.",Admission,High
PR-1228,"Sir, i am formally complaining about a delay of several weeks in processing my transcript request despite multiple follow-ups, and I now have a hard deadline in two days. Thank you.",Complaint,High
PR-1229,Kindly note: How can I apply for degree collection once it's ready? Kindly advise.,Degree,Low
PR-1230,"The fire alarm system across the entire Khanpur Campus hostel block has stopped working, posing a serious safety risk to every resident student right now. Please look into this.",Infrastructure / Maintenance,Critical
PR-1231,"Respected Sir/Madam, i have a visa interview this week and my experience certificate, promised for today, has still not been issued despite multiple follow-ups all week.",Employee Services,Critical
PR-1232,"Dear concerned team, the portal loads a little slowly on mobile sometimes; just wanted to mention it, not urgent. Please look into this.",Portal Technical Issue,Low
PR-1233,How can I change the spelling of my name on my student ID card? Kindly advise.,Name Correction,Low
PR-1234,"Dear concerned team, i would like to raise a complaint about receiving conflicting information from two different staff members regarding the same issue. Thank you.",Complaint,Medium
PR-1235,"Dear concerned team, my scholarship disbursement has been delayed by more than two months, and I need this amount to clear my semester fee challan before the due date within 24 hours, otherwise I risk being dropped. Awaiting your response.",Scholarship,High
PR-1236,"My account has clearly been compromised, someone changed my password and recovery email, and I no longer have any access with my degree application deadline being within 24 hours. Please look into this.",Account & Login,Critical
PR-1237,"Kindly note: I am formally complaining about a delay of more than two months in processing my clearance request despite multiple follow-ups, and I now have a hard deadline by Friday. Awaiting your response.",Complaint,High
PR-1238,"Is it possible to link two of my accounts together, or should I just keep using them separately? Thank you.",Account & Login,Low
PR-1239,"My embassy visa interview is scheduled for tomorrow and they require my original degree as mandatory proof, which has still not been issued. Kindly advise.",Degree,Critical
PR-1240,I would like to get my 'Data Structures' exam paper rechecked as I believe there may be a marking error. Kindly advise.,Examination,Medium
PR-1241,"My account shows an 'Access Restricted' message on the dashboard, though I can still use the mobile app in the meantime. Thank you.",Account & Login,Medium
PR-1242,"My visa application will be rejected if I do not submit a verified degree equivalence certificate by this week, and the verification office has stopped responding entirely. Regards.",Certificate / Verification,Critical
PR-1243,"Respected Sir/Madam, the main student database appears to be corrupted, and records for an entire batch of 429 students are showing blank or missing fields across every module. Thank you.",Portal Technical Issue,Critical
PR-1244,"Sir, i am filing an urgent complaint that despite an official refund approval of Rs. 9,600 on record, the accounts office has still not released the funds, and I cannot pay within 24 hours's non-negotiable admission deadline fee without it. Please look into this.",Complaint,Critical
PR-1245,"Sir, is there a way to change my profile picture on the portal, just curious about the option? Kindly help.",Profile Update,Low
PR-1246,"My credit transfer approval, required tomorrow to secure my admission abroad before their deadline expires, has still not been processed despite three urgent escalations this week. Kindly help.",Other,Critical
PR-1247,"Hi, could you confirm the status of my scholarship application submitted about a week ago? Regards.",Scholarship,Medium
PR-1248,When do scholarship applications usually open for a new batch? Kindly advise.,Scholarship,Low
PR-1249,"My admission offer will be automatically cancelled at midnight by tomorrow morning if I do not submit my documents, but the document upload portal is showing a server error for every applicant right now.",Admission,Critical
PR-1250,"Dear concerned team, my thesis file was rejected by the portal for an unspecified reason and the resubmission deadline is by tomorrow morning. Awaiting your response.",Thesis,High
PR-1251,Kindly note: How can employees generally check their leave balance? Awaiting your response.,Employee Services,Low
PR-1252,"Could you tell me the general process to change the username linked to my profile, no rush on this? Thank you.",Account & Login,Low
PR-1253,"Hi, what is the recommended word count for a thesis final draft?",Thesis,Low
PR-1254,"Kindly note: I paid my semester fee of Rs. 31,000 on over a week ago and the amount was deducted from my account, but the portal still shows the challan as unpaid, and the late fee deadline is within 24 hours.",Fee & Challan,High
PR-1255,"Sir, is it possible to link two of my accounts together, or should I just keep using them separately? Kindly advise.",Account & Login,Low
PR-1256,"A major water leakage has flooded part of the server room at Bahawalpur City Campus, threatening to permanently damage critical IT infrastructure for the whole university.",Infrastructure / Maintenance,Critical
PR-1257,"Kindly note: Could you tell me the general process to change the username linked to my profile, no rush on this?",Account & Login,Low
PR-1258,I have a supply in Operating Systems but the Course Repeat option does not show this subject; could it be enabled? Kindly help.,Course Registration,Medium
PR-1259,"Kindly note: I paid my urgent degree processing fee of Rs. 16,000 but the transaction has completely vanished from both my bank statement and the portal, and my visa appointment is by tomorrow morning. Kindly help.",Fee & Challan,Critical
PR-1260,"How can I get the developer pack using my student email, just curious if it's available?",Other,Low
PR-1261,"Dear concerned team, i need an Enrollment Certificate for a scheme application; could this be issued at your earliest convenience? Thank you.",Certificate / Verification,Medium
PR-1262,"My HEC attestation appointment is tomorrow and the university's online verification, which HEC is waiting on for dozens of applicants today, has still not been submitted for any of us. Regards.",Certificate / Verification,Critical
PR-1263,"Respected Sir/Madam, my thesis defense is this week and the portal will not let me download my approved supervisor sign-off, without which the committee will not allow me to defend.",Thesis,Critical
PR-1264,"Sir, course registration closes at midnight this week and the registration module has been throwing an error for every single student in my batch since this morning. Please look into this.",Course Registration,Critical
PR-1265,"Hi, several months of ticket records and attached documents appear to have been permanently deleted from the system overnight with no backup available, affecting hundreds of open cases. Please look into this.",Portal Technical Issue,Critical
PR-1266,Just wanted to confirm the standard leave application process for staff. Regards.,Employee Services,Low
PR-1267,"Could you update my thesis supervisor's details on the portal, as they were assigned about a week ago but not reflected yet? Please look into this.",Thesis,Medium
PR-1268,"Dear concerned team, just wanted to confirm the general thesis submission format guidelines.",Thesis,Low
PR-1269,"Hi, a major water leakage has flooded part of the server room at Rahim Yar Khan Campus, threatening to permanently damage critical IT infrastructure for the whole university. Awaiting your response.",Infrastructure / Maintenance,Critical
PR-1270,"Respected Sir/Madam, the Wi-Fi router in one of the blocks has been intermittent for several days; could it be checked? Regards.",Infrastructure / Maintenance,Medium
PR-1271,"Dear concerned team, could a water cooler be installed near the Directorate of Academics? Just a small suggestion. Please look into this.",Infrastructure / Maintenance,Low
PR-1272,The Wi-Fi router in one of the blocks has been intermittent for several days; could it be checked?,Infrastructure / Maintenance,Medium
PR-1273,"Kindly note: My profile shows a completely wrong CNIC that is blocking my degree attestation submission, which is due at the HEC office by Friday, and I cannot correct it myself. Kindly help.",Profile Update,Critical
PR-1274,"The elevator serving the examination hall has broken down, creating serious difficulty for students with mobility issues ahead of tomorrow's exam.",Infrastructure / Maintenance,High
PR-1275,"My name correction request has been pending for over a month, and it is now blocking my degree printing needed before in two days.",Name Correction,High
PR-1276,"My professional profile still shows outdated information even though I updated it a couple of days ago, and a scholarship committee is reviewing my profile today.",Profile Update,High
PR-1277,Where can I go to check which email is currently registered against my account?,Account & Login,Low
PR-1278,"Respected Sir/Madam, i forgot my portal password and the reset link is not sending an OTP to my registered email; is there another way to reset it? Thank you.",Account & Login,Medium
PR-1279,"Dear concerned team, the main student database appears to be corrupted, and records for an entire batch of 309 students are showing blank or missing fields across every module. Awaiting your response.",Portal Technical Issue,Critical
PR-1280,"Kindly note: There is an unusual, time-sensitive situation affecting hundreds of students across multiple departments that doesn't fit any specific category, and it needs immediate institutional attention by tomorrow morning. Kindly help.",Other,Critical
PR-1281,What is the eligibility criteria for the merit-based scholarship? Please look into this.,Scholarship,Low
PR-1282,My 5th semester result is not showing on the portal even though the declaration date has passed. Please look into this.,Result,Medium
PR-1283,"My admission offer will be automatically cancelled at midnight tomorrow if I do not submit my documents, but the document upload portal is showing a server error for every applicant right now. Kindly help.",Admission,Critical
PR-1284,"Respected Sir/Madam, could you confirm the status of my scholarship application submitted about a week ago?",Scholarship,Medium
PR-1285,"I have a visa interview within 24 hours and my experience certificate, promised for today, has still not been issued despite multiple follow-ups all week.",Employee Services,Critical
PR-1286,"My account has been completely locked for almost two weeks after a failed password reset, and I am unable to submit my thesis-related forms before the deadline within 24 hours. Thank you.",Account & Login,High
PR-1287,"Could you update my bank account details in the payroll system, as my old account has been closed?",Employee Services,Medium
PR-1288,"Kindly note: My scholarship-covered fee challan is still showing unpaid even though the scholarship office confirmed disbursement about a week ago, and a late fee surcharge starts by tomorrow morning. Awaiting your response.",Fee & Challan,High
PR-1289,"Dear concerned team, my registered course list is missing one elective that I selected during registration week; could this be added back? Thank you.",Course Registration,Medium
PR-1290,"Hi, my degree verification request from a foreign employer has been pending response for nearly two months, and my job offer is contingent on it being completed by in two days.",Certificate / Verification,High
PR-1291,"Dear concerned team, do I need to visit in person for a name correction, or is there an online option available? Awaiting your response.",Name Correction,Low
PR-1292,"I paid my urgent degree processing fee of Rs. 31,000 but the transaction has completely vanished from both my bank statement and the portal, and my visa appointment is tomorrow.",Fee & Challan,Critical
PR-1293,"My transcript request submitted almost two weeks ago is still pending, and I would like an update on the expected completion date. Thank you.",Transcript,Medium
PR-1294,"Dear concerned team, what is the usual format of the mid-term examination? Please look into this.",Examination,Low
PR-1295,"Could you tell me the general process to change the username linked to my profile, no rush on this?",Account & Login,Low
PR-1296,What is the usual turnaround time for certificate issuance? Kindly advise.,Certificate / Verification,Low
PR-1297,"The payroll system for the entire faculty has failed this cycle and salaries have not been disbursed to anyone, with rent and utility deadlines due tomorrow for many staff members.",Employee Services,Critical
PR-1298,"Hi, my Directorate of Academics clearance has been pending for over a month even though my other clearances were completed long ago, and I need my final transcript for a job that starts this week. Please look into this.",Clearance,High
PR-1299,"Respected Sir/Madam, one of my course results is missing from my transcript page while the rest are showing correctly. Please look into this.",Result,Medium
PR-1300,"Dear concerned team, just wanted to confirm the general examination fee amount for this term. Awaiting your response.",Examination,Low
PR-1301,"Sir, could you guide me on the process to apply for a semester leave of absence for personal reasons? Kindly help.",Other,Medium
PR-1302,"Hi, my embassy visa interview is scheduled for tomorrow and they require my original degree as mandatory proof, which has still not been issued.",Degree,Critical
PR-1303,Kindly note: When do scholarship applications usually open for a new batch? Thank you.,Scholarship,Low
PR-1304,"My name on my degree does not match my CNIC due to a typo, and this mismatch is blocking my HEC attestation submission, which has a deadline by Friday.",Name Correction,High
PR-1305,Kindly note: I have already submitted my thesis but I am unable to check the current status because it shows a missing registration number error. Thank you.,Thesis,Medium
PR-1306,"Sir, i would like to raise a complaint about receiving conflicting information from two different staff members regarding the same issue.",Complaint,Medium
PR-1307,Is there a student club focused on AI that I could join? Regards.,Other,Low
PR-1308,"My thesis submission is blocked on the portal due to a missing field error, and my defense is scheduled this week.",Thesis,High
PR-1309,"Dear concerned team, my profile shows a completely wrong CNIC that is blocking my degree attestation submission, which is due at the HEC office by Friday, and I cannot correct it myself. Thank you.",Profile Update,Critical
PR-1310,"Kindly note: I am unable to log in even with the correct credentials; it shows 'Invalid Username or Password' repeatedly, though I can still access things from my phone as a workaround. Kindly advise.",Account & Login,Medium
PR-1311,"Hi, how can I request a bonafide certificate in general, just for future reference? Regards.",Certificate / Verification,Low
PR-1312,"The main student database appears to be corrupted, and records for an entire batch of 234 students are showing blank or missing fields across every module. Awaiting your response.",Portal Technical Issue,Critical
PR-1313,"Dear concerned team, my embassy visa interview is scheduled for the day after tomorrow and they require my original degree as mandatory proof, which has still not been issued. Please look into this.",Degree,Critical
PR-1314,"How can I request a bonafide certificate in general, just for future reference? Kindly advise.",Certificate / Verification,Low
PR-1315,I am unable to update my biography and professional links on my profile page; the save button does not seem to work. Kindly help.,Profile Update,Medium
PR-1316,"My scholarship disbursement has been delayed by more than two months, and I need this amount to clear my semester fee challan before the due date by tomorrow morning, otherwise I risk being dropped. Kindly help.",Scholarship,High
PR-1317,I have already submitted my thesis but I am unable to check the current status because it shows a missing registration number error.,Thesis,Medium
PR-1318,"Respected Sir/Madam, the profile update system has been completely inaccessible for the entire batch for two days, and our internship documents due within 24 hours require an updated profile printout.",Profile Update,Critical
PR-1319,"Dear concerned team, a major water leakage has flooded part of the server room at Rahim Yar Khan Campus, threatening to permanently damage critical IT infrastructure for the whole university. Kindly advise.",Infrastructure / Maintenance,Critical
PR-1320,Kindly note: What is the recommended word count for a thesis final draft? Thank you.,Thesis,Low
PR-1321,"Respected Sir/Madam, what is the eligibility criteria for the merit-based scholarship? Kindly advise.",Scholarship,Low
PR-1322,I would like to raise a complaint about receiving conflicting information from two different staff members regarding the same issue. Thank you.,Complaint,Medium
PR-1323,"Hi, i forgot my portal password and the reset link is not sending an OTP to my registered email; is there another way to reset it? Please look into this.",Account & Login,Medium
PR-1324,"I am filing an urgent complaint that despite an official refund approval of Rs. 7,200 on record, the accounts office has still not released the funds, and I cannot pay tomorrow's non-negotiable admission deadline fee without it.",Complaint,Critical
PR-1325,"I need an official letter of recommendation urgently for a scholarship application closing this week, and my department has not responded to my request from a couple of days ago. Thank you.",Other,High
PR-1326,I would like to raise a complaint about receiving conflicting information from two different staff members regarding the same issue. Kindly help.,Complaint,Medium
PR-1327,I am unable to update my biography and professional links on my profile page; the save button does not seem to work.,Profile Update,Medium
PR-1328,"Hi, my name on my degree does not match my CNIC due to a typo, and this mismatch is blocking my HEC attestation submission, which has a deadline by Friday.",Name Correction,High
PR-1329,What is the recommended word count for a thesis final draft? Please look into this.,Thesis,Low
PR-1330,"Dear concerned team, i was declared eligible on the merit list for BS Computer Science but my admission fee challan is not generating, and today is the last date to pay and confirm my seat. Kindly help.",Admission,High
PR-1331,"My salary has not been credited for a couple of days despite my department confirming approval, and I need this urgently to cover overdue expenses due this week. Awaiting your response.",Employee Services,High
PR-1332,"Just a minor suggestion: the response templates could be a bit more personalized, nothing urgent.",Complaint,Low
PR-1333,"Respected Sir/Madam, the Wi-Fi router in one of the blocks has been intermittent for several days; could it be checked? Please look into this.",Infrastructure / Maintenance,Medium
PR-1334,My 4th semester result is not showing on the portal even though the declaration date has passed. Please look into this.,Result,Medium
PR-1335,"Respected Sir/Madam, i need an official letter of recommendation urgently for a scholarship application closing tomorrow, and my department has not responded to my request from over a week ago. Please look into this.",Other,High
PR-1336,"Sir, my admission application fee was paid but the status still shows 'Pending Payment' on the portal. Thank you.",Admission,Medium
PR-1337,"The examination portal has completely gone down while the final exam is currently being conducted live for hundreds of students, and no backup arrangement has been announced. Awaiting your response.",Examination,Critical
PR-1338,"Respected Sir/Madam, my examination is scheduled to start in less than an hour and the admit card generation system has been down for our entire session since early this morning. Awaiting your response.",Examination,Critical
PR-1339,"Hi, my examination admit card is missing and my paper is scheduled for by Friday; without it I may not be allowed to sit the exam.",Examination,High
PR-1340,"Sir, i am unable to update my biography and professional links on my profile page; the save button does not seem to work.",Profile Update,Medium
PR-1341,"I updated my profile with my new degree information required for a job application deadline this week, but the changes are not being saved by the portal at all.",Profile Update,High
PR-1342,"A major water leakage has flooded part of the server room at Rahim Yar Khan Campus, threatening to permanently damage critical IT infrastructure for the whole university. Thank you.",Infrastructure / Maintenance,Critical
PR-1343,"Hi, how many credit hours can I generally register for in a normal semester? Please look into this.",Course Registration,Low
PR-1344,"My transcript request submitted about a week ago is still pending, and I would like an update on the expected completion date.",Transcript,Medium
PR-1345,"The fee payment gateway on the portal is throwing a fatal error for every single student today, which is the last date for semester fee submission without penalty. Regards.",Portal Technical Issue,Critical
PR-1346,"Respected Sir/Madam, my credit transfer approval, required by tomorrow morning to secure my admission abroad before their deadline expires, has still not been processed despite three urgent escalations this week.",Other,Critical
PR-1347,"Sir, how do I log out of the portal properly on a shared computer? Awaiting your response.",Account & Login,Low
PR-1348,Kindly note: I want to complain that my previous ticket was closed without any resolution or explanation; could it be reopened? Kindly help.,Complaint,Medium
PR-1349,How can I download my transcript from the student portal?,Transcript,Low
PR-1350,"Hi, how can employees generally check their leave balance?",Employee Services,Low
PR-1351,The projector in the the Scholarship Office lecture hall at Baghdad-ul-Jadeed Campus has not been working for a couple of weeks; could this be repaired? Thank you.,Infrastructure / Maintenance,Medium
PR-1352,"Dear concerned team, the elevator serving the examination hall has broken down, creating serious difficulty for students with mobility issues ahead of tomorrow's exam.",Infrastructure / Maintenance,High
PR-1353,"I keep getting logged out mid-way while submitting a required form, and I've now failed to submit it three times with the deadline being by tomorrow morning. Please look into this.",Account & Login,High
PR-1354,"Dear concerned team, do I need to visit in person for a name correction, or is there an online option available?",Name Correction,Low
PR-1355,"Hi, today is the absolute last date for admission fee submission for BS Software Engineering, and the online payment gateway has been down since this morning for every single applicant on the merit list. Kindly help.",Admission,Critical
PR-1356,"Sir, i paid my urgent degree processing fee of Rs. 18,750 but the transaction has completely vanished from both my bank statement and the portal, and my visa appointment is within 24 hours. Kindly advise.",Fee & Challan,Critical
PR-1357,I would like to know how to request a change of campus from Khanpur Campus to another campus. Regards.,Other,Medium
PR-1358,"Respected Sir/Madam, my profile shows a completely wrong CNIC that is blocking my degree attestation submission, which is due at the HEC office by Friday, and I cannot correct it myself. Regards.",Profile Update,Critical
PR-1359,"Hi, the fee voucher module of the portal has been throwing a server error for about a week, and I cannot proceed with a task due by Friday. Please look into this.",Portal Technical Issue,High
PR-1360,"Respected Sir/Madam, the fee payment gateway on the portal is throwing a fatal error for every single student today, which is the last date for semester fee submission without penalty. Kindly help.",Portal Technical Issue,Critical
PR-1361,"The result declaration system crashed for the entire batch of 540 students just minutes before the scheduled announcement time, and everyone is waiting anxiously. Awaiting your response.",Result,Critical
PR-1362,"Dear concerned team, my transcript request has been pending for over a week despite the fee being paid, and I need it for a scholarship submission in two days.",Transcript,High
PR-1363,"My account has been completely locked for a couple of days after a failed password reset, and I am unable to submit my thesis-related forms before the deadline within 24 hours.",Account & Login,High
PR-1364,"Dear concerned team, the paint on a corridor wall near the library is a little worn, just reporting it, not urgent at all. Kindly advise.",Infrastructure / Maintenance,Low
PR-1365,"Hi, what is the eligibility criteria for the merit-based scholarship? Kindly help.",Scholarship,Low
PR-1366,"Dear concerned team, how can I generate a new fee challan for the semester? Please look into this.",Fee & Challan,Low
PR-1367,"Hi, what is the eligibility criteria for the merit-based scholarship? Thank you.",Scholarship,Low
PR-1368,Is there a student club focused on photography that I could join?,Other,Low
PR-1369,The Wi-Fi router in one of the blocks has been intermittent for several days; could it be checked? Kindly help.,Infrastructure / Maintenance,Medium
PR-1370,"Respected Sir/Madam, my educational records are not reflected in my profile despite attaching verified transcripts a couple of days ago. Kindly advise.",Profile Update,Medium
PR-1371,"Respected Sir/Madam, how do I log out of the portal properly on a shared computer? Kindly help.",Account & Login,Low
PR-1372,"Hi, i updated my profile with my new degree information required for a job application deadline this week, but the changes are not being saved by the portal at all. Please look into this.",Profile Update,High
PR-1373,"Respected Sir/Madam, it has been several months since I completed my graduation and I still have not received my degree, which is now delaying a job I was set to start this week. Awaiting your response.",Degree,High
PR-1374,How many credit hours can I generally register for in a normal semester? Thank you.,Course Registration,Low
PR-1375,"Dear concerned team, i have a supply in English Composition but the Course Repeat option does not show this subject; could it be enabled? Please look into this.",Course Registration,Medium
PR-1376,"Sir, the fire alarm system across the entire Khanpur Campus hostel block has stopped working, posing a serious safety risk to every resident student right now.",Infrastructure / Maintenance,Critical
PR-1377,"Do I need to visit in person for a name correction, or is there an online option available? Kindly advise.",Name Correction,Low
PR-1378,"The result module of the portal has been throwing a server error for over a week, and I cannot proceed with a task due tomorrow. Regards.",Portal Technical Issue,High
PR-1379,"Dear concerned team, my comprehensive exam date is missing from my record; could this be updated so I can proceed with the next steps?",Examination,Medium
PR-1380,"My admission at a foreign university will be cancelled if I do not submit my original transcript by this week, and the transcript office has not responded to my repeated requests.",Transcript,Critical
PR-1381,Kindly note: I need my final transcript urgently as I am applying for a Master's program abroad and the application portal closes by tomorrow morning. Thank you.,Transcript,High
PR-1382,"Could you update my thesis supervisor's details on the portal, as they were assigned almost two weeks ago but not reflected yet? Regards.",Thesis,Medium
PR-1383,"Sir, the notification bell on my dashboard shows a count but clicking it does not open any notifications.",Portal Technical Issue,Medium
PR-1384,"Several months of ticket records and attached documents appear to have been permanently deleted from the system overnight with no backup available, affecting hundreds of open cases.",Portal Technical Issue,Critical
PR-1385,"Dear concerned team, my admission at a foreign university will be cancelled if I do not submit my original transcript by within 24 hours, and the transcript office has not responded to my repeated requests.",Transcript,Critical
PR-1386,"Dear concerned team, my transcript request submitted over a week ago is still pending, and I would like an update on the expected completion date. Kindly help.",Transcript,Medium
PR-1387,"Sir, could a dark mode option be added to the profile page? It would be a nice addition.",Profile Update,Low
PR-1388,"Respected Sir/Madam, is there a mobile app version of the portal available, just curious? Awaiting your response.",Portal Technical Issue,Low
PR-1389,What is the recommended word count for a thesis final draft? Awaiting your response.,Thesis,Low
PR-1390,"Respected Sir/Madam, i paid my semester fee of Rs. 16,000 on about a week ago and the amount was deducted from my account, but the portal still shows the challan as unpaid, and the late fee deadline is today. Kindly advise.",Fee & Challan,High
PR-1391,Kindly note: My 5th semester result is not showing on the portal even though the declaration date has passed. Awaiting your response.,Result,Medium
PR-1392,"Dear concerned team, is there a way to change my profile picture on the portal, just curious about the option? Thank you.",Profile Update,Low
PR-1393,"My clearance was rejected without any specified reason, and this is now delaying my degree collection needed for a job joining date within 24 hours.",Clearance,High
PR-1394,What is the admission fee structure for BS Computer Science? Please look into this.,Admission,Low
PR-1395,"Sir, the fire alarm system across the entire Khanpur Campus hostel block has stopped working, posing a serious safety risk to every resident student right now. Thank you.",Infrastructure / Maintenance,Critical
PR-1396,How can I change the spelling of my name on my student ID card? Kindly help.,Name Correction,Low
PR-1397,"Do I need to visit in person for a name correction, or is there an online option available?",Name Correction,Low
PR-1398,"Sir, my credit transfer approval, required by Friday to secure my admission abroad before their deadline expires, has still not been processed despite three urgent escalations this week. Thank you.",Other,Critical
PR-1399,"I keep getting logged out mid-way while submitting a required form, and I've now failed to submit it three times with the deadline being by Friday. Kindly help.",Account & Login,High
PR-1400,"Hi, my contract renewal has not been processed and my current contract expires by Friday, putting my continued employment at risk.",Employee Services,High
PR-1401,"Kindly note: Do I need to visit in person for a name correction, or is there an online option available? Regards.",Name Correction,Low
PR-1402,"My admission at a foreign university will be cancelled if I do not submit my original transcript by today, and the transcript office has not responded to my repeated requests. Kindly help.",Transcript,Critical
PR-1403,"My HEC degree attestation application has been stuck pending university verification for almost two weeks, and my attestation appointment is by Friday. Thank you.",Certificate / Verification,High
PR-1404,"Hi, i need my final transcript urgently as I am applying for a Master's program abroad and the application portal closes today.",Transcript,High
PR-1405,Just wanted to confirm the general examination fee amount for this term. Kindly advise.,Examination,Low
PR-1406,"I am formally complaining about a delay of several months in processing my transcript request despite multiple follow-ups, and I now have a hard deadline within 24 hours. Kindly advise.",Complaint,High
PR-1407,"My credit transfer approval, required within 24 hours to secure my admission abroad before their deadline expires, has still not been processed despite three urgent escalations this week. Please look into this.",Other,Critical
PR-1408,"Sir, could you correct my program preference on my admission application from BS Economics to BS Data Science? Thank you.",Admission,Medium
PR-1409,"Respected Sir/Madam, do I need to visit in person for a name correction, or is there an online option available?",Name Correction,Low
PR-1410,"Respected Sir/Madam, is fee payable through mobile wallets or only through bank challan? Thank you.",Fee & Challan,Low
PR-1411,"Hi, what is the normal degree processing time for PhD Management Sciences graduates?",Degree,Low
PR-1412,"Respected Sir/Madam, is it possible to link two of my accounts together, or should I just keep using them separately? Awaiting your response.",Account & Login,Low
PR-1413,"Hi, what is the recommended word count for a thesis final draft? Kindly advise.",Thesis,Low
PR-1414,"Despite paying all dues on time, I have faced continuous delays across multiple offices regarding my final clearance, now jeopardizing my job joining date in two days. Regards.",Complaint,High
PR-1415,"My name correction request has been pending for more than two months, and it is now blocking my degree printing needed before by tomorrow morning. Regards.",Name Correction,High
PR-1416,"I have a visa interview in two days and my experience certificate, promised for today, has still not been issued despite multiple follow-ups all week. Please look into this.",Employee Services,Critical
PR-1417,Kindly note: When is the next semester result usually announced? Kindly help.,Result,Low
PR-1418,"Respected Sir/Madam, is there a way to change my profile picture on the portal, just curious about the option? Awaiting your response.",Profile Update,Low
PR-1419,"Dear concerned team, my degree application shows 'Submitted' status even though I paid the challan a couple of days ago, and I would like to know if this is normal processing time.",Degree,Medium
PR-1420,"Hi, my account has been completely locked for over a week after a failed password reset, and I am unable to submit my thesis-related forms before the deadline today. Awaiting your response.",Account & Login,High
PR-1421,"Kindly note: I was awarded the scholarship shown on my portal, but I have not received any update on the disbursement schedule yet. Regards.",Scholarship,Medium
PR-1422,"My Directorate of Academics clearance has been pending for more than two months even though my other clearances were completed long ago, and I need my final transcript for a job that starts in two days.",Clearance,High
PR-1423,Kindly note: My examination is scheduled to start in less than an hour and the admit card generation system has been down for our entire session since early this morning. Awaiting your response.,Examination,Critical
PR-1424,"Respected Sir/Madam, i have already submitted my thesis but I am unable to check the current status because it shows a missing registration number error. Please look into this.",Thesis,Medium
PR-1425,"Respected Sir/Madam, my middle name is missing from my official university record though it appears correctly on my CNIC. Awaiting your response.",Name Correction,Medium
PR-1426,"Kindly note: I have an F grade in Database Systems but the subject is not appearing in the Course Repeat section, and I cannot register for the upcoming semester which closes by tomorrow morning. Thank you.",Course Registration,High
PR-1427,"Respected Sir/Madam, could you tell me the general process to change the username linked to my profile, no rush on this? Thank you.",Account & Login,Low
PR-1428,"Hi, i keep getting logged out mid-way while submitting a required form, and I've now failed to submit it three times with the deadline being by tomorrow morning.",Account & Login,High
PR-1429,Kindly note: How can employees generally check their leave balance? Please look into this.,Employee Services,Low
PR-1430,"Kindly note: The profile update system has been completely inaccessible for the entire batch for two days, and our internship documents due this week require an updated profile printout. Thank you.",Profile Update,Critical
PR-1431,"My clearance was rejected without any specified reason, and this is now delaying my degree collection needed for a job joining date tomorrow. Awaiting your response.",Clearance,High
PR-1432,"Dear concerned team, i accidentally generated a combined fee voucher for two subjects; could this be split into separate vouchers? Kindly advise.",Fee & Challan,Medium
PR-1433,Could you confirm the status of my scholarship application submitted about a week ago? Thank you.,Scholarship,Medium
PR-1434,"Respected Sir/Madam, my admission abroad will be cancelled in two days unless my degree name matches my passport exactly, and the correction request has been pending for several months despite the urgency I flagged. Awaiting your response.",Name Correction,Critical
PR-1435,"Sir, could you confirm the status of my scholarship application submitted over a week ago? Please look into this.",Scholarship,Medium
PR-1436,"Respected Sir/Madam, just wanted to confirm the general thesis submission format guidelines.",Thesis,Low
PR-1437,"Hi, i need an official letter of recommendation urgently for a scholarship application closing by tomorrow morning, and my department has not responded to my request from about a week ago. Awaiting your response.",Other,High
PR-1438,"Respected Sir/Madam, my admission has been put on hold because my HEC equivalence certificate has not been verified yet, and classes for LLB (5 Years) start tomorrow.",Admission,High
PR-1439,"Dear concerned team, how do I log out of the portal properly on a shared computer? Thank you.",Account & Login,Low
PR-1440,"My result shows an F grade in Computer Architecture that I'm confident is incorrect, and this is affecting my scholarship eligibility review scheduled this week.",Result,High
PR-1441,"Sir, my repeat subject fee challan has not been generated even though the subject shows as failed on my result, and course registration closes today. Regards.",Course Registration,High
PR-1442,"Dear concerned team, could you tell me the general process to change the username linked to my profile, no rush on this? Regards.",Account & Login,Low
PR-1443,"The entire university portal has been completely down for all students and staff since last night, and tomorrow is the deadline for semester registration with no announced extension. Please look into this.",Portal Technical Issue,Critical
PR-1444,"The clearance module of the portal has been throwing a server error for about a week, and I cannot proceed with a task due within 24 hours.",Portal Technical Issue,High
PR-1445,Kindly note: How long does the clearance approval usually take on average? Thank you.,Clearance,Low
PR-1446,"My scholarship-covered fee challan is still showing unpaid even though the scholarship office confirmed disbursement over a week ago, and a late fee surcharge starts by tomorrow morning. Regards.",Fee & Challan,High
PR-1447,"Is there a way to change my profile picture on the portal, just curious about the option? Awaiting your response.",Profile Update,Low
PR-1448,"Kindly note: The portal keeps logging me into an authentication error whenever I try to access my dashboard, and I have a form to submit before tomorrow.",Portal Technical Issue,High
PR-1449,"Hi, is there a student club focused on debate that I could join? Kindly advise.",Other,Low
PR-1450,"Respected Sir/Madam, my admission application fee was paid but the status still shows 'Pending Payment' on the portal.",Admission,Medium
PR-1451,"Sir, i need a duplicate transcript copy as my original was misplaced. Could you guide me on the reissuance process? Regards.",Transcript,Medium
PR-1452,"I am formally complaining about a delay of several weeks in processing my clearance request despite multiple follow-ups, and I now have a hard deadline today.",Complaint,High
PR-1453,"Hi, i paid my urgent degree processing fee of Rs. 26,400 but the transaction has completely vanished from both my bank statement and the portal, and my visa appointment is in two days. Awaiting your response.",Fee & Challan,Critical
PR-1454,"Sir, i am escalating a critical complaint on behalf of my entire batch — none of our clearance requests have been processed for nearly two months, and our convocation, requiring proof of clearance, is in two days. Please look into this.",Complaint,Critical
PR-1455,"Hi, my account has clearly been compromised, someone changed my password and recovery email, and I no longer have any access with my degree application deadline being within 24 hours. Kindly help.",Account & Login,Critical
PR-1456,Could a water cooler be installed near the Library? Just a small suggestion. Regards.,Infrastructure / Maintenance,Low
PR-1457,"Hi, the telephone line of the Examination Department at Rahim Yar Khan Campus is not functioning, and this is adversely affecting the ongoing admission campaign whose deadline is by Friday. Regards.",Infrastructure / Maintenance,High
PR-1458,My 6th semester result is not showing on the portal even though the declaration date has passed. Please look into this.,Result,Medium
PR-1459,"Sir, i need an official letter of recommendation urgently for a scholarship application closing by Friday, and my department has not responded to my request from over a week ago. Regards.",Other,High
PR-1460,"Dear concerned team, just wanted to confirm the general examination fee amount for this term.",Examination,Low
PR-1461,"Respected Sir/Madam, my thesis submission is blocked on the portal due to a missing field error, and my defense is scheduled by Friday. Kindly help.",Thesis,High
PR-1462,"Sir, i need a duplicate transcript copy as my original was misplaced. Could you guide me on the reissuance process?",Transcript,Medium
PR-1463,"Despite paying all dues on time, I have faced continuous delays across multiple offices regarding my final clearance, now jeopardizing my job joining date within 24 hours. Kindly advise.",Complaint,High
PR-1464,"Just a minor suggestion: the response templates could be a bit more personalized, nothing urgent. Please look into this.",Complaint,Low
PR-1465,"Dear concerned team, my thesis file was rejected by the portal for an unspecified reason and the resubmission deadline is within 24 hours. Kindly advise.",Thesis,High
PR-1466,My scholarship was suddenly cancelled without any notice and I have no funds to pay within 24 hours's fee deadline; if I don't pay today I will be dropped from the semester entirely. Kindly help.,Scholarship,Critical
PR-1467,I would like to know how to request a change of campus from Baghdad-ul-Jadeed Campus to another campus. Awaiting your response.,Other,Medium
PR-1468,"Kindly note: My embassy visa interview is scheduled for tomorrow and they require my original degree as mandatory proof, which has still not been issued. Kindly help.",Degree,Critical
PR-1469,"My Turnitin account was blocked by mistake and despite raising a complaint about a week ago, it is still blocked, preventing me from submitting my assigned work due by Friday.",Account & Login,High
PR-1470,When I open the transcript section on the portal it appears empty and does not load any data.,Portal Technical Issue,Medium
PR-1471,"My profile shows a completely wrong CNIC that is blocking my degree attestation submission, which is due at the HEC office in two days, and I cannot correct it myself. Regards.",Profile Update,Critical
PR-1472,"Hi, how do I log out of the portal properly on a shared computer? Kindly help.",Account & Login,Low
PR-1473,"Respected Sir/Madam, there is an unusual, time-sensitive situation affecting hundreds of students across multiple departments that doesn't fit any specific category, and it needs immediate institutional attention today. Kindly help.",Other,Critical
PR-1474,"The telephone line of the Hostel Office at Baghdad-ul-Jadeed Campus is not functioning, and this is adversely affecting the ongoing admission campaign whose deadline is by Friday. Thank you.",Infrastructure / Maintenance,High
PR-1475,"Hi, my registration hold has still not been cleared despite clearing all dues weeks ago, and in two days is the absolute last day to register, after which I will lose the entire semester. Thank you.",Course Registration,Critical
PR-1476,"How can I request a bonafide certificate in general, just for future reference? Please look into this.",Certificate / Verification,Low
PR-1477,"My scholarship-covered fee challan is still showing unpaid even though the scholarship office confirmed disbursement about a week ago, and a late fee surcharge starts in two days. Thank you.",Fee & Challan,High
PR-1478,"Dear concerned team, when I open the result section on the portal it appears empty and does not load any data. Kindly help.",Portal Technical Issue,Medium
PR-1479,"My repeat subject fee challan has not been generated even though the subject shows as failed on my result, and course registration closes in two days. Kindly help.",Course Registration,High
PR-1480,"Sir, the Wi-Fi router in one of the blocks has been intermittent for several days; could it be checked? Thank you.",Infrastructure / Maintenance,Medium
PR-1481,"Kindly note: My urgent degree application has been under 'review' for about a week even though I paid the urgent fee, and I need it for a job offer that requires verification this week. Awaiting your response.",Degree,High
PR-1482,"Dear concerned team, the thesis submission deadline is by tomorrow morning at midnight and the upload button has been completely non-functional for our entire batch since this afternoon. Awaiting your response.",Thesis,Critical
PR-1483,"Hi, i'd like to request re-generation of my degree fee challan as it was created under the wrong fee category. Regards.",Degree,Medium
PR-1484,Kindly note: Just wanted to confirm the standard leave application process for staff. Thank you.,Employee Services,Low
PR-1485,"Dear concerned team, the fire alarm system across the entire Khanpur Campus hostel block has stopped working, posing a serious safety risk to every resident student right now. Kindly help.",Infrastructure / Maintenance,Critical
PR-1486,"Dear concerned team, i keep getting logged out mid-way while submitting a required form, and I've now failed to submit it three times with the deadline being by tomorrow morning. Regards.",Account & Login,High
PR-1487,"My thesis defense is by Friday and the portal will not let me download my approved supervisor sign-off, without which the committee will not allow me to defend. Kindly advise.",Thesis,Critical
PR-1488,"Hi, my registration hold has still not been cleared despite clearing all dues weeks ago, and by tomorrow morning is the absolute last day to register, after which I will lose the entire semester. Awaiting your response.",Course Registration,Critical
PR-1489,"Dear concerned team, none of the 116 students in our batch can log in to the portal since last night, and tomorrow is the final date for exam form submission with no extension announced. Thank you.",Account & Login,Critical
PR-1490,"My registration hold has still not been cleared despite clearing all dues weeks ago, and in two days is the absolute last day to register, after which I will lose the entire semester. Awaiting your response.",Course Registration,Critical
PR-1491,Kindly note: I'd like to request re-generation of my degree fee challan as it was created under the wrong fee category.,Degree,Medium
PR-1492,Kindly note: Has the result declaration date been finalized yet for this semester? Thank you.,Result,Low
PR-1493,"My HEC attestation appointment is by Friday and the university's online verification, which HEC is waiting on for dozens of applicants today, has still not been submitted for any of us. Awaiting your response.",Certificate / Verification,Critical
PR-1494,Kindly note: What is the normal degree processing time for MS Electrical Power Engineering graduates? Kindly help.,Degree,Low
PR-1495,What is the usual format of the mid-term examination? Kindly help.,Examination,Low
PR-1496,My examination is scheduled to start in less than an hour and the admit card generation system has been down for our entire session since early this morning.,Examination,Critical
PR-1497,"Hi, my admission offer will be automatically cancelled at midnight tomorrow if I do not submit my documents, but the document upload portal is showing a server error for every applicant right now. Please look into this.",Admission,Critical
PR-1498,"Respected Sir/Madam, my middle name is missing from my official university record though it appears correctly on my CNIC. Please look into this.",Name Correction,Medium
PR-1499,"Hi, the portal loads a little slowly on mobile sometimes; just wanted to mention it, not urgent. Kindly help.",Portal Technical Issue,Low
PR-1500,"Sir, my salary has not been credited for almost two weeks despite my department confirming approval, and I need this urgently to cover overdue expenses due tomorrow. Regards.",Employee Services,High
PR-1501,"Sir, my registration hold has still not been cleared despite clearing all dues weeks ago, and this week is the absolute last day to register, after which I will lose the entire semester.",Course Registration,Critical
PR-1502,"Sir, is there a student club focused on AI that I could join?",Other,Low
PR-1503,"Respected Sir/Madam, i need an Enrollment Certificate for a scheme application; could this be issued at your earliest convenience? Regards.",Certificate / Verification,Medium
PR-1504,"Sir, my Directorate of Academics clearance has been pending for several weeks even though my other clearances were completed long ago, and I need my final transcript for a job that starts this week. Kindly help.",Clearance,High
PR-1505,Could you correct my program preference on my admission application from LLB (5 Years) to MBA?,Admission,Medium
PR-1506,"Hi, my urgent degree application has been under 'review' for almost two weeks even though I paid the urgent fee, and I need it for a job offer that requires verification today.",Degree,High
PR-1507,"Sir, what is the admission fee structure for BS Mathematics?",Admission,Low
PR-1508,"Kindly note: My admission offer will be automatically cancelled at midnight today if I do not submit my documents, but the document upload portal is showing a server error for every applicant right now.",Admission,Critical
PR-1509,"My transcript request has been pending for over a week despite the fee being paid, and I need it for a scholarship submission today. Please look into this.",Transcript,High
PR-1510,"Hi, my degree application shows 'Submitted' status even though I paid the challan over a week ago, and I would like to know if this is normal processing time. Please look into this.",Degree,Medium
PR-1511,"Sir, my comprehensive exam date is missing from my record; could this be updated so I can proceed with the next steps?",Examination,Medium
PR-1512,"Respected Sir/Madam, the examination portal has completely gone down while the final exam is currently being conducted live for hundreds of students, and no backup arrangement has been announced. Awaiting your response.",Examination,Critical
PR-1513,"I have been awarded a compartment in Data Structures despite being confident I attempted the paper correctly, and I need urgent re-evaluation as it affects my scholarship eligibility review by tomorrow morning. Awaiting your response.",Examination,High
PR-1514,"Dear concerned team, i need an official letter of recommendation urgently for a scholarship application closing this week, and my department has not responded to my request from a couple of days ago. Regards.",Other,High
PR-1515,"Hi, my admission at a foreign university will be cancelled if I do not submit my original transcript by this week, and the transcript office has not responded to my repeated requests. Regards.",Transcript,Critical
PR-1516,"Dear concerned team, how can I generate a new fee challan for the semester?",Fee & Challan,Low
PR-1517,"Sir, the fee voucher module of the portal has been throwing a server error for over a week, and I cannot proceed with a task due this week. Please look into this.",Portal Technical Issue,High
PR-1518,"My thesis defense is by tomorrow morning and the portal will not let me download my approved supervisor sign-off, without which the committee will not allow me to defend. Regards.",Thesis,Critical
PR-1519,"Respected Sir/Madam, my name mismatch between my degree and CNIC is the sole reason my HEC attestation, required within 24 hours for a visa appointment, has been rejected. Awaiting your response.",Name Correction,Critical
PR-1520,What is the eligibility criteria for the merit-based scholarship? Regards.,Scholarship,Low
PR-1521,"Dear concerned team, i accidentally generated a combined fee voucher for two subjects; could this be split into separate vouchers?",Fee & Challan,Medium
PR-1522,"Kindly note: My admission abroad will be cancelled in two days unless my degree name matches my passport exactly, and the correction request has been pending for more than two months despite the urgency I flagged. Please look into this.",Name Correction,Critical
PR-1523,My 4th semester result is not showing on the portal even though the declaration date has passed.,Result,Medium
PR-1524,"Sir, could you tell me the general process to change the username linked to my profile, no rush on this? Kindly advise.",Account & Login,Low
PR-1525,"Sir, there is a spelling mistake in my name on my student portal record; my correct name is Shahzaib Khan. Could this be corrected? Kindly advise.",Name Correction,Medium
PR-1526,"Respected Sir/Madam, the fire alarm system across the entire Rahim Yar Khan Campus hostel block has stopped working, posing a serious safety risk to every resident student right now.",Infrastructure / Maintenance,Critical
PR-1527,"The result declaration system crashed for the entire batch of 518 students just minutes before the scheduled announcement time, and everyone is waiting anxiously. Kindly help.",Result,Critical
PR-1528,"Dear concerned team, the main student database appears to be corrupted, and records for an entire batch of 352 students are showing blank or missing fields across every module. Kindly advise.",Portal Technical Issue,Critical
PR-1529,"The entire fee payment gateway has been down since last night for all students, and within 24 hours is the final date to submit semester fees without a late fine.",Fee & Challan,Critical
PR-1530,"Dear concerned team, i am filing an urgent complaint that despite an official refund approval of Rs. 18,750 on record, the accounts office has still not released the funds, and I cannot pay by tomorrow morning's non-negotiable admission deadline fee without it.",Complaint,Critical
PR-1531,"Respected Sir/Madam, small feedback: the waiting area could use a bit more seating, just a general comment. Kindly advise.",Complaint,Low
PR-1532,"Hi, when I open the transcript section on the portal it appears empty and does not load any data. Regards.",Portal Technical Issue,Medium
PR-1533,"Dear concerned team, i am filing an urgent complaint that despite an official refund approval of Rs. 8,000 on record, the accounts office has still not released the funds, and I cannot pay this week's non-negotiable admission deadline fee without it.",Complaint,Critical
PR-1534,"Dear concerned team, how can I download my transcript from the student portal? Please look into this.",Transcript,Low
PR-1535,My admission application fee was paid but the status still shows 'Pending Payment' on the portal. Awaiting your response.,Admission,Medium
PR-1536,How can employees generally check their leave balance? Thank you.,Employee Services,Low
PR-1537,"The payroll system for the entire faculty has failed this cycle and salaries have not been disbursed to anyone, with rent and utility deadlines due by Friday for many staff members.",Employee Services,Critical
PR-1538,"Respected Sir/Madam, what is the usual format of the mid-term examination? Please look into this.",Examination,Low
PR-1539,"There is a clear discrepancy between my award list and my final result on the portal for 2 subjects, and I need this corrected before my transcript request this week. Regards.",Result,High
PR-1540,"Hi, my examination is scheduled to start in less than an hour and the admit card generation system has been down for our entire session since early this morning. Kindly help.",Examination,Critical
PR-1541,"Hi, my salary has not been credited for a couple of days despite my department confirming approval, and I need this urgently to cover overdue expenses due today. Awaiting your response.",Employee Services,High
PR-1542,"My admission offer will be automatically cancelled at midnight today if I do not submit my documents, but the document upload portal is showing a server error for every applicant right now.",Admission,Critical
PR-1543,"Respected Sir/Madam, my educational records are not reflected in my profile despite attaching verified transcripts about a week ago.",Profile Update,Medium
PR-1544,Kindly note: Has the result declaration date been finalized yet for this semester? Awaiting your response.,Result,Low
PR-1545,Kindly note: I need my final transcript urgently as I am applying for a Master's program abroad and the application portal closes today. Regards.,Transcript,High
PR-1546,I would like to get my 'Computer Architecture' exam paper rechecked as I believe there may be a marking error. Please look into this.,Examination,Medium
PR-1547,"Hi, my educational records are not reflected in my profile despite attaching verified transcripts a couple of days ago. Please look into this.",Profile Update,Medium
PR-1548,"My admission abroad will be cancelled tomorrow unless my degree name matches my passport exactly, and the correction request has been pending for several weeks despite the urgency I flagged. Kindly advise.",Name Correction,Critical
PR-1549,"Dear concerned team, could you update my thesis supervisor's details on the portal, as they were assigned a couple of days ago but not reflected yet? Please look into this.",Thesis,Medium
PR-1550,"Dear concerned team, the elevator serving the examination hall has broken down, creating serious difficulty for students with mobility issues ahead of this week's exam. Regards.",Infrastructure / Maintenance,High
PR-1551,Kindly note: I need my final transcript urgently as I am applying for a Master's program abroad and the application portal closes by Friday. Kindly help.,Transcript,High
PR-1552,I accidentally generated a combined fee voucher for two subjects; could this be split into separate vouchers? Regards.,Fee & Challan,Medium
PR-1553,"Hi, i have a visa interview in two days and the embassy has specifically asked for my original transcript, which I still do not have despite requesting it over a week ago.",Transcript,Critical
PR-1554,"Hi, the Wi-Fi router in one of the blocks has been intermittent for several days; could it be checked? Kindly help.",Infrastructure / Maintenance,Medium
PR-1555,"Sir, i updated my profile with my new degree information required for a job application deadline by tomorrow morning, but the changes are not being saved by the portal at all. Regards.",Profile Update,High
PR-1556,"Respected Sir/Madam, i am writing on behalf of the entire batch of BS Mathematics scholarship recipients — none of us have received our final installment for over two years, and several of us cannot complete clearance for graduation because of it. Kindly help.",Scholarship,Critical
PR-1557,"My degree application shows 'Submitted' status even though I paid the challan a couple of days ago, and I would like to know if this is normal processing time.",Degree,Medium
PR-1558,"Respected Sir/Madam, my repeat subject fee challan has not been generated even though the subject shows as failed on my result, and course registration closes by Friday. Kindly advise.",Course Registration,High
PR-1559,My middle name is missing from my official university record though it appears correctly on my CNIC.,Name Correction,Medium
PR-1560,"Dear concerned team, my name mismatch between my degree and CNIC is the sole reason my HEC attestation, required within 24 hours for a visa appointment, has been rejected. Kindly help.",Name Correction,Critical
PR-1561,"Dear concerned team, how do I log out of the portal properly on a shared computer? Please look into this.",Account & Login,Low
PR-1562,"Dear concerned team, could you update my thesis supervisor's details on the portal, as they were assigned about a week ago but not reflected yet? Regards.",Thesis,Medium
PR-1563,What is the usual format of the mid-term examination?,Examination,Low
PR-1564,"Respected Sir/Madam, my name mismatch between my degree and CNIC is the sole reason my HEC attestation, required by tomorrow morning for a visa appointment, has been rejected. Thank you.",Name Correction,Critical
PR-1565,"My thesis submission is blocked on the portal due to a missing field error, and my defense is scheduled by tomorrow morning. Please look into this.",Thesis,High
PR-1566,Kindly note: I would like to raise a complaint about receiving conflicting information from two different staff members regarding the same issue. Kindly advise.,Complaint,Medium
PR-1567,"How can I get the developer pack using my student email, just curious if it's available? Kindly advise.",Other,Low
PR-1568,"Respected Sir/Madam, is there a way to change my profile picture on the portal, just curious about the option?",Profile Update,Low
PR-1569,"Dear concerned team, my educational records are not reflected in my profile despite attaching verified transcripts over a week ago.",Profile Update,Medium
PR-1570,"My HEC attestation appointment is by tomorrow morning and the university's online verification, which HEC is waiting on for dozens of applicants today, has still not been submitted for any of us. Kindly help.",Certificate / Verification,Critical
PR-1571,"Sir, my urgent degree application has been under 'review' for almost two weeks even though I paid the urgent fee, and I need it for a job offer that requires verification by Friday.",Degree,High
PR-1572,"Dear concerned team, how do I log out of the portal properly on a shared computer? Kindly help.",Account & Login,Low
PR-1573,"I need an official letter of recommendation urgently for a scholarship application closing tomorrow, and my department has not responded to my request from almost two weeks ago. Awaiting your response.",Other,High
PR-1574,"Sir, i am formally complaining about a delay of nearly two months in processing my degree request despite multiple follow-ups, and I now have a hard deadline by tomorrow morning. Kindly help.",Complaint,High
PR-1575,"Sir, there is a clear discrepancy between my award list and my final result on the portal for 3 subjects, and I need this corrected before my transcript request tomorrow.",Result,High
PR-1576,"Respected Sir/Madam, how can I download my transcript from the student portal? Thank you.",Transcript,Low
PR-1577,Has the result declaration date been finalized yet for this semester? Please look into this.,Result,Low
PR-1578,"Respected Sir/Madam, what is the usual format of the mid-term examination? Kindly advise.",Examination,Low
PR-1579,I accidentally generated a combined fee voucher for two subjects; could this be split into separate vouchers? Thank you.,Fee & Challan,Medium
PR-1580,"Hi, my transcript request has been pending for almost two weeks despite the fee being paid, and I need it for a scholarship submission tomorrow. Kindly help.",Transcript,High
PR-1581,"My account shows an 'Access Restricted' message on the dashboard, though I can still use the mobile app in the meantime. Regards.",Account & Login,Medium
PR-1582,"Dear concerned team, how can I generate a new fee challan for the semester? Awaiting your response.",Fee & Challan,Low
PR-1583,"Sir, none of the 421 students in our batch can log in to the portal since last night, and today is the final date for exam form submission with no extension announced. Thank you.",Account & Login,Critical
PR-1584,I need an Enrollment Certificate for a scheme application; could this be issued at your earliest convenience?,Certificate / Verification,Medium
PR-1585,"Hi, is there a mobile app version of the portal available, just curious? Regards.",Portal Technical Issue,Low
PR-1586,"Hi, could you tell me the general process to change the username linked to my profile, no rush on this? Kindly help.",Account & Login,Low
PR-1587,"Could you update my thesis supervisor's details on the portal, as they were assigned a couple of days ago but not reflected yet? Regards.",Thesis,Medium
PR-1588,"I need an official letter of recommendation urgently for a scholarship application closing tomorrow, and my department has not responded to my request from a couple of days ago.",Other,High
PR-1589,What is the recommended word count for a thesis final draft? Regards.,Thesis,Low
PR-1590,"I was declared eligible on the merit list for MPhil Software Engineering but my admission fee challan is not generating, and by Friday is the last date to pay and confirm my seat. Please look into this.",Admission,High
PR-1591,"Kindly note: My admission abroad will be cancelled by tomorrow morning unless my degree name matches my passport exactly, and the correction request has been pending for nearly two months despite the urgency I flagged.",Name Correction,Critical
PR-1592,"The paint on a corridor wall near the library is a little worn, just reporting it, not urgent at all. Please look into this.",Infrastructure / Maintenance,Low
PR-1593,"Dear concerned team, the examination portal has completely gone down while the final exam is currently being conducted live for hundreds of students, and no backup arrangement has been announced.",Examination,Critical
PR-1594,"I was declared eligible on the merit list for BS Economics but my admission fee challan is not generating, and tomorrow is the last date to pay and confirm my seat. Regards.",Admission,High
PR-1595,"Hi, my scholarship-covered fee challan is still showing unpaid even though the scholarship office confirmed disbursement over a week ago, and a late fee surcharge starts in two days. Kindly help.",Fee & Challan,High
PR-1596,"I am filing an urgent complaint that despite an official refund approval of Rs. 26,400 on record, the accounts office has still not released the funds, and I cannot pay today's non-negotiable admission deadline fee without it. Kindly help.",Complaint,Critical
PR-1597,Kindly note: How can I apply for degree collection once it's ready? Thank you.,Degree,Low
PR-1598,I need my final transcript urgently as I am applying for a Master's program abroad and the application portal closes by tomorrow morning. Thank you.,Transcript,High
PR-1599,"Despite paying all dues on time, I have faced continuous delays across multiple offices regarding my final clearance, now jeopardizing my job joining date tomorrow. Thank you.",Complaint,High
PR-1600,"Hi, i'd like to request re-generation of my degree fee challan as it was created under the wrong fee category.",Degree,Medium
